datetime,Upper Band,Lower Band,close,open,high,low,volume
2024-03-04 10:00:00,,,130745.0,130680.0,130770.0,130570.0,14346001.0
2024-03-04 10:05:00,,,130775.0,130720.0,130800.0,130710.0,13244558.5
2024-03-04 10:10:00,,,130725.0,130680.0,130815.0,130670.0,13545373.5
2024-03-04 10:15:00,,,130650.0,130680.0,130800.0,130630.0,14036767.5
2024-03-04 10:20:00,,,130455.0,130680.0,130690.0,130420.0,14518632.0
2024-03-04 10:25:00,,,130520.0,130570.0,130570.0,130410.0,14535437.5
2024-03-04 10:30:00,130745.88067290685,130555.54789852173,130685.0,130680.0,130700.0,130500.0,14195924.5
2024-03-04 10:35:00,130748.38858205562,130555.8971322301,130755.0,130680.0,130755.0,130645.0,14115298.5
2024-03-04 10:40:00,130725.90795923554,130551.23489790733,130680.0,130680.0,130825.0,130625.0,14251991.5
2024-03-04 10:45:00,130711.03220256987,130546.110654573,130655.0,130680.0,130715.0,130585.0,14608048.5
2024-03-04 10:50:00,130715.61861282047,130548.66710146524,130675.0,130680.0,130705.0,130575.0,13574271.5
2024-03-04 10:55:00,130711.79140280934,130593.92288290495,130600.0,130680.0,130715.0,130575.0,13978390.0
2024-03-04 11:00:00,130707.17622520178,130618.53806051251,130590.0,130630.0,130630.0,130525.0,13606737.5
2024-03-04 11:05:00,130715.51554000752,130518.7701742782,130365.0,130620.0,130620.0,130325.0,14180838.0
2024-03-04 11:10:00,130671.5255026674,130449.90306876118,130360.0,130500.0,130500.0,130345.0,14124256.0
2024-03-04 11:15:00,130631.2029524575,130403.0827618282,130375.0,130405.0,130405.0,130340.0,14106436.0
2024-03-04 11:20:00,130587.51029579357,130319.6325613493,130210.0,130385.0,130385.0,130150.0,14339835.5
2024-03-04 11:25:00,130514.95148551356,130235.04851448644,130125.0,130245.0,130245.0,130110.0,14045686.5
2024-03-04 11:30:00,130441.74937638929,130143.964909325,130025.0,130165.0,130165.0,129985.0,14596761.0
2024-03-04 11:35:00,130338.05762872616,130076.22808555955,129990.0,130040.0,130040.0,129950.0,14703357.5
2024-03-04 11:40:00,130285.43023459503,130005.99833683355,129935.0,130000.0,130005.0,129890.0,16217758.0
2024-03-04 11:45:00,130213.9653319435,129954.60609662792,129930.0,129955.0,129970.0,129880.0,14993712.0
2024-03-04 11:50:00,130106.6297460966,129921.94168247482,129885.0,129960.0,129965.0,129865.0,14252408.0
2024-03-04 11:55:00,130044.90964868983,129920.80463702446,129990.0,130015.0,130015.0,129885.0,14164711.5
2024-03-04 12:00:00,129997.19288159709,129922.80711840291,129965.0,129975.0,129985.0,129900.0,14228589.5
2024-03-04 12:05:00,129977.5854428601,129889.55741428277,129840.0,129965.0,129970.0,129815.0,14833610.5
2024-03-04 12:10:00,129961.62338019967,129846.94804837175,129785.0,129850.0,129860.0,129765.0,16097672.0
2024-03-04 12:15:00,129949.7627471595,129831.66582426908,129840.0,129855.0,129855.0,129780.0,13800683.5
2024-03-04 12:20:00,129936.43168825185,129817.85402603386,129835.0,129850.0,129850.0,129800.0,14034259.0
2024-03-04 12:25:00,129927.96516498551,129796.3205493002,129780.0,129820.0,129840.0,129740.0,14887571.0
2024-03-04 12:30:00,129886.56942485592,129789.14486085837,129820.0,129850.0,129850.0,129755.0,13694779.5
2024-03-04 12:35:00,129841.10412385307,129798.89587614693,129840.0,129875.0,129875.0,129795.0,14619087.0
2024-03-04 12:40:00,129841.10412385307,129798.89587614693,129840.0,129865.0,129870.0,129810.0,14166042.0
2024-03-04 12:45:00,129852.24700868566,129810.61013417147,129865.0,129870.0,129875.0,129790.0,13672988.5
2024-03-04 12:50:00,129862.61810351777,129811.66761076794,129880.0,129910.0,129915.0,129855.0,13988694.0
2024-03-04 12:55:00,129868.1934213791,129814.66372147803,129865.0,129895.0,129905.0,129830.0,14804618.5
2024-03-04 13:00:00,129893.21584412504,129833.92701301783,129935.0,129950.0,129950.0,129845.0,14237550.5
2024-03-04 13:05:00,129941.56451466739,129841.29262818974,130015.0,130015.0,130020.0,129925.0,15634999.0
2024-03-04 13:10:00,129991.65767371163,129855.48518343124,130065.0,130070.0,130070.0,129995.0,16020337.0
2024-03-04 13:15:00,130032.7293713097,129882.98491440459,130080.0,130085.0,130085.0,130020.0,16009965.5
2024-03-04 13:20:00,130067.40401781963,129914.02455360895,130095.0,130125.0,130125.0,130060.0,17040517.0
2024-03-04 13:25:00,130103.33316794448,129950.95254634123,130135.0,130140.0,130145.0,130090.0,14820246.5
2024-03-04 13:30:00,130124.86436149389,130009.42135279182,130145.0,130205.0,130205.0,130130.0,16375677.0
2024-03-04 13:35:00,130165.74234190615,130054.25765809385,130235.0,130250.0,130250.0,130130.0,15975919.0
2024-03-04 13:40:00,130192.20362609808,130086.36780247334,130220.0,130270.0,130270.0,130215.0,16331702.0
2024-03-04 13:45:00,130223.53272776231,130110.7529865234,130260.0,130280.0,130280.0,130195.0,15524488.0
2024-03-04 13:50:00,130235.96258719263,130138.32312709308,130220.0,130285.0,130285.0,130205.0,15642745.5
2024-03-04 13:55:00,130236.57909020748,130161.99233836394,130180.0,130245.0,130245.0,130165.0,16159499.0
2024-03-04 14:00:00,130236.78674665838,130160.35611048448,130130.0,130195.0,130200.0,130090.0,15277774.5
2024-03-04 14:05:00,130238.72001281784,130171.27998718216,130190.0,130220.0,130220.0,130135.0,15714290.0
2024-03-04 14:10:00,130232.04689074753,130167.95310925247,130200.0,130215.0,130215.0,130175.0,15128509.0
2024-03-04 14:15:00,130224.2595672825,130155.7404327175,130150.0,130205.0,130205.0,130110.0,15566647.0
2024-03-04 14:20:00,130199.4370478695,130143.42009498762,130130.0,130180.0,130180.0,130105.0,15786284.0
2024-03-04 14:25:00,130185.3108582805,130116.11771314808,130075.0,130135.0,130140.0,130045.0,14869361.0
2024-03-04 14:30:00,130176.85596381154,130083.14403618846,130035.0,130085.0,130085.0,130000.0,15551389.5
2024-03-04 14:35:00,130171.25698704191,130061.60015581522,130035.0,130055.0,130055.0,129995.0,13964503.5
2024-03-04 14:40:00,130148.1923602534,130020.37906831803,129965.0,130045.0,130050.0,129965.0,15185338.5
2024-03-04 14:45:00,130108.73215328403,129989.83927528739,129955.0,129990.0,129990.0,129935.0,15452437.0
2024-03-04 14:50:00,130076.73050834792,129978.98377736637,130000.0,129995.0,130000.0,129930.0,14894472.5
2024-03-04 14:55:00,130041.3914980758,129972.89421620991,129985.0,130045.0,130045.0,129965.0,14560294.5
2024-03-04 15:00:00,130019.19642448562,129969.3750040858,129985.0,130030.0,130035.0,129970.0,13923623.0
2024-03-04 15:05:00,130005.51429486915,129957.34284798798,129945.0,130005.0,130015.0,129945.0,14986911.5
2024-03-04 15:10:00,129987.22534945382,129941.3460791176,129915.0,129950.0,129965.0,129900.0,14514350.5
2024-03-04 15:15:00,129986.64701007595,129916.21013278118,129875.0,129910.0,129920.0,129865.0,14717025.0
2024-03-04 15:20:00,129983.60299088625,129912.11129482804,129930.0,129960.0,129965.0,129870.0,15875820.0
2024-03-04 15:25:00,129982.14810715674,129912.13760712897,129995.0,130005.0,130005.0,129920.0,14790486.5
2024-03-04 15:30:00,129993.92380828122,129911.79047743307,130025.0,130040.0,130040.0,129960.0,15808116.5
2024-03-04 15:35:00,130001.5210147443,129912.76469954141,130015.0,130055.0,130055.0,129995.0,14808767.5
2024-03-04 15:40:00,130014.38067553057,129919.90503875514,130015.0,130055.0,130055.0,129990.0,14822444.5
2024-03-04 15:45:00,130022.52587819306,129934.61697894981,129995.0,130020.0,130020.0,129960.0,14793237.5
2024-03-04 15:50:00,130022.20336250046,129972.08235178526,130005.0,130020.0,130020.0,129970.0,14611364.5
2024-03-04 15:55:00,130016.06286080295,129996.79428205418,129995.0,130020.0,130020.0,129950.0,14792866.0
2024-03-04 16:00:00,130016.06039026445,129995.36818116413,129990.0,130010.0,130010.0,129975.0,14754030.5
2024-03-04 16:05:00,130014.55586540984,129971.15842030445,129935.0,129985.0,129990.0,129925.0,14023299.0
2024-03-04 16:10:00,130007.64641760607,129953.78215382251,129930.0,129960.0,129960.0,129900.0,14045909.0
2024-03-04 16:15:00,129996.20321286791,129940.93964427496,129930.0,129955.0,129955.0,129875.0,14797151.0
2024-03-04 16:20:00,129988.09535564826,129934.76178720887,129945.0,129950.0,129950.0,129910.0,14839002.5
2024-03-04 16:25:00,129973.67845682813,129919.178686029,129900.0,129930.0,129940.0,129845.0,15913532.5
2024-03-04 16:30:00,129957.10699765862,129910.03585948425,129905.0,129920.0,129920.0,129865.0,14184134.0
2024-03-04 16:35:00,129973.50155523566,129905.06987333576,130030.0,130045.0,130045.0,129900.0,15880176.0
2024-03-04 16:40:00,129984.46632859782,129909.8193856879,129990.0,130035.0,130035.0,129955.0,14948868.5
2024-03-04 16:45:00,129986.83899265874,129913.16100734126,129950.0,129985.0,129995.0,129935.0,14736948.5
2024-03-04 16:50:00,130000.05879303077,129921.36977839781,130005.0,130005.0,130005.0,129940.0,16310519.0
2024-03-04 16:55:00,130001.8288892401,129923.88539647419,129960.0,130025.0,130025.0,129945.0,15729536.0
2024-03-04 17:00:00,130008.28248667883,129943.14608474975,129990.0,130030.0,130030.0,129950.0,15326922.0
2024-03-04 17:05:00,130009.88730479014,129967.25555235273,129995.0,130005.0,130005.0,129960.0,13856711.0
2024-03-04 17:10:00,129995.70144028233,129962.8699882891,129965.0,130000.0,130000.0,129955.0,16702054.0
2024-03-04 17:15:00,129992.78945703106,129945.78197154036,129920.0,129970.0,129975.0,129900.0,16553339.0
2024-03-04 17:20:00,129993.433372502,129930.85234178371,129900.0,129940.0,129940.0,129880.0,15589104.0
2024-03-04 17:25:00,129984.9770747998,129929.30863948591,129970.0,129990.0,129990.0,129895.0,15175880.5
2024-03-04 17:30:00,129981.12169084614,129917.44973772528,129905.0,129985.0,129985.0,129900.0,15399231.0
2024-03-04 17:35:00,129967.95264051938,129907.76164519491,129910.0,129930.0,129930.0,129845.0,17287611.5
2024-03-04 17:40:00,129949.28648337576,129903.57065948137,129915.0,129945.0,129945.0,129890.0,15538405.0
2024-03-04 17:45:00,129937.94158244372,129882.05841755628,129850.0,129920.0,129920.0,129820.0,14948164.0
2024-03-04 17:50:00,129933.97551534303,129877.45305608555,129890.0,129895.0,129895.0,129835.0,15195091.0
2024-03-04 17:55:00,129932.91535538096,129875.65607319046,129890.0,129905.0,129905.0,129855.0,13104369.5
2024-03-05 10:00:00,129908.35906430613,129870.21236426529,129865.0,129845.0,129960.0,129820.0,14210383.0
2024-03-05 10:05:00,129906.29187240335,129869.42241331094,129895.0,129840.0,129975.0,129840.0,13717289.5
2024-03-05 10:10:00,129914.05608817312,129868.80105468401,129935.0,129815.0,129970.0,129805.0,14054407.0
2024-03-05 10:15:00,129911.18943433245,129831.66770852468,129775.0,129740.0,130070.0,129725.0,15223874.5
2024-03-05 10:20:00,129923.9680738953,129840.3176403904,129925.0,129750.0,129950.0,129735.0,14191722.0
2024-03-05 10:25:00,129917.68643097783,129826.59928330788,129820.0,129825.0,129945.0,129815.0,14261393.5
2024-03-05 10:30:00,129937.8716792484,129829.27117789446,129970.0,129800.0,130010.0,129795.0,14240328.0
2024-03-05 10:35:00,129934.05940780332,129811.65487791097,129790.0,129790.0,129980.0,129775.0,15118706.5
2024-03-05 10:40:00,129922.94337744536,129775.62805112606,129730.0,129700.0,129800.0,129670.0,14830313.5
2024-03-05 10:45:00,129894.38425274177,129734.18717582965,129690.0,129700.0,129795.0,129685.0,14284012.5
2024-03-05 10:50:00,129899.62653204378,129741.8020393848,129820.0,129695.0,129855.0,129695.0,15324818.5
2024-03-05 10:55:00,129880.37315811621,129738.1982704552,129845.0,129770.0,129860.0,129770.0,14539640.0
2024-03-05 11:00:00,129907.76974070101,129745.08740215612,129940.0,129860.0,129990.0,129840.0,15381362.5
2024-03-05 11:05:00,129881.65767371163,129745.48518343124,129880.0,129830.0,129940.0,129825.0,14935237.0
2024-03-05 11:10:00,129893.35433818478,129755.21709038664,129865.0,129850.0,129935.0,129835.0,15988280.0
2024-03-05 11:15:00,129975.91421897469,129778.37149531102,130100.0,129880.0,130125.0,129870.0,15337145.5
2024-03-05 11:20:00,130041.15772387786,129840.27084755072,130135.0,130045.0,130160.0,130045.0,16133333.0
2024-03-05 11:25:00,130057.43202849595,129873.99654293263,129995.0,130005.0,130160.0,129980.0,15428969.5
2024-03-05 11:30:00,130061.86441255752,129896.7070160139,129940.0,129840.0,130020.0,129815.0,15422544.5
2024-03-05 11:35:00,130066.44692962096,129903.55307037904,129980.0,129895.0,130000.0,129870.0,14812638.0
2024-03-05 11:40:00,130066.6827018931,129893.3172981069,129845.0,129820.0,129995.0,129815.0,14507904.0
2024-03-05 11:45:00,130066.76228093429,129896.09486192284,129875.0,129850.0,129975.0,129830.0,14822242.0
2024-03-05 11:50:00,130029.35786752558,129874.92784676013,129895.0,129790.0,129900.0,129755.0,14774580.5
2024-03-05 11:55:00,129983.55035780792,129883.59249933495,130005.0,129840.0,130060.0,129805.0,15724771.5
2024-03-05 12:00:00,130136.96430251055,129843.03569748945,130390.0,129990.0,130520.0,129990.0,16379387.0
2024-03-05 12:05:00,130189.00312663044,129869.56830194098,130215.0,130215.0,130470.0,130215.0,16195419.0
2024-03-05 12:10:00,130229.13247479062,129895.15323949509,130210.0,130180.0,130285.0,130175.0,15432987.5
2024-03-05 12:15:00,130272.12469882672,129963.58958688757,130235.0,130200.0,130485.0,130195.0,15337418.0
2024-03-05 12:20:00,130289.60358145685,130031.82498997173,130175.0,130160.0,130265.0,130160.0,14544534.0
2024-03-05 12:25:00,130286.06530059398,130101.07755654889,130125.0,130075.0,130225.0,130075.0,14888136.0
2024-03-05 12:30:00,130285.25002149084,130153.32140708058,130185.0,130120.0,130225.0,130120.0,14346267.0
2024-03-05 12:35:00,130220.88052027648,130121.97662258065,130055.0,130020.0,130185.0,130010.0,14933778.0
2024-03-05 12:40:00,130252.72114576765,130120.13599708948,130320.0,130050.0,130330.0,130050.0,14918600.5
2024-03-05 12:45:00,130243.4287358576,130109.42840699953,130140.0,130135.0,130320.0,130135.0,14429723.5
2024-03-05 12:50:00,130236.96245990934,130107.32325437637,130205.0,130085.0,130205.0,130080.0,14562763.0
2024-03-05 12:55:00,130250.58000810955,130113.70570617616,130245.0,130210.0,130295.0,130200.0,14756434.5
2024-03-05 13:00:00,130251.19434650593,130115.94851063694,130135.0,130115.0,130250.0,130115.0,14551819.5
2024-03-05 13:05:00,130247.98172129113,130112.01827870887,130160.0,130120.0,130220.0,130120.0,14500475.5
2024-03-05 13:10:00,130246.61331484752,130129.10097086677,130110.0,130100.0,130180.0,130100.0,14914059.5
2024-03-05 13:15:00,130202.25954721394,130086.31188135748,130015.0,130020.0,130125.0,130010.0,14631610.0
2024-03-05 13:20:00,130199.10623470688,130036.60805100741,129955.0,129880.0,130020.0,129860.0,15734187.5
2024-03-05 13:25:00,130170.21333293087,129985.50095278342,129925.0,129910.0,129980.0,129905.0,14501680.0
2024-03-05 13:30:00,130115.53072042938,129968.75499385633,129995.0,129920.0,130015.0,129910.0,15440729.5
2024-03-05 13:35:00,130085.68135970579,129918.60435457992,129855.0,129860.0,130015.0,129855.0,15281648.0
2024-03-05 13:40:00,130048.14021740617,129803.28835402241,129625.0,129700.0,129900.0,129555.0,15493223.0
2024-03-05 13:45:00,129990.39284053342,129776.75001660945,129815.0,129700.0,129835.0,129585.0,15436167.5
2024-03-05 13:50:00,129949.15366910599,129749.41775946543,129775.0,129760.0,129845.0,129750.0,14965091.0
2024-03-05 13:55:00,129929.74025835888,129743.11688449825,129865.0,129775.0,129915.0,129750.0,15596230.0
2024-03-05 14:00:00,129917.7778059328,129739.36505121007,129870.0,129825.0,129915.0,129825.0,16324674.5
2024-03-05 14:05:00,129891.54035968307,129741.31678317406,129910.0,129875.0,129935.0,129855.0,14744283.5
2024-03-05 14:10:00,129916.43745905964,129744.99111236894,129955.0,129905.0,129980.0,129895.0,15150791.5
2024-03-05 14:15:00,129926.13380806253,129823.86619193747,129935.0,129915.0,129965.0,129905.0,14942647.5
2024-03-05 14:20:00,129966.02378325726,129842.54764531416,130020.0,129930.0,130040.0,129930.0,16247974.5
2024-03-05 14:25:00,129988.39284897262,129888.75000817025,130015.0,129985.0,130065.0,129980.0,14366957.5
2024-03-05 14:30:00,129994.89734159275,129909.38837269296,129960.0,129940.0,130035.0,129940.0,14714597.5
2024-03-05 14:35:00,129997.5468293124,129896.73888497331,129835.0,129840.0,129955.0,129825.0,15665031.5
2024-03-05 14:40:00,129997.53076174749,129869.61209539538,129815.0,129800.0,129845.0,129755.0,14836881.5
2024-03-05 14:45:00,129987.14283209841,129824.28573933017,129760.0,129750.0,129855.0,129745.0,14811252.5
2024-03-05 14:50:00,129971.92783113952,129783.78645457477,129740.0,129700.0,129785.0,129690.0,15645728.0
2024-03-05 14:55:00,129924.3787379538,129742.76411918907,129710.0,129700.0,129780.0,129670.0,15658997.5
2024-03-05 15:00:00,129860.87431253438,129720.5542588942,129715.0,129700.0,129755.0,129660.0,14268434.0
2024-03-05 15:05:00,129799.81566673852,129724.47004754719,129760.0,129700.0,129790.0,129690.0,15621688.5
2024-03-05 15:10:00,129777.75342149886,129722.24657850114,129750.0,129700.0,129770.0,129680.0,15229552.0
2024-03-05 15:15:00,129754.17157752486,129708.68556533227,129685.0,129700.0,129795.0,129660.0,15501499.5
2024-03-05 15:20:00,129757.06686054508,129708.64742516921,129770.0,129700.0,129775.0,129665.0,14243549.5
2024-03-05 15:25:00,129771.3765105462,129710.05206088239,129795.0,129755.0,129850.0,129750.0,15523726.5
2024-03-05 15:30:00,129794.39606786567,129719.88964642004,129825.0,129775.0,129875.0,129765.0,14904930.0
2024-03-05 15:35:00,129805.14655144872,129733.4248771227,129800.0,129765.0,129860.0,129760.0,16213824.5
2024-03-05 15:40:00,129804.11240919541,129731.60187651888,129750.0,129740.0,129820.0,129735.0,14834822.5
2024-03-05 15:45:00,129804.59886750084,129732.54398964203,129755.0,129755.0,129795.0,129740.0,14923184.5
2024-03-05 15:50:00,129804.76403970543,129762.37881743743,129790.0,129720.0,129825.0,129710.0,15676684.0
2024-03-05 15:55:00,129804.69325161782,129749.59246266789,129725.0,129715.0,129805.0,129705.0,15311613.0
2024-03-05 16:00:00,129807.36377002,129692.63622998,129605.0,129700.0,129725.0,129595.0,15401436.5
2024-03-05 16:05:00,129783.02816599331,129655.54326257811,129610.0,129630.0,129640.0,129540.0,15291645.0
2024-03-05 16:10:00,129764.362907208,129649.92280707772,129715.0,129700.0,129720.0,129595.0,15015250.5
2024-03-05 16:15:00,129763.2745658927,129649.58257696443,129745.0,129720.0,129780.0,129710.0,15517812.0
2024-03-05 16:20:00,129758.92296959517,129648.2198875477,129735.0,129720.0,129780.0,129710.0,15114346.0
2024-03-05 16:25:00,129754.45952563766,129648.39761721947,129775.0,129725.0,129775.0,129715.0,14777786.0
2024-03-05 16:30:00,129744.20623752565,129632.93661961722,129635.0,129700.0,129795.0,129630.0,16068723.0
2024-03-05 16:35:00,129744.29345493297,129631.42083078132,129600.0,129650.0,129650.0,129560.0,15474419.0
2024-03-05 16:40:00,129746.90408796597,129608.81019774832,129540.0,129610.0,129610.0,129500.0,14950948.0
2024-03-05 16:45:00,129739.71154696142,129523.14559589571,129390.0,129565.0,129565.0,129385.0,16677514.5
2024-03-05 16:50:00,129703.03264384529,129445.53878472613,129345.0,129415.0,129420.0,129270.0,16013847.0
2024-03-05 16:55:00,129651.0248713654,129406.11798577747,129415.0,129475.0,129475.0,129345.0,16075251.5
2024-03-05 17:00:00,129569.87275907253,129394.41295521318,129450.0,129475.0,129475.0,129375.0,15324028.0
2024-03-05 17:05:00,129527.47091888617,129388.24336682812,129465.0,129490.0,129490.0,129410.0,15378338.5
2024-03-05 17:10:00,129481.06979927728,129383.21591500843,129420.0,129510.0,129510.0,129370.0,15350728.0
2024-03-05 17:15:00,129447.95740337048,129384.89973948665,129430.0,129450.0,129450.0,129400.0,16566671.5
2024-03-05 17:20:00,129461.41025143444,129394.30403427985,129470.0,129500.0,129500.0,129390.0,15052787.0
2024-03-05 17:25:00,129463.31250899636,129426.68749100364,129465.0,129545.0,129550.0,129440.0,16367976.0
2024-03-05 17:30:00,129481.99541627515,129435.14744086772,129510.0,129510.0,129515.0,129425.0,16144671.5
2024-03-05 17:35:00,129485.80530353187,129438.48041075384,129475.0,129540.0,129545.0,129465.0,16901009.5
2024-03-05 17:40:00,129513.49622020064,129437.93235122794,129560.0,129590.0,129590.0,129450.0,15402569.0
2024-03-05 17:45:00,129548.71390481708,129454.14323804005,129600.0,129610.0,129615.0,129535.0,15055412.0
2024-03-05 17:50:00,129581.55604842385,129477.01538014757,129625.0,129660.0,129660.0,129560.0,15735932.0
2024-03-05 17:55:00,129610.27899111623,129496.86386602664,129640.0,129660.0,129660.0,129590.0,14155554.0
2024-03-07 10:00:00,129858.09329659151,129461.90670340849,130210.0,130285.0,130285.0,130185.0,13896133.5
2024-03-07 10:05:00,130031.32446006288,129508.67553993712,130280.0,130315.0,130320.0,130170.0,13766558.5
2024-03-07 10:10:00,130167.88978741333,129607.82449830096,130300.0,130335.0,130355.0,130175.0,13213470.0
2024-03-07 10:15:00,130310.86240679992,129717.7090217715,130445.0,130455.0,130470.0,130235.0,14729305.0
2024-03-07 10:20:00,130430.2039948354,129855.51029087888,130500.0,130540.0,130540.0,130410.0,13857183.5
2024-03-07 10:25:00,130491.1762040368,130027.39522453462,130440.0,130530.0,130530.0,130415.0,13777561.5
2024-03-07 10:30:00,130479.0106014846,130289.56082708683,130515.0,130535.0,130535.0,130360.0,14651128.5
2024-03-07 10:35:00,130477.22270282473,130317.06301146098,130300.0,130520.0,130520.0,130270.0,14498189.5
2024-03-07 10:40:00,130481.60593052731,130342.6797837584,130385.0,130440.0,130440.0,130280.0,14744664.5
2024-03-07 10:45:00,130486.8533509871,130311.71807758432,130210.0,130380.0,130385.0,130195.0,14488529.5
2024-03-07 10:50:00,130468.05094014501,130257.66334556928,130190.0,130295.0,130295.0,130150.0,14167850.0
2024-03-07 10:55:00,130422.60060062674,130200.25654223039,130140.0,130240.0,130240.0,130110.0,14527527.0
2024-03-07 11:00:00,130379.75598504518,130137.38687209769,130070.0,130185.0,130185.0,130040.0,14819253.0
2024-03-07 11:05:00,130290.89562397994,130069.10437602006,129965.0,130095.0,130095.0,129960.0,14863415.0
2024-03-07 11:10:00,130250.24520761729,130015.469078097,129970.0,130035.0,130035.0,129880.0,15582622.5
2024-03-07 11:15:00,130159.05056062464,129986.66372508965,129965.0,130020.0,130020.0,129940.0,14767113.0
2024-03-07 11:20:00,130113.00239417587,129952.71189153842,129930.0,130010.0,130010.0,129905.0,15502947.0
2024-03-07 11:25:00,130061.74693130811,129943.96735440618,129980.0,130020.0,130020.0,129825.0,15031979.5
2024-03-07 11:30:00,130010.09282199093,129934.19289229478,129925.0,130020.0,130020.0,129915.0,15049795.5
2024-03-07 11:35:00,130003.74177606519,129823.40108107768,129660.0,129955.0,129955.0,129635.0,15316242.5
2024-03-07 11:40:00,129991.72451686363,129719.70405456495,129560.0,129690.0,129705.0,129530.0,16589297.0
2024-03-07 11:45:00,129950.95544012493,129654.75884558936,129600.0,129595.0,129605.0,129475.0,16373228.0
2024-03-07 11:50:00,129896.61463043581,129597.6710838499,129575.0,129635.0,129645.0,129555.0,15006936.0
2024-03-07 11:55:00,129837.79173829206,129553.63683313652,129570.0,129590.0,129620.0,129515.0,15431372.0
2024-03-07 12:00:00,129738.22484662173,129518.91801052114,129510.0,129605.0,129605.0,129495.0,16040903.0
2024-03-07 12:05:00,129610.92667549236,129523.35903879335,129495.0,129520.0,129530.0,129425.0,15459935.5
2024-03-07 12:10:00,129610.92667549236,129523.35903879335,129660.0,129670.0,129685.0,129485.0,15409785.0
2024-03-07 12:15:00,129624.60200520827,129529.68370907744,129630.0,129665.0,129675.0,129575.0,14324944.5
2024-03-07 12:20:00,129628.82739586208,129531.17260413792,129620.0,129655.0,129660.0,129575.0,14465129.5
2024-03-07 12:25:00,129637.70252335275,129536.58319093296,129625.0,129660.0,129660.0,129595.0,15348366.5
2024-03-07 12:30:00,129644.33057111503,129542.81228602784,129615.0,129635.0,129635.0,129555.0,15435831.5
2024-03-07 12:35:00,129683.87058258952,129568.98656026761,129740.0,129730.0,129740.0,129600.0,14716505.5
2024-03-07 12:40:00,129697.69323924877,129618.02104646552,129715.0,129730.0,129735.0,129660.0,15499676.0
2024-03-07 12:45:00,129716.1656351313,129622.40579344012,129740.0,129745.0,129755.0,129680.0,15397719.0
2024-03-07 12:50:00,129718.11217634783,129627.60210936646,129655.0,129710.0,129740.0,129655.0,15473546.5
2024-03-07 12:55:00,129731.15961681708,129644.55466889721,129725.0,129725.0,129735.0,129590.0,15144159.5
2024-03-07 13:00:00,129733.95206291914,129658.90507993799,129685.0,129770.0,129770.0,129655.0,15980727.5
2024-03-07 13:05:00,129733.19501756689,129683.94783957598,129700.0,129730.0,129735.0,129650.0,16146613.0
2024-03-07 13:10:00,129733.19501756689,129683.94783957598,129740.0,129750.0,129750.0,129695.0,16358628.5
2024-03-07 13:15:00,129738.52744522691,129685.7582690588,129740.0,129800.0,129800.0,129715.0,16673501.0
2024-03-07 13:20:00,129731.67507814604,129682.61063613967,129705.0,129765.0,129765.0,129685.0,14504413.0
2024-03-07 13:25:00,129732.54896320301,129678.87960822557,129645.0,129705.0,129710.0,129625.0,15573509.5
2024-03-07 13:30:00,129733.28449310004,129628.14407832854,129550.0,129640.0,129645.0,129515.0,16429689.5
2024-03-07 13:35:00,129726.84592036843,129596.0112224887,129550.0,129625.0,129625.0,129505.0,16077693.5
2024-03-07 13:40:00,129720.51067296343,129592.3464698937,129665.0,129670.0,129680.0,129530.0,16057295.5
2024-03-07 13:45:00,129703.14326408753,129588.28530734105,129665.0,129710.0,129710.0,129635.0,16209184.5
2024-03-07 13:50:00,129685.34786334919,129587.50927950794,129675.0,129725.0,129725.0,129640.0,15535893.0
2024-03-07 13:55:00,129664.29246464136,129577.13610678722,129595.0,129695.0,129695.0,129575.0,16529661.0
2024-03-07 14:00:00,129655.0007493523,129546.42782207628,129505.0,129620.0,129625.0,129450.0,17086278.5
2024-03-07 14:05:00,129654.48807046824,129542.65478667463,129535.0,129575.0,129575.0,129495.0,15972393.0
2024-03-07 14:10:00,129655.43337237359,129545.99519905499,129565.0,129590.0,129610.0,129520.0,16118159.5
2024-03-07 14:15:00,129634.9481614267,129530.76612428759,129540.0,129575.0,129580.0,129500.0,17306076.0
2024-03-07 14:20:00,129626.2979542346,129530.84490290827,129635.0,129625.0,129640.0,129540.0,16482788.5
2024-03-07 14:25:00,129604.67151400143,129532.47134314144,129605.0,129640.0,129660.0,129580.0,16396982.5
2024-03-07 14:30:00,129619.78287362226,129533.07426923487,129650.0,129660.0,129660.0,129560.0,17796694.0
2024-03-07 14:35:00,129624.77938387064,129553.79204470078,129595.0,129650.0,129660.0,129580.0,17667447.0
2024-03-07 14:40:00,129628.31517371123,129533.11339771734,129475.0,129595.0,129610.0,129450.0,17485266.5
2024-03-07 14:45:00,129624.90414186615,129516.52442956243,129495.0,129545.0,129545.0,129370.0,16520201.5
2024-03-07 14:50:00,129628.82986384002,129522.59870758856,129575.0,129590.0,129600.0,129480.0,17100545.5
2024-03-07 14:55:00,129617.81100610492,129519.33185103795,129585.0,129615.0,129620.0,129560.0,16432542.5
2024-03-07 15:00:00,129609.71228387525,129514.57343041046,129560.0,129600.0,129605.0,129530.0,16091925.0
2024-03-07 15:05:00,129590.87608082475,129514.83820488954,129585.0,129605.0,129610.0,129535.0,16132195.5
2024-03-07 15:10:00,129620.19345038694,129511.23512104164,129685.0,129680.0,129690.0,129585.0,16295124.5
2024-03-07 15:15:00,129658.1119137008,129540.45951487061,129710.0,129730.0,129730.0,129650.0,15991354.5
2024-03-07 15:20:00,129691.78363910282,129575.35921804004,129735.0,129800.0,129800.0,129705.0,15958891.0
2024-03-07 15:25:00,129731.02579361711,129594.68849209718,129780.0,129780.0,129780.0,129705.0,15673126.0
2024-03-07 15:30:00,129753.99202564154,129620.29368864417,129755.0,129815.0,129815.0,129740.0,16014333.0
2024-03-07 15:35:00,129774.24367554918,129664.32775302224,129785.0,129790.0,129790.0,129715.0,15634446.5
2024-03-07 15:40:00,129771.52597581307,129714.18830990122,129750.0,129790.0,129790.0,129700.0,17734786.0
2024-03-07 15:45:00,129770.68920236586,129727.88222620556,129730.0,129770.0,129770.0,129715.0,16502992.0
2024-03-07 15:50:00,129771.0175905859,129737.55383798551,129745.0,129780.0,129780.0,129725.0,17113524.5
2024-03-07 15:55:00,129771.0175905859,129737.55383798551,129735.0,129785.0,129785.0,129700.0,15867799.0
2024-03-07 16:00:00,129766.97931730286,129708.73496841143,129665.0,129740.0,129740.0,129650.0,17197095.5
2024-03-07 16:05:00,129763.29403137056,129673.84882577231,129620.0,129670.0,129670.0,129580.0,17863454.5
2024-03-07 16:10:00,129741.97895353453,129662.30676075118,129670.0,129675.0,129680.0,129615.0,15868670.5
2024-03-07 16:15:00,129726.58052089934,129650.56233624353,129655.0,129695.0,129695.0,129610.0,14999951.5
2024-03-07 16:20:00,129712.82445910257,129627.17554089743,129600.0,129650.0,129665.0,129580.0,15761151.5
2024-03-07 16:25:00,129687.29666240349,129608.4176233108,129590.0,129650.0,129655.0,129570.0,15670403.5
2024-03-07 16:30:00,129665.9172887065,129611.22556843636,129670.0,129670.0,129685.0,129575.0,15814341.0
2024-03-07 16:35:00,129671.33694501071,129611.52019784642,129685.0,129700.0,129700.0,129635.0,16181943.0
2024-03-07 16:40:00,129678.4798021536,129618.66305498927,129670.0,129715.0,129715.0,129645.0,14965389.5
2024-03-07 16:45:00,129672.15869006868,129613.55559564561,129630.0,129700.0,129700.0,129625.0,16013815.5
2024-03-07 16:50:00,129672.15869006868,129613.55559564561,129655.0,129725.0,129725.0,129610.0,16453833.0
2024-03-07 16:55:00,129673.92886970725,129623.21398743562,129640.0,129660.0,129665.0,129590.0,15075988.0
2024-03-07 17:00:00,129671.94784076301,129632.3378735227,129615.0,129640.0,129640.0,129570.0,16796754.0
2024-03-07 17:05:00,129665.6892023655,129622.88222620593,129615.0,129620.0,129620.0,129550.0,16393846.5
2024-03-07 17:10:00,129651.82111360617,129618.17888639383,129620.0,129635.0,129635.0,129590.0,16861957.5
2024-03-07 17:15:00,129640.82871825801,129617.74271031341,129630.0,129650.0,129650.0,129605.0,16683012.5
2024-03-07 17:20:00,129640.0326906485,129607.11016649437,129590.0,129635.0,129640.0,129570.0,16835975.5
2024-03-07 17:25:00,129629.3195335182,129603.53760933893,129605.0,129635.0,129640.0,129575.0,15902016.0
2024-03-07 17:30:00,129622.08307286407,129602.20264142164,129610.0,129625.0,129625.0,129590.0,16097399.0
2024-03-07 17:35:00,129628.74960798312,129602.67896344546,129640.0,129645.0,129645.0,129600.0,18314632.0
2024-03-07 17:40:00,129650.20069487326,129601.22787655532,129685.0,129725.0,129725.0,129640.0,16677776.0
2024-03-07 17:45:00,129673.49103870102,129603.65181844185,129710.0,129710.0,129710.0,129665.0,13227999.0
2024-03-07 17:50:00,129712.64734564227,129605.92408292915,129775.0,129785.0,129785.0,129690.0,15750454.0
2024-03-07 17:55:00,129736.67969988838,129629.03458582591,129755.0,129780.0,129780.0,129730.0,17451681.5
2024-03-08 10:00:00,130066.874597955,128651.69683061642,127340.0,127375.0,127395.0,127275.0,13230924.0
2024-03-08 10:05:00,129957.23502000279,128094.1935514258,127275.0,127400.0,127400.0,127275.0,13370746.5
2024-03-08 10:10:00,129720.27288878801,127641.15568264057,127225.0,127400.0,127405.0,127195.0,13203500.5
2024-03-08 10:15:00,129378.38092622746,127253.04764520112,127130.0,127280.0,127290.0,127115.0,14004817.5
2024-03-08 10:20:00,128949.56370852707,127013.29343433006,127370.0,127415.0,127415.0,127120.0,14232978.5
2024-03-08 10:25:00,128399.67929317363,126921.74927825495,127530.0,127500.0,127675.0,127120.0,12786762.0
2024-03-08 10:30:00,127531.24905750115,127211.60808535598,127730.0,127500.0,127965.0,127100.0,12689474.5
2024-03-08 10:35:00,127702.10024624469,127222.18546804102,127975.0,127650.0,128040.0,127650.0,13363253.5
2024-03-08 10:40:00,127806.8881184667,127290.25473867617,127880.0,127865.0,128085.0,127865.0,13579110.0
2024-03-08 10:45:00,127875.89232515787,127392.67910341355,127825.0,127795.0,127985.0,127780.0,14948842.0
2024-03-08 10:50:00,127924.26149818214,127571.45278753215,127925.0,127810.0,127970.0,127795.0,14400489.0
2024-03-08 10:55:00,127919.96835142489,127682.88879143224,127745.0,127745.0,127970.0,127740.0,13972239.5
2024-03-08 11:00:00,127909.72243055278,127757.42042659009,127755.0,127715.0,127925.0,127715.0,14047856.5
2024-03-08 11:05:00,127909.83289944513,127761.59567198345,127745.0,127690.0,127820.0,127690.0,13812043.5
2024-03-08 11:10:00,127862.09085692657,127742.19485735914,127740.0,127695.0,127850.0,127690.0,14604270.5
2024-03-08 11:15:00,127864.93858541166,127742.20427173121,127890.0,127705.0,127945.0,127705.0,13919185.0
2024-03-08 11:20:00,127879.47074848639,127746.2435372279,127890.0,127770.0,127890.0,127765.0,13792368.0
2024-03-08 11:25:00,127841.98776303875,127726.58366553267,127725.0,127665.0,127900.0,127665.0,14322657.5
2024-03-08 11:30:00,127874.31324269615,127741.40104301814,127910.0,127635.0,127945.0,127635.0,15643709.0
2024-03-08 11:35:00,127874.97141393705,127743.60001463437,127765.0,127735.0,127985.0,127730.0,15216401.5
2024-03-08 11:40:00,127874.49958574676,127739.78612853895,127730.0,127700.0,127790.0,127700.0,13963127.5
2024-03-08 11:45:00,127910.09639636579,127762.76074649135,127945.0,127725.0,128050.0,127720.0,14430639.5
2024-03-08 11:50:00,127895.85066541121,127752.7207631602,127805.0,127720.0,127970.0,127720.0,14576631.0
2024-03-08 11:55:00,127897.06007193768,127752.93992806232,127895.0,127725.0,127915.0,127720.0,14212047.0
2024-03-08 12:00:00,127965.49705130934,127781.64580583353,128065.0,127895.0,128115.0,127890.0,14875626.5
2024-03-08 12:05:00,128035.6708141141,127782.90061445732,128160.0,128035.0,128210.0,128035.0,15360494.5
2024-03-08 12:10:00,128176.04949360038,127819.66479211391,128385.0,128130.0,128410.0,128125.0,15463874.5
2024-03-08 12:15:00,128282.38191502551,127907.61808497449,128410.0,128365.0,128525.0,128355.0,15438827.5
2024-03-08 12:20:00,128381.19617242127,127961.66097043586,128480.0,128395.0,128480.0,128385.0,16335711.5
2024-03-08 12:25:00,128455.14277357339,128086.28579785519,128500.0,128420.0,128540.0,128420.0,15791516.0
2024-03-08 12:30:00,128497.14919691187,128218.56508880242,128505.0,128430.0,128530.0,128430.0,14891233.5
2024-03-08 12:35:00,128530.88207766895,128323.40363661676,128550.0,128495.0,128585.0,128490.0,14653496.0
2024-03-08 12:40:00,128557.97976836645,128429.16308877642,128625.0,128545.0,128705.0,128540.0,17594148.0
2024-03-08 12:45:00,128617.16195225283,128461.40947631859,128705.0,128545.0,128745.0,128540.0,15472639.5
2024-03-08 12:50:00,128656.61421540967,128504.8143560189,128700.0,128635.0,128750.0,128635.0,15959017.5
2024-03-08 12:55:00,128674.05236544303,128535.94763455697,128650.0,128625.0,128765.0,128620.0,15868725.0
2024-03-08 13:00:00,128673.91783527868,128541.7964504356,128520.0,128520.0,128660.0,128510.0,15915889.0
2024-03-08 13:05:00,128674.92687997725,128532.21597716562,128475.0,128470.0,128565.0,128450.0,15061062.5
2024-03-08 13:10:00,128673.25144721879,128509.60569563834,128465.0,128390.0,128485.0,128385.0,16606015.0
2024-03-08 13:15:00,128657.09478537524,128468.61950033905,128425.0,128395.0,128515.0,128395.0,15362797.5
2024-03-08 13:20:00,128609.55168088316,128427.59117625971,128395.0,128375.0,128460.0,128370.0,15410121.5
2024-03-08 13:25:00,128547.95219640732,128373.47637502126,128295.0,128310.0,128465.0,128295.0,15110056.5
2024-03-08 13:30:00,128479.26580414824,128345.01991013747,128310.0,128245.0,128350.0,128245.0,16242275.0
2024-03-08 13:35:00,128454.86165275845,128342.28120438442,128425.0,128270.0,128440.0,128265.0,14631719.5
2024-03-08 13:40:00,128465.53339521783,128341.60946192504,128510.0,128395.0,128555.0,128390.0,15040763.5
2024-03-08 13:45:00,128465.53339521783,128341.60946192504,128465.0,128470.0,128565.0,128465.0,14985159.5
2024-03-08 13:50:00,128456.5399985518,128330.60285859107,128355.0,128340.0,128520.0,128335.0,13779338.0
2024-03-08 13:55:00,128451.43487331049,128322.85084097522,128350.0,128330.0,128410.0,128325.0,13285567.0
2024-03-08 14:00:00,128462.67223353148,128350.18490932565,128430.0,128335.0,128485.0,128325.0,13907818.0
2024-03-08 14:05:00,128462.92832866694,128368.50024276164,128375.0,128335.0,128460.0,128335.0,13200915.0
2024-03-08 14:10:00,128477.29896757231,128372.70103242769,128490.0,128340.0,128490.0,128325.0,13496573.0
2024-03-08 14:15:00,128456.986118836,128370.15673830688,128430.0,128390.0,128510.0,128380.0,13486924.0
2024-03-08 14:20:00,128462.64919799444,128370.20794486269,128485.0,128405.0,128525.0,128405.0,13475481.0
2024-03-08 14:25:00,128567.62034342308,128370.95108514834,128725.0,128485.0,128730.0,128480.0,16683831.0
2024-03-08 14:30:00,128636.54913178536,128409.16515392893,128725.0,128700.0,128880.0,128700.0,15391158.5
2024-03-08 14:35:00,128684.71273904359,128442.43011809928,128715.0,128645.0,128755.0,128635.0,16290802.0
2024-03-08 14:40:00,128713.00111730653,128502.71316840776,128685.0,128625.0,128775.0,128620.0,16316884.0
2024-03-08 14:45:00,128743.6353317156,128540.65038257011,128730.0,128620.0,128735.0,128620.0,15417849.5
2024-03-08 14:50:00,128738.53920740598,128585.74650687973,128570.0,128565.0,128780.0,128560.0,16714575.0
2024-03-08 14:55:00,128740.61768050567,128577.95374806575,128465.0,128430.0,128585.0,128420.0,16064006.5
2024-03-08 15:00:00,128716.97584707261,128535.88129578452,128495.0,128380.0,128505.0,128375.0,16258549.0
2024-03-08 15:05:00,128687.48095251886,128516.80476176685,128555.0,128455.0,128600.0,128450.0,15524116.0
2024-03-08 15:10:00,128652.29640386759,128496.27502470383,128520.0,128515.0,128605.0,128510.0,16532742.0
2024-03-08 15:15:00,128631.15184798013,128493.13386630558,128600.0,128520.0,128665.0,128515.0,15948948.0
2024-03-08 15:20:00,128613.68811864046,128497.74045278812,128685.0,128625.0,128795.0,128600.0,15882948.0
2024-03-08 15:25:00,128658.66140321163,128499.91002535979,128735.0,128700.0,128795.0,128680.0,17123361.5
2024-03-08 15:30:00,128697.74045031553,128537.97383539876,128735.0,128690.0,128800.0,128685.0,15461791.0
2024-03-08 15:35:00,128709.96473145908,128574.32098282663,128665.0,128555.0,128745.0,128555.0,15502002.5
2024-03-08 15:40:00,128709.93447103795,128571.49410039063,128545.0,128545.0,128665.0,128545.0,15007896.5
2024-03-08 15:45:00,128709.1346446039,128580.8653553961,128550.0,128520.0,128650.0,128520.0,17013144.0
2024-03-08 15:50:00,128707.26444343783,128561.30698513359,128525.0,128495.0,128590.0,128495.0,15284312.5
2024-03-08 15:55:00,128688.13420045983,128523.29437096875,128485.0,128475.0,128560.0,128470.0,15550730.5
2024-03-08 16:00:00,128648.95860573975,128509.61282283167,128550.0,128500.0,128585.0,128485.0,16917017.5
2024-03-08 16:05:00,128593.57945454052,128504.9919740309,128525.0,128495.0,128560.0,128490.0,16541733.5
2024-03-08 16:10:00,128555.85436210592,128514.14563789408,128565.0,128470.0,128585.0,128470.0,16309705.5
2024-03-08 16:15:00,128563.34033929219,128515.23108927923,128575.0,128520.0,128625.0,128515.0,15429405.5
2024-03-08 16:20:00,128580.05550129789,128515.6587844164,128610.0,128565.0,128645.0,128565.0,14700881.5
2024-03-08 16:25:00,128633.0448042023,128516.9551957977,128715.0,128615.0,128745.0,128615.0,15198733.5
2024-03-08 16:30:00,128661.53192208773,128547.03950648369,128690.0,128670.0,128750.0,128665.0,14452857.5
2024-03-08 16:35:00,128695.87941119767,128565.5491602309,128735.0,128695.0,128775.0,128685.0,15757000.5
2024-03-08 16:40:00,128737.00311047117,128600.1397466717,128790.0,128700.0,128815.0,128700.0,15347846.5
2024-03-08 16:45:00,128740.72039974797,128623.56531453774,128660.0,128660.0,128790.0,128660.0,15212305.0
2024-03-08 16:50:00,128740.72039974797,128623.56531453774,128575.0,128560.0,128670.0,128560.0,15381462.0
2024-03-08 16:55:00,128746.29135303735,128582.28007553407,128485.0,128465.0,128595.0,128460.0,15692081.5
2024-03-08 17:00:00,128727.5034785709,128525.35366428623,128450.0,128440.0,128535.0,128440.0,15149597.0
2024-03-08 17:05:00,128704.62368305463,128451.09060265966,128350.0,128350.0,128485.0,128345.0,16529952.5
2024-03-08 17:10:00,128652.25576794165,128384.88708920122,128320.0,128245.0,128375.0,128240.0,15833175.0
2024-03-08 17:15:00,128557.87170617757,128317.84257953672,128225.0,128200.0,128335.0,128195.0,16288590.5
2024-03-08 17:20:00,128481.5540983956,128264.16018731869,128205.0,128205.0,128315.0,128200.0,15671940.0
2024-03-08 17:25:00,128414.62305862884,128193.94836994258,128095.0,128075.0,128255.0,128075.0,15675112.5
2024-03-08 17:30:00,128353.75415328043,128151.96013243386,128125.0,128080.0,128180.0,128080.0,14824217.5
2024-03-08 17:35:00,128288.93265719435,128139.63877137707,128180.0,128100.0,128245.0,128100.0,14368663.0
2024-03-08 17:40:00,128252.16909427915,128136.40233429227,128210.0,128180.0,128315.0,128180.0,14184996.0
2024-03-08 17:45:00,128250.32517260406,128136.81768453881,128315.0,128195.0,128325.0,128195.0,13172113.5
2024-03-08 17:50:00,128269.24950818445,128139.32192038697,128300.0,128255.0,128345.0,128250.0,14382853.0
2024-03-08 17:55:00,128324.91149138051,128143.65993719091,128415.0,128295.0,128475.0,128295.0,14173013.5
2024-03-11 10:00:00,128412.56445190654,127838.86411952204,127335.0,127370.0,127375.0,127265.0,14718135.5
2024-03-11 10:05:00,128381.2452087441,127670.18336268447,127425.0,127440.0,127450.0,127305.0,15513026.0
2024-03-11 10:10:00,128310.03247758909,127539.96752241091,127475.0,127555.0,127565.0,127375.0,14037321.0
2024-03-11 10:15:00,128208.7252485233,127416.98903719099,127425.0,127570.0,127575.0,127400.0,14380453.5
2024-03-11 10:20:00,128047.30075537604,127301.27067319538,127345.0,127495.0,127505.0,127295.0,13963046.0
2024-03-11 10:25:00,127854.0110470411,127243.13181010177,127420.0,127450.0,127450.0,127245.0,14302057.0
2024-03-11 10:30:00,127463.04428772366,127369.81285513347,127490.0,127625.0,127625.0,127335.0,14721203.0
2024-03-11 10:35:00,127504.05265921161,127394.51876935981,127565.0,127560.0,127580.0,127380.0,14581798.0
2024-03-11 10:40:00,127529.95185512616,127405.76243058813,127555.0,127575.0,127580.0,127435.0,14803280.5
2024-03-11 10:45:00,127546.7423869801,127411.82904159132,127555.0,127550.0,127565.0,127390.0,13982627.5
2024-03-11 10:50:00,127573.06162223499,127431.22409205072,127585.0,127620.0,127630.0,127400.0,13849809.0
2024-03-11 10:55:00,127574.16704167434,127484.40438689708,127535.0,127695.0,127725.0,127515.0,14855463.0
2024-03-11 11:00:00,127568.77212343333,127519.79930513809,127525.0,127635.0,127655.0,127475.0,14567980.5
2024-03-11 11:05:00,127608.2349006157,127531.7650993843,127670.0,127675.0,127700.0,127460.0,14761080.0
2024-03-11 11:10:00,127631.7763966666,127536.79503190483,127665.0,127695.0,127705.0,127585.0,14156011.0
2024-03-11 11:15:00,127697.66495658715,127540.90647198427,127800.0,127690.0,127810.0,127655.0,14867742.0
2024-03-11 11:20:00,127704.38753613448,127554.18389243694,127625.0,127695.0,127815.0,127590.0,14188040.0
2024-03-11 11:25:00,127757.86975112316,127570.70167744826,127830.0,127695.0,127845.0,127575.0,14788767.0
2024-03-11 11:30:00,127941.98893758586,127582.29677669985,128220.0,127800.0,128235.0,127800.0,15767950.5
2024-03-11 11:35:00,128000.3007955401,127659.6992044599,128000.0,127980.0,128240.0,127980.0,15139707.5
2024-03-11 11:40:00,128068.0386090959,127714.81853376124,128100.0,127950.0,128165.0,127950.0,14255924.5
2024-03-11 11:45:00,128135.82702337333,127789.88726234096,128165.0,128005.0,128215.0,127995.0,14948413.5
2024-03-11 11:50:00,128146.87070233717,127818.84358337712,127940.0,127900.0,128175.0,127900.0,14874178.5
2024-03-11 11:55:00,128162.12022278357,127945.0226343593,128120.0,127945.0,128135.0,127940.0,13894702.5
2024-03-11 12:00:00,128158.1381376709,127969.00471947197,127900.0,127890.0,128125.0,127880.0,14371572.0
2024-03-11 12:05:00,128107.17931503225,127907.10639925346,127825.0,127800.0,127935.0,127780.0,14576536.5
2024-03-11 12:10:00,128097.7049796211,127846.5807346646,127755.0,127735.0,127845.0,127715.0,14401292.5
2024-03-11 12:15:00,128054.12102775626,127780.16468652945,127715.0,127765.0,127805.0,127715.0,14361333.0
2024-03-11 12:20:00,127969.15930715103,127732.26926427755,127700.0,127695.0,127755.0,127665.0,14252209.5
2024-03-11 12:25:00,127936.30721222342,127679.40707349087,127640.0,127645.0,127730.0,127605.0,15549084.0
2024-03-11 12:30:00,127815.85125592229,127669.863029792,127665.0,127695.0,127745.0,127585.0,15473387.0
2024-03-11 12:35:00,127765.20540669732,127669.08030758839,127720.0,127695.0,127740.0,127655.0,14072080.5
2024-03-11 12:40:00,127728.39207574002,127668.75078140285,127695.0,127695.0,127745.0,127670.0,14890857.5
2024-03-11 12:45:00,127725.07104155059,127669.21467273512,127745.0,127705.0,127770.0,127655.0,13640559.5
2024-03-11 12:50:00,127749.24431376826,127667.89854337461,127795.0,127750.0,127810.0,127700.0,14244458.0
2024-03-11 12:55:00,127755.83260192984,127672.73882664158,127740.0,127760.0,127845.0,127735.0,14838078.5
2024-03-11 13:00:00,127755.4619828658,127685.96658856278,127685.0,127695.0,127780.0,127680.0,14689865.0
2024-03-11 13:05:00,127755.79814986621,127682.77327870521,127655.0,127695.0,127750.0,127655.0,14954040.0
2024-03-11 13:10:00,127757.369947986,127684.05862344259,127730.0,127695.0,127750.0,127620.0,14888046.5
2024-03-11 13:15:00,127756.4234253061,127679.29086040819,127675.0,127695.0,127765.0,127675.0,13500006.5
2024-03-11 13:20:00,127752.543434877,127677.456565123,127725.0,127695.0,127750.0,127675.0,14623323.5
2024-03-11 13:25:00,127729.92205895638,127678.64936961504,127720.0,127695.0,127740.0,127665.0,13971068.0
2024-03-11 13:30:00,127739.59768147857,127677.5451756643,127770.0,127740.0,127780.0,127705.0,15966690.5
2024-03-11 13:35:00,127753.79761938592,127686.20238061408,127765.0,127745.0,127785.0,127730.0,14986081.5
2024-03-11 13:40:00,127758.22933955117,127707.48494616312,127745.0,127750.0,127795.0,127735.0,15882547.5
2024-03-11 13:45:00,127770.42176113825,127711.00681029033,127785.0,127725.0,127795.0,127720.0,15624054.0
2024-03-11 13:50:00,127769.64977800277,127731.77879342581,127745.0,127770.0,127825.0,127730.0,16011109.0
2024-03-11 13:55:00,127772.26745230844,127716.30397626298,127680.0,127695.0,127745.0,127655.0,16551814.0
2024-03-11 14:00:00,127801.51589219592,127722.76982208979,127845.0,127695.0,127845.0,127685.0,15192714.0
2024-03-11 14:05:00,127847.24239555073,127721.3290330207,127925.0,127835.0,127945.0,127835.0,14924222.0
2024-03-11 14:10:00,127869.17330857001,127732.25526285857,127880.0,127820.0,127950.0,127820.0,14681585.5
2024-03-11 14:15:00,127904.89425716191,127752.24859998096,127940.0,127870.0,127970.0,127865.0,14109513.0
2024-03-11 14:20:00,127918.09208211323,127766.19363217248,127880.0,127870.0,127960.0,127865.0,14734603.5
2024-03-11 14:25:00,127924.47632645792,127788.3808163992,127845.0,127830.0,127970.0,127825.0,16179040.0
2024-03-11 14:30:00,127914.79205513488,127822.35080200799,127765.0,127745.0,127870.0,127735.0,15236070.0
2024-03-11 14:35:00,127914.85316240252,127788.00398045461,127725.0,127715.0,127785.0,127700.0,15877671.0
2024-03-11 14:40:00,127892.29640386577,127736.27502470565,127665.0,127695.0,127740.0,127640.0,15564916.5
2024-03-11 14:45:00,127868.87443065937,127698.2684264835,127665.0,127695.0,127720.0,127630.0,17529237.0
2024-03-11 14:50:00,127815.51653601698,127674.48346398302,127670.0,127695.0,127700.0,127610.0,14577849.0
2024-03-11 14:55:00,127770.341452309,127662.51569054813,127680.0,127695.0,127715.0,127650.0,15678749.0
2024-03-11 15:00:00,127723.47980214527,127663.6630549976,127685.0,127695.0,127745.0,127645.0,15412025.5
2024-03-11 15:05:00,127696.3702879366,127655.05828349198,127640.0,127680.0,127695.0,127615.0,16824378.5
2024-03-11 15:10:00,127679.423348925,127640.576651075,127615.0,127675.0,127675.0,127560.0,15122448.0
2024-03-11 15:15:00,127676.17334893608,127632.39807963534,127625.0,127680.0,127685.0,127590.0,15175245.5
2024-03-11 15:20:00,127674.43478748266,127631.27949823163,127655.0,127665.0,127670.0,127595.0,16107511.5
2024-03-11 15:25:00,127668.46956623567,127624.38757662146,127625.0,127650.0,127660.0,127540.0,15976564.0
2024-03-11 15:30:00,127658.97551533327,127602.45305609531,127570.0,127650.0,127650.0,127535.0,15235202.5
2024-03-11 15:35:00,127641.74735169686,127599.68121973172,127615.0,127645.0,127650.0,127545.0,15734057.0
2024-03-11 15:40:00,127662.93389046357,127597.06610953643,127705.0,127695.0,127715.0,127600.0,16225676.0
2024-03-11 15:45:00,127690.14395078036,127602.71319207677,127730.0,127715.0,127770.0,127700.0,15008544.0
2024-03-11 15:50:00,127697.28680792324,127609.85604921963,127675.0,127695.0,127770.0,127655.0,16333534.5
2024-03-11 15:55:00,127718.05770428975,127614.79943856738,127745.0,127695.0,127760.0,127675.0,14942914.0
2024-03-11 16:00:00,127757.1491590227,127628.5651266916,127810.0,127740.0,127815.0,127735.0,15051373.0
2024-03-11 16:05:00,127808.10779852152,127667.60648719277,127885.0,127780.0,127900.0,127780.0,16694333.5
2024-03-11 16:10:00,127850.15168493589,127708.41974363553,127905.0,127820.0,127925.0,127820.0,15179892.0
2024-03-11 16:15:00,127902.01919859288,127732.26651569283,127970.0,127900.0,128010.0,127895.0,15495901.0
2024-03-11 16:20:00,127954.26605550075,127761.44823021354,128015.0,127965.0,128070.0,127965.0,15079680.5
2024-03-11 16:25:00,127978.63873451171,127824.21840834542,127980.0,127960.0,128055.0,127960.0,14747190.5
2024-03-11 16:30:00,127979.19598375807,127869.37544481335,127905.0,127865.0,128020.0,127865.0,14867670.0
2024-03-11 16:35:00,128010.89754491372,127763.38816937199,127550.0,127695.0,127910.0,127540.0,17132164.0
2024-03-11 16:40:00,127998.05594600864,127687.65833970565,127575.0,127695.0,127720.0,127435.0,16187523.0
2024-03-11 16:45:00,127969.22874040554,127589.34268816588,127460.0,127600.0,127600.0,127425.0,15466787.5
2024-03-11 16:50:00,127906.26887190406,127529.44541381023,127540.0,127525.0,127540.0,127305.0,16028075.5
2024-03-11 16:55:00,127810.79694852338,127484.91733719091,127525.0,127650.0,127655.0,127480.0,14718721.0
2024-03-11 17:00:00,127695.58558626703,127457.2715565901,127480.0,127570.0,127570.0,127445.0,14281034.0
2024-03-11 17:05:00,127552.54255095063,127456.02887762079,127400.0,127490.0,127495.0,127380.0,15458578.5
2024-03-11 17:10:00,127538.38791446372,127415.89779982199,127360.0,127430.0,127430.0,127355.0,15235435.0
2024-03-11 17:15:00,127508.52492447343,127405.76078981228,127435.0,127455.0,127455.0,127345.0,14280606.0
2024-03-11 17:20:00,127502.02652786013,127379.40204356845,127345.0,127440.0,127445.0,127340.0,14227940.5
2024-03-11 17:25:00,127486.58225821535,127379.13202749894,127485.0,127485.0,127490.0,127345.0,14191858.0
2024-03-11 17:30:00,127468.41104080336,127378.73181633951,127460.0,127515.0,127520.0,127430.0,13830588.5
2024-03-11 17:35:00,127462.08392269637,127377.91607730363,127455.0,127470.0,127470.0,127425.0,14376285.5
2024-03-11 17:40:00,127472.62274728202,127385.9486812894,127465.0,127480.0,127480.0,127440.0,15052666.5
2024-03-11 17:45:00,127506.76103149148,127407.52468279423,127555.0,127565.0,127565.0,127450.0,14729760.0
2024-03-11 17:50:00,127532.3180800276,127417.6819199724,127560.0,127590.0,127590.0,127520.0,14667438.5
2024-03-11 17:55:00,127546.90775315634,127465.94938970079,127565.0,127600.0,127600.0,127555.0,11851238.0
2024-03-12 10:00:00,127887.07335271142,127374.35521871716,128355.0,128255.0,128580.0,128240.0,14229136.0
2024-03-12 10:05:00,128107.45115446346,127429.69170267941,128425.0,128265.0,128500.0,128250.0,14453629.5
2024-03-12 10:10:00,128276.84296060957,127538.87132510472,128430.0,128290.0,128485.0,128285.0,14122071.0
2024-03-12 10:15:00,128404.05070525543,127684.52072331599,128420.0,128290.0,128485.0,128280.0,13982914.0
2024-03-12 10:20:00,128587.08597217558,127847.19974211013,128765.0,128420.0,128780.0,128420.0,14673115.5
2024-03-12 10:25:00,128633.88720089062,128050.39851339509,128435.0,128415.0,128780.0,128405.0,13959684.0
2024-03-12 10:30:00,128566.28806827922,128302.2833602922,128210.0,128165.0,128575.0,128155.0,15061233.0
2024-03-12 10:35:00,128563.6975061751,128232.01677953919,128100.0,128065.0,128325.0,128060.0,15525600.0
2024-03-12 10:40:00,128542.94907587778,128198.4794955508,128235.0,128115.0,128375.0,128070.0,13903925.5
2024-03-12 10:45:00,128522.48667808721,128177.51332191279,128285.0,128150.0,128300.0,128135.0,13848001.0
2024-03-12 10:50:00,128491.76847470905,128133.94581100524,128160.0,128125.0,128340.0,128115.0,13746309.5
2024-03-12 10:55:00,128311.13370081081,128121.72344204632,128090.0,128040.0,128245.0,128040.0,14135583.5
2024-03-12 11:00:00,128235.23581315692,128123.3356154145,128175.0,128065.0,128320.0,128055.0,15308051.5
2024-03-12 11:05:00,128224.16586112032,128078.69128173681,128015.0,128005.0,128225.0,128000.0,13672217.0
2024-03-12 11:10:00,128229.15959168262,128012.26897974596,127885.0,127870.0,128030.0,127805.0,14082468.0
2024-03-12 11:15:00,128196.77970757638,127993.22029242362,128055.0,127875.0,128100.0,127870.0,13803190.5
2024-03-12 11:20:00,128145.54572116732,127990.16856454697,128095.0,128010.0,128205.0,128010.0,13103263.0
2024-03-12 11:25:00,128134.5609941065,127988.29614875063,128115.0,128075.0,128165.0,128075.0,14452003.5
2024-03-12 11:30:00,128157.0238926487,127992.9761073513,128185.0,128040.0,128200.0,128035.0,13540722.0
2024-03-12 11:35:00,128173.14778113388,127992.5665045804,128230.0,128150.0,128240.0,128150.0,14859291.0
2024-03-12 11:40:00,128213.86223832384,128017.56633310474,128245.0,128220.0,128425.0,128215.0,13819830.5
2024-03-12 11:45:00,128235.02713670747,128104.97286329253,128265.0,128145.0,128295.0,128145.0,13526584.5
2024-03-12 11:50:00,128253.35203961185,128143.79081753101,128255.0,128210.0,128360.0,128210.0,13585195.0
2024-03-12 11:55:00,128256.13951100262,128173.86048899738,128210.0,128200.0,128310.0,128200.0,13440472.0
2024-03-12 12:00:00,128251.9559269715,128208.0440730285,128220.0,128175.0,128285.0,128175.0,14477814.5
2024-03-12 12:05:00,128305.3554476676,128211.78740947526,128385.0,128220.0,128395.0,128220.0,13882038.0
2024-03-12 12:10:00,128381.52387598946,128212.76183829625,128500.0,128360.0,128565.0,128360.0,13779789.5
2024-03-12 12:15:00,128412.65314806755,128233.06113764674,128425.0,128385.0,128570.0,128385.0,14697690.5
2024-03-12 12:20:00,128426.98128565788,128250.16157148499,128375.0,128260.0,128420.0,128260.0,14501034.5
2024-03-12 12:25:00,128450.1850192679,128276.95783787497,128430.0,128330.0,128440.0,128330.0,13171838.5
2024-03-12 12:30:00,128503.58059962257,128327.84797180601,128575.0,128415.0,128595.0,128415.0,13685567.0
2024-03-12 12:35:00,128543.11634308875,128398.31222833983,128605.0,128485.0,128660.0,128485.0,14051829.5
2024-03-12 12:40:00,128569.0708335402,128426.64345217409,128575.0,128465.0,128630.0,128465.0,14039274.5
2024-03-12 12:45:00,128580.0608240001,128432.79631885703,128560.0,128515.0,128650.0,128515.0,13746426.0
2024-03-12 12:50:00,128624.4173302131,128459.86838407262,128675.0,128555.0,128685.0,128555.0,13556103.5
2024-03-12 12:55:00,128658.36776321392,128518.77509392895,128700.0,128670.0,128720.0,128660.0,13551643.5
2024-03-12 13:00:00,128662.62274728545,128575.94868128597,128645.0,128635.0,128740.0,128630.0,13884148.5
2024-03-12 13:05:00,128674.21788542814,128590.06782885757,128665.0,128590.0,128700.0,128590.0,13495667.5
2024-03-12 13:10:00,128702.80335414199,128600.05378871514,128740.0,128645.0,128755.0,128645.0,13835811.0
2024-03-12 13:15:00,128723.02871989374,128625.54270867768,128735.0,128685.0,128750.0,128685.0,14005210.5
2024-03-12 13:20:00,128718.45925062656,128660.11217794486,128665.0,128660.0,128750.0,128660.0,13179180.0
2024-03-12 13:25:00,128725.68516379852,128665.74340763006,128720.0,128660.0,128740.0,128660.0,13655976.5
2024-03-12 13:30:00,128738.49103869755,128668.65181844532,128755.0,128715.0,128785.0,128715.0,13698134.5
2024-03-12 13:35:00,128767.63128386294,128686.65443042277,128810.0,128730.0,128835.0,128730.0,13805464.5
2024-03-12 13:40:00,128806.9723737112,128704.45619771737,128865.0,128830.0,128960.0,128810.0,14424082.0
2024-03-12 13:45:00,128836.80471786842,128713.19528213158,128875.0,128770.0,128905.0,128765.0,12998796.0
2024-03-12 13:50:00,128856.23079892219,128728.05491536352,128855.0,128830.0,128900.0,128815.0,13169884.5
2024-03-12 13:55:00,128863.99083255079,128770.29488173492,128840.0,128805.0,128885.0,128800.0,13722700.5
2024-03-12 14:00:00,128862.23008138925,128780.62706146788,128750.0,128720.0,128880.0,128715.0,14321930.0
2024-03-12 14:05:00,128862.23008138925,128780.62706146788,128755.0,128685.0,128775.0,128680.0,14211562.0
2024-03-12 14:10:00,128864.94019129984,128783.63123727158,128830.0,128750.0,128840.0,128745.0,14012168.0
2024-03-12 14:15:00,128861.44929525768,128782.83641902803,128850.0,128800.0,128900.0,128800.0,14236698.5
2024-03-12 14:20:00,128844.17430098959,128758.68284186754,128730.0,128720.0,128850.0,128715.0,13984343.5
2024-03-12 14:25:00,128826.32657403145,128736.53056882568,128715.0,128685.0,128770.0,128685.0,13515261.5
2024-03-12 14:30:00,128810.71914015089,128730.70943127769,128765.0,128675.0,128785.0,128675.0,13053819.5
2024-03-12 14:35:00,128827.58544285723,128739.55741428563,128840.0,128735.0,128840.0,128735.0,12981375.0
2024-03-12 14:40:00,128835.74679403179,128748.53892025392,128815.0,128785.0,128860.0,128785.0,13228961.0
2024-03-12 14:45:00,128827.99347203481,128744.86367082232,128790.0,128760.0,128840.0,128760.0,13472648.5
2024-03-12 14:50:00,128812.37192135274,128741.91379293297,128785.0,128710.0,128795.0,128710.0,14766770.5
2024-03-12 14:55:00,128826.69612984748,128757.58958443823,128835.0,128765.0,128895.0,128765.0,14470384.0
2024-03-12 15:00:00,128850.53943586623,128783.74627841948,128890.0,128780.0,128895.0,128780.0,14505922.0
2024-03-12 15:05:00,128943.29515525766,128780.99055902805,129080.0,128890.0,129105.0,128890.0,15840012.5
2024-03-12 15:10:00,129023.81344781072,128789.0436950464,129150.0,129065.0,129190.0,129055.0,15599225.5
2024-03-12 15:15:00,129074.83801827091,128822.30483887196,129110.0,129095.0,129180.0,129090.0,14862672.5
2024-03-12 15:20:00,129148.21260762234,128874.6445352348,129230.0,129100.0,129255.0,129100.0,14363540.0
2024-03-12 15:25:00,129214.90768893094,128950.80659678335,129285.0,129195.0,129290.0,129195.0,15224420.5
2024-03-12 15:30:00,129245.02287772797,129034.97712227203,129235.0,129205.0,129325.0,129205.0,16275499.5
2024-03-12 15:35:00,129254.3640169607,129129.92169732501,129255.0,129190.0,129265.0,129190.0,14563383.0
2024-03-12 15:40:00,129253.31001710842,129142.40426860587,129120.0,129095.0,129260.0,129090.0,15565084.5
2024-03-12 15:45:00,129256.09237459247,129149.62191112182,129185.0,129080.0,129200.0,129080.0,15390948.0
2024-03-12 15:50:00,129260.76193799362,129176.38091914925,129220.0,129160.0,129270.0,129155.0,14070070.0
2024-03-12 15:55:00,129254.26838366145,129165.73161633855,129170.0,129175.0,129290.0,129170.0,14913219.0
2024-03-12 16:00:00,129240.25074302578,129165.4635426885,129235.0,129150.0,129250.0,129145.0,14366735.5
2024-03-12 16:05:00,129230.58225014737,129157.98917842405,129175.0,129165.0,129240.0,129160.0,14779694.0
2024-03-12 16:10:00,129213.72743060105,129154.84399797037,129185.0,129165.0,129240.0,129165.0,13255806.5
2024-03-12 16:15:00,129211.8659854738,129170.99115738332,129170.0,129135.0,129205.0,129125.0,16533648.0
2024-03-12 16:20:00,129211.37028794587,129170.05828348271,129180.0,129170.0,129210.0,129165.0,15980367.0
2024-03-12 16:25:00,129226.8881043307,129167.397609955,129265.0,129180.0,129275.0,129180.0,16348065.0
2024-03-12 16:30:00,129227.15869006669,129168.5555956476,129175.0,129165.0,129265.0,129165.0,15982727.0
2024-03-12 16:35:00,129216.58052089765,129140.56233624522,129100.0,129085.0,129190.0,129080.0,15833149.5
2024-03-12 16:40:00,129214.60752911874,129108.24961373839,129055.0,129045.0,129150.0,129045.0,16291411.0
2024-03-12 16:45:00,129207.26930449778,129055.58783835935,128975.0,128965.0,129085.0,128960.0,16887659.0
2024-03-12 16:50:00,129195.88584463092,129045.54272679766,129095.0,128930.0,129100.0,128925.0,16185758.0
2024-03-12 16:55:00,129174.39603305403,129007.03253837455,128970.0,128965.0,129190.0,128965.0,15596148.0
2024-03-12 17:00:00,129112.08577526665,128980.77136759048,128955.0,128920.0,129035.0,128920.0,14095936.5
2024-03-12 17:05:00,129067.1540940423,128961.41733452912,128950.0,128925.0,128965.0,128925.0,15692905.5
2024-03-12 17:10:00,129045.92667549061,128958.3590387951,129015.0,128945.0,129075.0,128940.0,15016614.0
2024-03-12 17:15:00,129028.72252400692,128929.8489045645,128895.0,128880.0,129025.0,128880.0,15447627.5
2024-03-12 17:20:00,129023.57217792221,128914.99925064921,128905.0,128880.0,128925.0,128880.0,15430096.5
2024-03-12 17:25:00,128977.13486331378,128894.2937081148,128860.0,128850.0,128915.0,128850.0,16419664.5
2024-03-12 17:30:00,128965.70629188517,128882.86513668625,128890.0,128860.0,128905.0,128855.0,13829577.5
2024-03-12 17:35:00,128955.5795954803,128872.99183309112,128885.0,128870.0,128950.0,128870.0,15029773.0
2024-03-12 17:40:00,128954.43709909555,128872.70575804732,128945.0,128875.0,128970.0,128875.0,14502537.5
2024-03-12 17:45:00,128935.26662030163,128877.5905225555,128965.0,128940.0,129025.0,128935.0,13477959.5
2024-03-12 17:50:00,128949.6566213457,128883.20052151143,128965.0,128915.0,128990.0,128915.0,12598575.5
2024-03-12 17:55:00,128954.07722678116,128887.35134464742,128935.0,128925.0,128975.0,128925.0,11477459.0
2024-03-13 10:00:00,128980.1713005173,128798.40012805413,128640.0,128690.0,128695.0,128550.0,14738799.0
2024-03-13 10:05:00,128970.1665039051,128776.97635323777,128780.0,128820.0,128825.0,128590.0,13740644.5
2024-03-13 10:10:00,128957.30972315726,128721.26170541416,128645.0,128780.0,128785.0,128565.0,13341116.5
2024-03-13 10:15:00,128923.97552608418,128693.16733105869,128730.0,128855.0,128875.0,128640.0,13986132.0
2024-03-13 10:20:00,128899.94801288904,128690.05198711096,128870.0,128875.0,128880.0,128675.0,13390765.0
2024-03-13 10:25:00,128942.74727717166,128682.96700854263,129090.0,128940.0,129105.0,128850.0,14174494.5
2024-03-13 10:30:00,128999.70831096554,128681.72026046304,129130.0,128940.0,129145.0,128800.0,15230936.5
2024-03-13 10:35:00,129103.12092338284,128746.87907661716,129230.0,129010.0,129230.0,129010.0,15055775.5
2024-03-13 10:40:00,129144.11013917699,128793.03271796588,129085.0,129050.0,129385.0,129050.0,15018929.0
2024-03-13 10:45:00,129211.20488154794,128904.50940416635,129270.0,129035.0,129330.0,129035.0,14678563.5
2024-03-13 10:50:00,129304.25935707912,129017.16921434946,129450.0,129260.0,129450.0,129245.0,14475453.0
2024-03-13 10:55:00,129360.23577702374,129119.76422297626,129425.0,129375.0,129470.0,129365.0,14262401.5
2024-03-13 11:00:00,129397.35282738847,129168.36145832582,129390.0,129320.0,129430.0,129320.0,13894925.0
2024-03-13 11:05:00,129443.67941303196,129219.17772982517,129470.0,129370.0,129485.0,129355.0,13716279.0
2024-03-13 11:10:00,129459.78011441683,129245.93417129746,129380.0,129375.0,129510.0,129365.0,14575138.5
2024-03-13 11:15:00,129443.66759623136,129313.47526091151,129265.0,129230.0,129380.0,129225.0,14378128.0
2024-03-13 11:20:00,129443.37091255204,129328.05765887654,129320.0,129240.0,129345.0,129240.0,14402774.0
2024-03-13 11:25:00,129421.69623125246,129302.58948303325,129285.0,129215.0,129340.0,129215.0,14479475.0
2024-03-13 11:30:00,129400.56699613159,129268.00443243983,129230.0,129210.0,129315.0,129200.0,13559880.5
2024-03-13 11:35:00,129391.49381739767,129264.22046831662,129345.0,129200.0,129350.0,129190.0,14851986.5
2024-03-13 11:40:00,129349.37293853356,129267.76991860931,129335.0,129280.0,129430.0,129275.0,14604371.0
2024-03-13 11:45:00,129325.16526265451,129254.83473734549,129250.0,129215.0,129365.0,129205.0,14403062.0
2024-03-13 11:50:00,129326.13724144007,129229.57704427422,129180.0,129170.0,129315.0,129165.0,13830575.5
2024-03-13 11:55:00,129317.41378094388,129168.3005047704,129075.0,129065.0,129200.0,129065.0,15263843.5
2024-03-13 12:00:00,129308.10682953037,129161.89317046963,129230.0,129065.0,129230.0,129065.0,14332835.0
2024-03-13 12:05:00,129305.09639636739,129157.76074648974,129205.0,129170.0,129245.0,129160.0,14327718.0
2024-03-13 12:10:00,129272.87526449488,129148.5533069337,129200.0,129155.0,129230.0,129150.0,14353136.5
2024-03-13 12:15:00,129244.04672278516,129150.23899150055,129240.0,129210.0,129265.0,129190.0,14228091.5
2024-03-13 12:20:00,129235.02392402146,129147.83321883567,129210.0,129195.0,129245.0,129185.0,14601315.0
2024-03-13 12:25:00,129265.74234190458,129154.25765809542,129310.0,129180.0,129325.0,129170.0,13920529.0
2024-03-13 12:30:00,129258.60268736319,129192.82588406539,129185.0,129175.0,129305.0,129175.0,14086266.0
2024-03-13 12:35:00,129254.08618141744,129183.05667572543,129180.0,129165.0,129235.0,129155.0,12738952.0
2024-03-13 12:40:00,129255.91146360367,129185.51710782491,129220.0,129175.0,129240.0,129175.0,13631131.5
2024-03-13 12:45:00,129254.48655775243,129174.08487081899,129155.0,129110.0,129220.0,129105.0,14181459.5
2024-03-13 12:50:00,129249.92538913227,129171.5031822963,129215.0,129140.0,129225.0,129140.0,13344292.0
2024-03-13 12:55:00,129282.62989841693,129174.51295872594,129335.0,129240.0,129360.0,129205.0,15022278.0
2024-03-13 13:00:00,129295.51243568117,129173.05899289025,129350.0,129285.0,129400.0,129280.0,14951340.0
2024-03-13 13:05:00,129307.6738900228,129188.0403956915,129280.0,129280.0,129375.0,129280.0,14705616.0
2024-03-13 13:10:00,129320.23581315932,129208.3356154121,129295.0,129245.0,129325.0,129240.0,13756721.0
2024-03-13 13:15:00,129322.21250671691,129213.50177899738,129245.0,129250.0,129345.0,129235.0,14391684.5
2024-03-13 13:20:00,129319.55689263686,129236.15739307743,129225.0,129190.0,129260.0,129185.0,14705852.5
2024-03-13 13:25:00,129319.88514635502,129244.40056793069,129245.0,129215.0,129275.0,129210.0,13634493.5
2024-03-13 13:30:00,129302.74057589947,129220.11656695766,129190.0,129155.0,129250.0,129150.0,14780197.5
2024-03-13 13:35:00,129274.5024004692,129219.78331381652,129250.0,129190.0,129255.0,129190.0,14046929.0
2024-03-13 13:40:00,129266.44929525892,129187.83641902679,129140.0,129130.0,129250.0,129125.0,14482989.5
2024-03-13 13:45:00,129245.26601593364,129181.87684120923,129200.0,129145.0,129225.0,129135.0,14506968.0
2024-03-13 13:50:00,129234.48822098968,129165.51177901032,129150.0,129115.0,129205.0,129115.0,14090364.0
2024-03-13 13:55:00,129225.1806143099,129150.5336714044,129140.0,129105.0,129185.0,129105.0,14619363.5
2024-03-13 14:00:00,129210.87384443855,129147.69758413287,129185.0,129085.0,129300.0,129085.0,14132004.0
2024-03-13 14:05:00,129217.42437230721,129149.71848483566,129220.0,129125.0,129235.0,129125.0,14519112.5
2024-03-13 14:10:00,129220.97545875458,129149.02454124542,129260.0,129180.0,129280.0,129180.0,13052622.0
2024-03-13 14:15:00,129246.64586250769,129163.35413749231,129280.0,129220.0,129305.0,129220.0,14257164.0
2024-03-13 14:20:00,129335.05592159854,129153.51550697288,129475.0,129270.0,129525.0,129265.0,15113133.5
2024-03-13 14:25:00,129429.92233401434,129178.64909455708,129570.0,129485.0,129610.0,129480.0,16246309.5
2024-03-13 14:30:00,129506.08343093548,129232.48799763594,129595.0,129565.0,129645.0,129560.0,15292730.0
2024-03-13 14:35:00,129570.37760977524,129293.90810451047,129625.0,129515.0,129635.0,129515.0,14161447.0
2024-03-13 14:40:00,129612.07670096197,129363.63758475232,129610.0,129580.0,129685.0,129580.0,15335704.0
2024-03-13 14:45:00,129642.19195320286,129440.66518965428,129635.0,129610.0,129720.0,129605.0,15402836.0
2024-03-13 14:50:00,129651.20400725561,129547.36742131581,129685.0,129615.0,129710.0,129615.0,14769215.5
2024-03-13 14:55:00,129670.29936731761,129593.9863469681,129705.0,129670.0,129740.0,129670.0,15590947.0
2024-03-13 15:00:00,129672.87419801336,129609.98294484377,129635.0,129620.0,129740.0,129620.0,15366044.5
2024-03-13 15:05:00,129673.09779462937,129615.47363394205,129615.0,129605.0,129665.0,129605.0,15569683.5
2024-03-13 15:10:00,129672.26923525245,129604.87362189042,129585.0,129570.0,129630.0,129570.0,16355183.0
2024-03-13 15:15:00,129678.05195162768,129563.3766198009,129485.0,129470.0,129605.0,129470.0,16298563.0
2024-03-13 15:20:00,129670.49567189235,129518.07575667907,129450.0,129435.0,129485.0,129430.0,16040298.5
2024-03-13 15:25:00,129640.43008852999,129473.85562575572,129425.0,129410.0,129480.0,129405.0,17396681.5
2024-03-13 15:30:00,129590.53742695555,129450.89114447303,129450.0,129380.0,129470.0,129380.0,17835207.5
2024-03-13 15:35:00,129553.59979079905,129434.97163777237,129450.0,129425.0,129490.0,129425.0,15792779.0
2024-03-13 15:40:00,129511.34355210517,129422.94216218054,129425.0,129410.0,129505.0,129405.0,16000071.0
2024-03-13 15:45:00,129465.15600203037,129406.2725693982,129365.0,129365.0,129435.0,129355.0,15591520.5
2024-03-13 15:50:00,129449.73537424229,129383.12176861484,129350.0,129340.0,129390.0,129335.0,16157549.0
2024-03-13 15:55:00,129439.241561064,129356.47272465029,129320.0,129315.0,129410.0,129310.0,16661467.0
2024-03-13 16:00:00,129428.81541982,129339.75600875141,129330.0,129285.0,129350.0,129285.0,17057610.0
2024-03-13 16:05:00,129407.48822950094,129311.08319907048,129275.0,129235.0,129335.0,129235.0,15537942.0
2024-03-13 16:10:00,129376.31576171775,129297.96995256796,129295.0,129265.0,129315.0,129260.0,17182310.5
2024-03-13 16:15:00,129344.04238419063,129291.67190152366,129290.0,129285.0,129345.0,129285.0,16965533.5
2024-03-13 16:20:00,129327.8906362442,129282.1093637558,129275.0,129255.0,129365.0,129255.0,16059534.0
2024-03-13 16:25:00,129325.74784438475,129222.82358418667,129135.0,129050.0,129330.0,129050.0,16733998.0
2024-03-13 16:30:00,129313.45683481463,129215.11459375679,129250.0,129130.0,129260.0,129130.0,17005887.0
2024-03-13 16:35:00,129294.03101796324,129205.96898203676,129230.0,129195.0,129280.0,129195.0,15986377.0
2024-03-13 16:40:00,129283.99083255179,129190.29488173392,129185.0,129160.0,129240.0,129160.0,15865384.5
2024-03-13 16:45:00,129281.34816685793,129190.08040457065,129285.0,129155.0,129330.0,129155.0,17048889.0
2024-03-13 16:50:00,129294.83395660798,129189.45175767773,129335.0,129215.0,129350.0,129215.0,16998838.0
2024-03-13 16:55:00,129324.14860747785,129190.13710680786,129380.0,129335.0,129420.0,129325.0,17931798.0
2024-03-13 17:00:00,129342.5957313942,129231.6899828915,129345.0,129335.0,129435.0,129335.0,15992188.5
2024-03-13 17:05:00,129349.02384139424,129240.97615860576,129305.0,129280.0,129365.0,129275.0,14754756.5
2024-03-13 17:10:00,129349.43466782702,129244.85104645869,129245.0,129240.0,129330.0,129240.0,16094971.5
2024-03-13 17:15:00,129359.18448605134,129285.10122823437,129360.0,129235.0,129390.0,129235.0,16114796.0
2024-03-13 17:20:00,129369.96064973758,129297.18220740529,129365.0,129315.0,129435.0,129315.0,17156858.0
2024-03-13 17:25:00,129373.38927915052,129299.46786370661,129355.0,129315.0,129385.0,129315.0,18302574.5
2024-03-13 17:30:00,129362.2692352515,129294.87362189137,129325.0,129280.0,129355.0,129280.0,15504670.0
2024-03-13 17:35:00,129357.64865535374,129290.92277321768,129315.0,129300.0,129355.0,129300.0,15569933.5
2024-03-13 17:40:00,129366.23816152707,129298.04755275864,129360.0,129325.0,129360.0,129315.0,16024231.0
2024-03-13 17:45:00,129368.21156395429,129333.21700747429,129375.0,129335.0,129380.0,129335.0,16026996.5
2024-03-13 17:50:00,129371.71340680709,129334.0008789072,129375.0,129355.0,129390.0,129355.0,15252679.5
2024-03-13 17:55:00,129368.45502094078,129331.54497905922,129345.0,129295.0,129385.0,129295.0,12638252.0
2024-03-14 10:00:00,129365.34564252669,129324.65435747331,129320.0,129300.0,129325.0,129110.0,14237912.0
2024-03-14 10:05:00,129365.89779858357,129314.10220141643,129290.0,129355.0,129365.0,129220.0,13822727.5
2024-03-14 10:10:00,129365.71734272888,129307.13980012825,129290.0,129370.0,129375.0,129175.0,14154254.0
2024-03-14 10:15:00,129358.59039550748,129301.40960449252,129315.0,129400.0,129400.0,129185.0,14299815.0
2024-03-14 10:20:00,129348.792365702,129261.207634298,129200.0,129415.0,129415.0,129190.0,13587959.5
2024-03-14 10:25:00,129336.98008571945,129187.30562856626,129075.0,129210.0,129215.0,128980.0,14138498.5
2024-03-14 10:30:00,129332.28340132957,129043.43088438472,128825.0,129180.0,129190.0,128760.0,14971091.5
2024-03-14 10:35:00,129286.3639701391,128965.06460128949,128885.0,128945.0,128955.0,128770.0,14444833.5
2024-03-14 10:40:00,129230.49051951074,128878.08090906068,128790.0,128920.0,128925.0,128745.0,14286790.0
2024-03-14 10:45:00,129153.32910641501,128770.9566078707,128645.0,128800.0,128815.0,128630.0,14828456.5
2024-03-14 10:50:00,129035.70045713626,128732.87097143516,128770.0,128770.0,128775.0,128595.0,15272224.0
2024-03-14 10:55:00,128922.97227639376,128694.17058074911,128670.0,128815.0,128820.0,128645.0,14738988.0
2024-03-14 11:00:00,128882.47791990248,128703.23636581181,128965.0,128985.0,128985.0,128625.0,15542863.0
2024-03-14 11:05:00,128936.98126082547,128707.30445346024,129030.0,129040.0,129045.0,128885.0,14816968.0
2024-03-14 11:10:00,128960.53961448929,128712.31752836784,128985.0,129045.0,129045.0,128935.0,16445684.0
2024-03-14 11:15:00,129016.86060597627,128735.99653688086,129070.0,129100.0,129110.0,128965.0,14850822.0
2024-03-14 11:20:00,129066.1894984317,128813.8105015683,129090.0,129150.0,129150.0,129030.0,15502970.0
2024-03-14 11:25:00,129101.67490004102,128868.32509995898,129085.0,129135.0,129140.0,129005.0,15682683.5
2024-03-14 11:30:00,129096.57555456563,129003.42444543437,129125.0,129190.0,129190.0,129080.0,15482795.5
2024-03-14 11:35:00,129122.16572696439,129032.11998732132,129155.0,129155.0,129160.0,129060.0,15571128.5
2024-03-14 11:40:00,129173.38525701867,129043.7576001242,129250.0,129250.0,129250.0,129115.0,15851011.5
2024-03-14 11:45:00,129196.16133614873,129086.6958067084,129215.0,129290.0,129290.0,129195.0,16827250.5
2024-03-14 11:50:00,129196.52000020871,129077.765714077,129040.0,129225.0,129230.0,129040.0,15626706.5
2024-03-14 11:55:00,129195.50803217024,129057.34911068689,129015.0,129095.0,129095.0,128940.0,16050863.5
2024-03-14 12:00:00,129193.26094078072,129048.16763064786,129045.0,129085.0,129085.0,128890.0,16020232.5
2024-03-14 12:05:00,129184.19374201316,129027.23482941542,129020.0,129105.0,129105.0,129000.0,16195378.5
2024-03-14 12:10:00,129167.39350842836,129009.74934871451,129035.0,129120.0,129120.0,129010.0,15965316.0
2024-03-14 12:15:00,129110.12610467139,128988.44532390003,128975.0,129085.0,129085.0,128975.0,15794722.0
2024-03-14 12:20:00,129038.49593274035,129000.07549583107,129005.0,129050.0,129050.0,128875.0,16107519.0
2024-03-14 12:25:00,129038.92095805024,128958.22189909263,128895.0,129045.0,129045.0,128880.0,15139789.5
2024-03-14 12:30:00,129031.94712045163,128928.05287954837,128885.0,128905.0,128925.0,128840.0,15349648.5
2024-03-14 12:35:00,129010.39023608474,128908.18119248668,128900.0,128950.0,128955.0,128855.0,14127561.0
2024-03-14 12:40:00,128990.46804968306,128890.96052174552,128890.0,128940.0,128940.0,128825.0,14499082.0
2024-03-14 12:45:00,128959.43766375384,128883.4194791033,128900.0,128980.0,128980.0,128870.0,15122368.0
2024-03-14 12:50:00,128946.72053849915,128880.42231864372,128920.0,128945.0,128955.0,128865.0,15005923.0
2024-03-14 12:55:00,128906.86264852896,128880.28020861391,128865.0,128950.0,128955.0,128855.0,14927914.5
2024-03-14 13:00:00,128905.0878138966,128876.34075753197,128875.0,128890.0,128895.0,128825.0,15295791.5
2024-03-14 13:05:00,128904.3707254399,128874.20070313152,128875.0,128900.0,128905.0,128815.0,16712752.5
2024-03-14 13:10:00,128901.21285450846,128871.64428834867,128880.0,128905.0,128905.0,128840.0,15915881.5
2024-03-14 13:15:00,128898.85721338034,128866.85707233395,128865.0,128905.0,128905.0,128780.0,15577988.5
2024-03-14 13:20:00,128896.56312298262,128866.2940198745,128890.0,128920.0,128925.0,128845.0,15362575.0
2024-03-14 13:25:00,128890.71734272699,128832.13980013014,128780.0,128895.0,128900.0,128765.0,16348995.0
2024-03-14 13:30:00,128887.05173162883,128812.94826837117,128785.0,128835.0,128845.0,128765.0,16564726.5
2024-03-14 13:35:00,128877.57904470623,128792.42095529377,128770.0,128805.0,128805.0,128700.0,15863294.5
2024-03-14 13:40:00,128863.86241818764,128767.56615324094,128740.0,128805.0,128815.0,128710.0,16481555.5
2024-03-14 13:45:00,128846.6855273258,128716.17161553133,128640.0,128745.0,128750.0,128630.0,15236356.0
2024-03-14 13:50:00,128820.7745594499,128700.65401197868,128720.0,128760.0,128760.0,128640.0,14981496.5
2024-03-14 13:55:00,128774.55689263526,128691.15739307903,128695.0,128745.0,128745.0,128680.0,15213883.0
2024-03-14 14:00:00,128760.05879302713,128681.36977840145,128695.0,128730.0,128735.0,128675.0,15933504.5
2024-03-14 14:05:00,128740.43340565385,128648.13802291757,128600.0,128710.0,128710.0,128575.0,14988623.5
2024-03-14 14:10:00,128715.30312402312,128634.69687597688,128635.0,128645.0,128650.0,128560.0,16036897.0
2024-03-14 14:15:00,128709.03072969263,128550.96927030737,128425.0,128660.0,128665.0,128380.0,15780882.5
2024-03-14 14:20:00,128700.7561777585,128487.81525081291,128390.0,128480.0,128480.0,128380.0,16322155.5
2024-03-14 14:25:00,128658.59727647698,128439.97415209444,128405.0,128455.0,128455.0,128365.0,17053901.0
2024-03-14 14:30:00,128610.0258479055,128391.40272352308,128355.0,128410.0,128410.0,128270.0,16837030.0
2024-03-14 14:35:00,128548.76076890457,128375.52494538114,128425.0,128430.0,128430.0,128310.0,17009767.0
2024-03-14 14:40:00,128522.09684902629,128373.617436688,128500.0,128520.0,128520.0,128385.0,15774633.5
2024-03-14 14:45:00,128496.37716482762,128380.76569231525,128570.0,128580.0,128580.0,128485.0,15218187.5
2024-03-14 14:50:00,128548.6859580558,128387.0283276585,128630.0,128630.0,128635.0,128520.0,16238187.0
2024-03-14 14:55:00,128614.3754279443,128411.33885777,128705.0,128710.0,128715.0,128605.0,16906299.0
2024-03-14 15:00:00,128685.04079406202,128446.38777736656,128775.0,128800.0,128800.0,128685.0,16954687.0
2024-03-14 15:05:00,128748.28718261958,128517.42710309471,128825.0,128815.0,128825.0,128755.0,15841026.0
2024-03-14 15:10:00,128778.14536948506,128587.56891622923,128775.0,128840.0,128840.0,128760.0,16343226.5
2024-03-14 15:15:00,128816.00042490053,128651.14243224234,128855.0,128860.0,128865.0,128740.0,18306239.0
2024-03-14 15:20:00,128825.94879185756,128705.47977957102,128795.0,128830.0,128860.0,128750.0,17154242.5
2024-03-14 15:25:00,128823.7420137327,128749.11512912443,128775.0,128835.0,128840.0,128760.0,17039700.5
2024-03-14 15:30:00,128835.53621104824,128778.74950323747,128850.0,128880.0,128890.0,128755.0,16294195.0
2024-03-14 15:35:00,128850.45401078709,128789.54598921291,128865.0,128905.0,128910.0,128835.0,16753133.5
2024-03-14 15:40:00,128869.58987663948,128791.8386947891,128900.0,128920.0,128925.0,128815.0,15968452.0
2024-03-14 15:45:00,128891.17497113206,128810.25360029652,128915.0,128950.0,128955.0,128870.0,16577559.5
2024-03-14 15:50:00,128887.13486331352,128804.29370811506,128820.0,128920.0,128920.0,128795.0,17047201.5
2024-03-14 15:55:00,128891.71932901819,128816.85209955323,128855.0,128890.0,128895.0,128810.0,15423132.5
2024-03-14 16:00:00,128890.38216889705,128823.90354538866,128795.0,128860.0,128865.0,128785.0,15884694.5
2024-03-14 16:05:00,128890.36262309324,128791.06594833534,128735.0,128810.0,128810.0,128720.0,15451599.0
2024-03-14 16:10:00,128882.77134964691,128742.94293606738,128670.0,128740.0,128745.0,128620.0,15542577.5
2024-03-14 16:15:00,128854.9383811436,128693.63304742782,128630.0,128705.0,128705.0,128600.0,15347948.0
2024-03-14 16:20:00,128807.90426567748,128647.8100200368,128590.0,128670.0,128670.0,128565.0,15421198.5
2024-03-14 16:25:00,128777.82816324281,128622.17183675719,128625.0,128650.0,128655.0,128530.0,14994485.5
2024-03-14 16:30:00,128726.73044725519,128567.55526703052,128485.0,128615.0,128630.0,128465.0,15640962.5
2024-03-14 16:35:00,128676.08012266716,128545.34844876142,128540.0,128565.0,128565.0,128415.0,16470327.0
2024-03-14 16:40:00,128655.82523353053,128547.0319093266,128670.0,128675.0,128675.0,128515.0,15573420.0
2024-03-14 16:45:00,128676.08012266716,128545.34844876142,128735.0,128745.0,128750.0,128615.0,15160374.0
2024-03-14 16:50:00,128718.53591662591,128548.60694051695,128790.0,128825.0,128825.0,128680.0,15799356.5
2024-03-14 16:55:00,128770.42098047078,128566.72187667209,128835.0,128875.0,128880.0,128765.0,15046949.5
2024-03-14 17:00:00,128811.36638017125,128587.20504840017,128840.0,128965.0,128965.0,128810.0,15232058.5
2024-03-14 17:05:00,128842.92543349612,128661.3602807896,128855.0,128890.0,128895.0,128760.0,15963642.5
2024-03-14 17:10:00,128848.52389568805,128740.04753288337,128835.0,128865.0,128870.0,128795.0,15111837.0
2024-03-14 17:15:00,128884.27893037625,128782.86392676661,128945.0,128950.0,128955.0,128815.0,16511996.5
2024-03-14 17:20:00,128910.41141421655,128816.73144292632,128945.0,128965.0,128965.0,128910.0,16066180.5
2024-03-14 17:25:00,128915.59192046987,128837.26522238726,128880.0,129020.0,129020.0,128855.0,15176500.0
2024-03-14 17:30:00,128927.75482782017,128850.81660075125,128925.0,128930.0,128940.0,128850.0,14925739.5
2024-03-14 17:35:00,128942.82153819969,128867.17846180031,128950.0,128960.0,128960.0,128870.0,14580025.5
2024-03-14 17:40:00,128947.88341172865,128880.68801684277,128920.0,128975.0,128980.0,128870.0,15277395.5
2024-03-14 17:45:00,128950.85655914662,128910.57201228196,128950.0,128990.0,128990.0,128905.0,13784054.0
2024-03-14 17:50:00,128950.85655914662,128910.57201228196,128945.0,128965.0,128970.0,128885.0,15987699.5
2024-03-14 17:55:00,128946.81511079466,128907.47060349105,128920.0,128955.0,128955.0,128915.0,13035090.5
2024-03-15 10:00:00,128947.95811604446,128903.47045538411,128870.0,128930.0,128935.0,128735.0,15201669.5
2024-03-15 10:05:00,128946.16123336111,128886.69590949602,128860.0,128930.0,128960.0,128840.0,15080010.5
2024-03-15 10:10:00,128951.85391524686,128886.71751332456,128970.0,128930.0,129020.0,128850.0,14828483.5
2024-03-15 10:15:00,128949.49855293354,128883.35858992359,128900.0,128930.0,129060.0,128885.0,15347126.5
2024-03-15 10:20:00,128941.62317847215,128844.09110724214,128785.0,128930.0,128960.0,128775.0,15283074.5
2024-03-15 10:25:00,128940.00363120639,128747.13922593648,128600.0,128785.0,128790.0,128550.0,15917276.5
2024-03-15 10:30:00,128922.12171454211,128635.02114260076,128465.0,128655.0,128655.0,128425.0,15682473.5
2024-03-15 10:35:00,128886.40669085493,128572.16473771649,128525.0,128605.0,128605.0,128400.0,15306984.0
2024-03-15 10:40:00,128840.14734089856,128482.70980195857,128385.0,128595.0,128595.0,128370.0,14893607.0
2024-03-15 10:45:00,128738.11443316593,128373.31413826265,128230.0,128470.0,128470.0,128220.0,14943211.0
2024-03-15 10:50:00,128625.28014068262,128346.14843074596,128410.0,128475.0,128475.0,128210.0,15827944.0
2024-03-15 10:55:00,128517.02480906872,128308.68947664557,128275.0,128430.0,128430.0,128230.0,15554994.0
2024-03-15 11:00:00,128453.4015153781,128278.02705605049,128270.0,128370.0,128370.0,128150.0,15941643.5
2024-03-15 11:05:00,128421.54658558627,128215.5962715566,128135.0,128270.0,128270.0,128010.0,15978418.0
2024-03-15 11:10:00,128348.74653446018,128179.82489411124,128145.0,128280.0,128280.0,128085.0,15034544.5
2024-03-15 11:15:00,128308.87826499449,128132.55030643409,128080.0,128195.0,128195.0,128065.0,16132816.5
2024-03-15 11:20:00,128297.75770314751,128110.81372542391,128115.0,128135.0,128135.0,128035.0,15601431.5
2024-03-15 11:25:00,128223.1210066808,128075.45042189062,128025.0,128160.0,128160.0,128010.0,16177447.5
2024-03-15 11:30:00,128181.12220458726,128054.59208112703,128055.0,128075.0,128075.0,127940.0,16015959.0
2024-03-15 11:35:00,128141.91313200974,128062.37258227597,128160.0,128175.0,128175.0,128005.0,15088083.0
2024-03-15 11:40:00,128137.15348778562,128004.27508364296,127915.0,128180.0,128180.0,127895.0,15533126.5
2024-03-15 11:45:00,128113.31522962941,127985.256198942,127995.0,128005.0,128005.0,127895.0,16428491.0
2024-03-15 11:50:00,128099.84222955839,127950.15777044161,127910.0,128005.0,128005.0,127870.0,16070387.0
2024-03-15 11:55:00,128073.24044849564,127935.33098007579,127970.0,127970.0,127975.0,127900.0,16324163.0
2024-03-15 12:00:00,128065.12345742309,127926.30511400549,127965.0,127990.0,127990.0,127885.0,15441997.0
2024-03-15 12:05:00,128051.95602867483,127919.47254275375,127985.0,128000.0,128000.0,127920.0,16172959.5
2024-03-15 12:10:00,127982.39852895883,127930.4586138983,127955.0,128015.0,128015.0,127910.0,15432416.0
2024-03-15 12:15:00,127982.9581160371,127938.47045539148,127945.0,128040.0,128040.0,127925.0,15779144.0
2024-03-15 12:20:00,127987.8128860028,127937.9013997115,128010.0,128010.0,128010.0,127910.0,14907940.0
2024-03-15 12:25:00,127990.81011210788,127956.33274503499,127985.0,128030.0,128030.0,127955.0,15191485.0
2024-03-15 12:30:00,127989.8527467957,127954.43296749001,127960.0,127985.0,127990.0,127915.0,15227159.0
2024-03-15 12:35:00,127989.08800659698,127952.3405648316,127955.0,127980.0,127985.0,127920.0,14650076.5
2024-03-15 12:40:00,127984.55620458181,127948.30093827532,127955.0,127975.0,127975.0,127925.0,14547762.5
2024-03-15 12:45:00,127986.53368021343,127927.75203407228,127890.0,127975.0,127975.0,127825.0,15055918.5
2024-03-15 12:50:00,127985.17600278703,127911.96685435584,127885.0,127945.0,127945.0,127880.0,14977873.5
2024-03-15 12:55:00,127967.22387996715,127877.06183431856,127825.0,127915.0,127915.0,127805.0,15191997.0
2024-03-15 13:00:00,127946.57164016215,127850.57121698072,127820.0,127855.0,127855.0,127760.0,16117746.5
2024-03-15 13:05:00,127926.0829461835,127829.6313395308,127815.0,127855.0,127855.0,127785.0,15977725.0
2024-03-15 13:10:00,127900.14739168271,127809.85260831729,127795.0,127825.0,127825.0,127760.0,16063823.0
2024-03-15 13:15:00,127863.51698921263,127800.76872507308,127795.0,127815.0,127820.0,127765.0,15373899.5
2024-03-15 13:20:00,127852.32891804587,127749.09965338271,127670.0,127805.0,127805.0,127610.0,17282068.0
2024-03-15 13:25:00,127823.99083254706,127730.29488173865,127720.0,127720.0,127730.0,127655.0,16587238.5
2024-03-15 13:30:00,127807.70126078636,127705.15588207077,127680.0,127715.0,127725.0,127675.0,17035941.0
2024-03-15 13:35:00,127792.6491979906,127700.20794486653,127750.0,127765.0,127770.0,127680.0,16324101.0
2024-03-15 13:40:00,127771.6480307014,127691.20911215573,127710.0,127795.0,127795.0,127690.0,15648460.0
2024-03-15 13:45:00,127751.19780418486,127681.65933867227,127690.0,127735.0,127740.0,127675.0,15018299.5
2024-03-15 13:50:00,127731.44320553896,127632.84250874675,127555.0,127695.0,127705.0,127515.0,16892882.5
2024-03-15 13:55:00,127728.47767829373,127601.52232170627,127550.0,127635.0,127635.0,127530.0,17350904.5
2024-03-15 14:00:00,127709.19486793666,127576.51941777763,127565.0,127625.0,127625.0,127535.0,17618728.5
2024-03-15 14:05:00,127700.14789286673,127569.85210713327,127625.0,127635.0,127650.0,127565.0,15594627.5
2024-03-15 14:10:00,127672.98461984641,127568.44395158217,127650.0,127675.0,127680.0,127595.0,16312070.0
2024-03-15 14:15:00,127653.8695749849,127567.55899644368,127640.0,127700.0,127710.0,127630.0,14656936.0
2024-03-15 14:20:00,127659.02915875502,127566.68512695927,127705.0,127645.0,127705.0,127620.0,15727968.0
2024-03-15 14:25:00,127669.77460957413,127584.51110471158,127655.0,127715.0,127725.0,127635.0,16725458.0
2024-03-15 14:30:00,127671.72053849287,127605.42231865,127630.0,127645.0,127650.0,127585.0,16132068.0
2024-03-15 14:35:00,127670.44297490272,127628.1284536687,127640.0,127655.0,127660.0,127585.0,15709924.0
2024-03-15 14:40:00,127670.37339700163,127626.76946014124,127620.0,127650.0,127660.0,127595.0,15174353.5
2024-03-15 14:45:00,127668.18858240343,127610.382846168,127585.0,127615.0,127630.0,127540.0,16114065.5
2024-03-15 14:50:00,127673.91462996996,127613.2282271729,127670.0,127670.0,127680.0,127580.0,16809466.5
2024-03-15 14:55:00,127668.77443155249,127614.08271130464,127690.0,127700.0,127720.0,127655.0,17033121.5
2024-03-15 15:00:00,127685.23968656689,127614.76031343311,127715.0,127730.0,127730.0,127655.0,16383085.5
2024-03-15 15:05:00,127684.04275751031,127610.2429567754,127610.0,127695.0,127720.0,127595.0,16428363.0
2024-03-15 15:10:00,127682.06764876391,127606.5037798075,127620.0,127655.0,127670.0,127610.0,15942077.0
2024-03-15 15:15:00,127686.98095461205,127613.01904538795,127660.0,127665.0,127680.0,127605.0,16376740.0
2024-03-15 15:20:00,127686.53053502178,127622.04089354964,127615.0,127680.0,127695.0,127615.0,15945101.0
2024-03-15 15:25:00,127688.60268735576,127622.82588407282,127680.0,127685.0,127690.0,127615.0,16390080.5
2024-03-15 15:30:00,127681.37651053582,127620.05206089276,127655.0,127680.0,127690.0,127620.0,16390909.0
2024-03-15 15:35:00,127677.82369838268,127620.74773018874,127705.0,127700.0,127715.0,127635.0,15742202.0
2024-03-15 15:40:00,127690.44378881164,127633.84192547407,127700.0,127755.0,127755.0,127680.0,16437520.0
2024-03-15 15:45:00,127691.26404523035,127641.59309762678,127650.0,127735.0,127740.0,127620.0,16534878.0
2024-03-15 15:50:00,127689.92205895427,127638.64936961715,127645.0,127680.0,127685.0,127630.0,16442684.5
2024-03-15 15:55:00,127692.68398385815,127654.45887328472,127680.0,127700.0,127700.0,127635.0,15817423.5
2024-03-15 16:00:00,127695.856559136,127655.57201229258,127695.0,127685.0,127705.0,127655.0,15564411.5
2024-03-15 16:05:00,127697.68074837144,127639.46210877143,127605.0,127670.0,127695.0,127595.0,16682117.0
2024-03-15 16:10:00,127691.69483974847,127638.30516025153,127680.0,127680.0,127685.0,127555.0,15929179.0
2024-03-15 16:15:00,127682.32858825375,127634.81426888912,127655.0,127685.0,127685.0,127625.0,15995920.5
2024-03-15 16:20:00,127695.07104154871,127639.214672737,127710.0,127725.0,127725.0,127655.0,15693973.5
2024-03-15 16:25:00,127709.93362904376,127647.2092280991,127725.0,127740.0,127740.0,127685.0,16487627.0
2024-03-15 16:30:00,127708.04038971385,127644.81675314328,127665.0,127725.0,127725.0,127630.0,15192641.5
2024-03-15 16:35:00,127703.81093263614,127641.90335307815,127670.0,127670.0,127685.0,127610.0,15471389.0
2024-03-15 16:40:00,127702.47009563482,127661.81561865089,127670.0,127700.0,127705.0,127635.0,15422637.0
2024-03-15 16:45:00,127720.81169008814,127663.47402419757,127750.0,127775.0,127775.0,127675.0,16810081.0
2024-03-15 16:50:00,127721.01292776904,127666.12992937383,127665.0,127775.0,127775.0,127645.0,16285436.0
2024-03-15 16:55:00,127722.0795632114,127666.49186536002,127715.0,127745.0,127750.0,127630.0,15874129.0
2024-03-15 17:00:00,127732.5700352783,127666.00139329312,127760.0,127835.0,127835.0,127705.0,15551473.5
2024-03-15 17:05:00,127746.62022424005,127677.66549004566,127755.0,127820.0,127820.0,127685.0,16048501.5
2024-03-15 17:10:00,127752.95740336122,127689.89973949592,127735.0,127770.0,127770.0,127685.0,14522729.0
2024-03-15 17:15:00,127752.77802777647,127692.93625793782,127680.0,127770.0,127770.0,127645.0,17216968.0
2024-03-15 17:20:00,127743.34953172588,127680.93618255983,127675.0,127705.0,127710.0,127665.0,14619983.5
2024-03-15 17:25:00,127751.10823467709,127696.03462246578,127745.0,127770.0,127770.0,127665.0,15811621.0
2024-03-15 17:30:00,127755.87897892308,127699.83530679121,127745.0,127755.0,127760.0,127720.0,15737667.0
2024-03-15 17:35:00,127754.59799186907,127699.68772241664,127755.0,127765.0,127765.0,127720.0,15929399.5
2024-03-15 17:40:00,127751.19953067944,127698.80046932056,127740.0,127760.0,127760.0,127695.0,15071043.0
2024-03-15 17:45:00,127749.54138610014,127697.60147104273,127725.0,127740.0,127740.0,127705.0,11137591.5
2024-03-15 17:50:00,127749.97707478853,127694.30863949718,127670.0,127735.0,127735.0,127670.0,11366335.5
2024-03-15 17:55:00,127749.97707478853,127694.30863949718,127675.0,127735.0,127735.0,127645.0,10303559.5
2024-03-18 10:00:00,127944.88962138438,127636.5389500442,128225.0,128200.0,128265.0,128175.0,15285357.0
2024-03-18 10:05:00,128077.74737369758,127656.53834058813,128280.0,128200.0,128305.0,128185.0,14606677.5
2024-03-18 10:10:00,128207.73169899269,127702.26830100731,128370.0,128225.0,128375.0,128225.0,14225898.5
2024-03-18 10:15:00,128338.6027365925,127778.54012055037,128465.0,128375.0,128545.0,128365.0,14451817.5
2024-03-18 10:20:00,128454.29125675533,127889.99445753038,128520.0,128445.0,128570.0,128440.0,14276914.5
2024-03-18 10:25:00,128502.4832047217,128051.802509564,128405.0,128400.0,128580.0,128400.0,14095350.5
2024-03-18 10:30:00,128478.12324199922,128306.1624722865,128480.0,128330.0,128580.0,128330.0,15206592.5
2024-03-18 10:35:00,128480.57079039139,128293.71492389432,128190.0,128200.0,128495.0,128175.0,14764646.5
2024-03-18 10:40:00,128481.41850349391,128267.1529250775,128190.0,128200.0,128335.0,128145.0,14236280.5
2024-03-18 10:45:00,128482.49246149996,128140.36468135717,127930.0,128190.0,128195.0,127920.0,14451103.5
2024-03-18 10:50:00,128428.70242268126,128052.72614874732,127970.0,128050.0,128050.0,127910.0,14384494.0
2024-03-18 10:55:00,128337.61518321611,127935.24195964102,127790.0,128000.0,128000.0,127775.0,15001459.5
2024-03-18 11:00:00,128248.8730479108,127822.55552351777,127700.0,127845.0,127855.0,127670.0,16326925.5
2024-03-18 11:05:00,128099.46072405936,127804.82499022635,127895.0,127915.0,127925.0,127685.0,17430973.0
2024-03-18 11:10:00,128031.70846031007,127788.29153968993,127895.0,127960.0,127960.0,127840.0,15988382.5
2024-03-18 11:15:00,127939.02164315345,127793.83549970368,127885.0,127930.0,127935.0,127795.0,14820469.0
2024-03-18 11:20:00,127941.42328682696,127794.29099888733,127940.0,127980.0,127980.0,127865.0,14876608.0
2024-03-18 11:25:00,127907.84025963831,127769.30259750456,127765.0,127950.0,127955.0,127765.0,15544350.5
2024-03-18 11:30:00,127908.59556418296,127771.40443581704,127800.0,127840.0,127845.0,127710.0,15972238.0
2024-03-18 11:35:00,127905.62359160768,127798.66212267803,127785.0,127860.0,127860.0,127750.0,15335500.5
2024-03-18 11:40:00,127916.29326417303,127663.70673582697,127460.0,127795.0,127795.0,127450.0,16042949.5
2024-03-18 11:45:00,127880.7428976862,127574.97138802809,127460.0,127530.0,127535.0,127405.0,15908462.0
2024-03-18 11:50:00,127828.47259356311,127477.24169215118,127360.0,127480.0,127480.0,127320.0,16037464.0
2024-03-18 11:55:00,127731.90502844664,127393.80925726765,127310.0,127370.0,127370.0,127270.0,17353468.5
2024-03-18 12:00:00,127667.2296177717,127345.62752508542,127370.0,127395.0,127395.0,127290.0,16173103.0
2024-03-18 12:05:00,127571.93344020405,127319.49513122452,127375.0,127375.0,127380.0,127305.0,16109453.5
2024-03-18 12:10:00,127445.96744504514,127351.17541209773,127455.0,127455.0,127460.0,127365.0,16499041.0
2024-03-18 12:15:00,127439.50448337625,127350.49551662375,127435.0,127510.0,127520.0,127405.0,16187543.5
2024-03-18 12:20:00,127429.02774655592,127349.5436820155,127420.0,127515.0,127525.0,127415.0,15922424.5
2024-03-18 12:25:00,127455.81054779334,127359.90373792095,127490.0,127525.0,127525.0,127385.0,15892845.0
2024-03-18 12:30:00,127467.01082156891,127394.41774985967,127470.0,127500.0,127520.0,127435.0,17375030.0
2024-03-18 12:35:00,127468.39207573784,127408.75078140503,127425.0,127460.0,127470.0,127390.0,17444690.5
2024-03-18 12:40:00,127467.9249529052,127427.78933280909,127440.0,127480.0,127480.0,127405.0,17535523.0
2024-03-18 12:45:00,127467.07968707758,127427.20602720813,127450.0,127465.0,127475.0,127410.0,15255654.5
2024-03-18 12:50:00,127466.29272141408,127422.27870715734,127415.0,127485.0,127485.0,127390.0,16834193.0
2024-03-18 12:55:00,127471.62241935272,127429.80615207586,127465.0,127520.0,127525.0,127415.0,16392169.5
2024-03-18 13:00:00,127465.41847478584,127430.29581092845,127470.0,127500.0,127520.0,127425.0,15831445.0
2024-03-18 13:05:00,127469.95559401416,127430.04440598584,127485.0,127540.0,127550.0,127470.0,14381349.5
2024-03-18 13:10:00,127497.79077190055,127435.06637095659,127540.0,127570.0,127570.0,127465.0,15607329.5
2024-03-18 13:15:00,127501.42441484041,127441.43272801672,127475.0,127565.0,127565.0,127470.0,15606761.5
2024-03-18 13:20:00,127502.24796592574,127443.46631978855,127460.0,127490.0,127520.0,127430.0,16482880.0
2024-03-18 13:25:00,127511.95840045105,127463.75588526324,127520.0,127520.0,127535.0,127460.0,15872924.5
2024-03-18 13:30:00,127516.65743650893,127470.48542063394,127505.0,127580.0,127580.0,127470.0,15977094.5
2024-03-18 13:35:00,127519.43478748023,127476.27949823406,127500.0,127595.0,127595.0,127490.0,15699493.0
2024-03-18 13:40:00,127518.65392086809,127472.77465056049,127470.0,127500.0,127525.0,127440.0,16432654.5
2024-03-18 13:45:00,127509.55620457864,127473.3009382785,127510.0,127550.0,127550.0,127425.0,16446565.5
2024-03-18 13:50:00,127527.91764820159,127477.7966375127,127555.0,127575.0,127575.0,127510.0,16606199.0
2024-03-18 13:55:00,127556.48824314945,127489.22604256484,127600.0,127645.0,127645.0,127525.0,15640319.0
2024-03-18 14:00:00,127558.7976193842,127491.2023806158,127535.0,127620.0,127620.0,127535.0,17209701.0
2024-03-18 14:05:00,127557.8672168874,127474.98992596973,127445.0,127555.0,127560.0,127430.0,17405248.0
2024-03-18 14:10:00,127560.32502927231,127478.24639929911,127520.0,127535.0,127535.0,127430.0,17503794.5
2024-03-18 14:15:00,127560.58794561095,127480.84062581763,127480.0,127560.0,127560.0,127445.0,17313143.0
2024-03-18 14:20:00,127571.45847795597,127487.11295061545,127570.0,127575.0,127575.0,127480.0,16450750.5
2024-03-18 14:25:00,127588.65508849699,127488.48776864588,127620.0,127625.0,127630.0,127535.0,17490356.0
2024-03-18 14:30:00,127584.75516024201,127488.10198261512,127585.0,127685.0,127690.0,127570.0,16692383.0
2024-03-18 14:35:00,127582.329788722,127484.81306842087,127515.0,127600.0,127600.0,127475.0,17814944.5
2024-03-18 14:40:00,127581.97895352685,127502.30676075886,127505.0,127535.0,127535.0,127480.0,17226475.5
2024-03-18 14:45:00,127582.4292962734,127503.28498944089,127525.0,127525.0,127525.0,127460.0,15911889.0
2024-03-18 14:50:00,127585.14486327351,127519.1408510122,127545.0,127560.0,127560.0,127500.0,17496338.0
2024-03-18 14:55:00,127615.02546688233,127517.8316759748,127670.0,127675.0,127680.0,127530.0,17111682.0
2024-03-18 15:00:00,127619.0718393596,127518.07101778327,127635.0,127700.0,127700.0,127610.0,16442937.0
2024-03-18 15:05:00,127650.95976987515,127520.46880155343,127705.0,127720.0,127720.0,127600.0,16723386.5
2024-03-18 15:10:00,127679.88742896066,127544.39828532505,127700.0,127735.0,127735.0,127675.0,16448937.5
2024-03-18 15:15:00,127696.65788739837,127579.05639831592,127685.0,127705.0,127705.0,127660.0,15743288.5
2024-03-18 15:20:00,127700.02392401626,127612.83321884087,127655.0,127705.0,127705.0,127640.0,16432013.0
2024-03-18 15:25:00,127703.65392086898,127657.7746505596,127715.0,127710.0,127715.0,127640.0,16712366.0
2024-03-18 15:30:00,127717.56397612349,127662.43602387651,127735.0,127745.0,127745.0,127680.0,17841273.0
2024-03-18 15:35:00,127778.4476071039,127668.69525003897,127870.0,127940.0,127940.0,127735.0,17078124.0
2024-03-18 15:40:00,127786.82742435345,127676.02971850368,127760.0,127885.0,127885.0,127740.0,15783859.0
2024-03-18 15:45:00,127805.72039974436,127688.56531454135,127810.0,127830.0,127840.0,127735.0,16368282.0
2024-03-18 15:50:00,127820.51606585132,127708.0553627201,127805.0,127850.0,127850.0,127795.0,16450930.0
2024-03-18 15:55:00,127832.92397147283,127745.64745709859,127830.0,127855.0,127860.0,127800.0,15352590.5
2024-03-18 16:00:00,127832.50166130498,127751.78405298073,127735.0,127825.0,127830.0,127705.0,16033314.5
2024-03-18 16:05:00,127833.47031437508,127760.81539991063,127770.0,127795.0,127800.0,127720.0,15969754.5
2024-03-18 16:10:00,127808.12119992888,127743.3073714997,127720.0,127770.0,127780.0,127705.0,16836691.0
2024-03-18 16:15:00,127813.04025478923,127748.38831663935,127795.0,127830.0,127835.0,127700.0,15598950.5
2024-03-18 16:20:00,127805.71101120942,127744.28898879058,127770.0,127785.0,127800.0,127725.0,16392248.5
2024-03-18 16:25:00,127805.71101120942,127744.28898879058,127805.0,127815.0,127820.0,127750.0,15973235.0
2024-03-18 16:30:00,127791.24411473802,127743.0415995477,127775.0,127875.0,127880.0,127765.0,15530855.0
2024-03-18 16:35:00,127791.49782716917,127738.50217283083,127720.0,127790.0,127795.0,127700.0,16720892.0
2024-03-18 16:40:00,127790.72698252765,127737.84444604377,127765.0,127780.0,127785.0,127660.0,16552044.5
2024-03-18 16:45:00,127795.37339700288,127751.76946013999,127785.0,127825.0,127825.0,127720.0,17045009.5
2024-03-18 16:50:00,127804.14224653815,127751.57203917614,127825.0,127825.0,127830.0,127750.0,16842452.0
2024-03-18 16:55:00,127835.38881863205,127753.18260993937,127885.0,127895.0,127895.0,127810.0,16209408.0
2024-03-18 17:00:00,127855.15109543165,127756.27747599693,127885.0,127920.0,127925.0,127860.0,15027019.5
2024-03-18 17:05:00,127869.48517905259,127767.65767809028,127865.0,127960.0,127960.0,127865.0,15578297.0
2024-03-18 17:10:00,127880.05879302337,127801.3697784052,127875.0,127895.0,127895.0,127830.0,14589530.5
2024-03-18 17:15:00,127909.9943926157,127825.71989309859,127955.0,127985.0,127985.0,127875.0,16053624.0
2024-03-18 17:20:00,127934.74639969938,127853.82502887204,127970.0,127975.0,127975.0,127895.0,15056510.5
2024-03-18 17:25:00,127935.46089516791,127868.8248191178,127880.0,128005.0,128005.0,127870.0,14967969.0
2024-03-18 17:30:00,127934.02774655733,127854.54368201409,127830.0,127890.0,127890.0,127790.0,14136558.0
2024-03-18 17:35:00,127930.91969241122,127834.79459330307,127805.0,127850.0,127850.0,127805.0,13191803.0
2024-03-18 17:40:00,127928.16675504608,127826.11895923963,127825.0,127845.0,127850.0,127790.0,13894311.0
2024-03-18 17:45:00,127924.7970579346,127820.91722777969,127845.0,127845.0,127845.0,127805.0,13230204.0
2024-03-18 17:50:00,127898.75654587502,127809.8148826964,127825.0,127840.0,127845.0,127810.0,12743937.0
2024-03-18 17:55:00,127851.22790275386,127808.77209724614,127800.0,127825.0,127825.0,127800.0,10953707.0
2024-03-19 10:00:00,128086.87235987528,127727.41335441043,128420.0,128250.0,128445.0,128245.0,15366526.5
2024-03-19 10:05:00,128212.25504423004,127760.60209862709,128385.0,128345.0,128445.0,128340.0,14212205.5
2024-03-19 10:10:00,128308.3634342271,127825.92228005861,128370.0,128345.0,128435.0,128340.0,14686416.5
2024-03-19 10:15:00,128375.94017387352,127904.05982612648,128335.0,128280.0,128405.0,128275.0,14655982.5
2024-03-19 10:20:00,128416.98992573969,127988.7243599746,128285.0,128210.0,128345.0,128205.0,14688673.0
2024-03-19 10:25:00,128450.14600761767,128108.42542095375,128360.0,128190.0,128370.0,128190.0,14468670.5
2024-03-19 10:30:00,128399.25887391204,128329.31255465938,128395.0,128200.0,128415.0,128195.0,14896603.0
2024-03-19 10:35:00,128382.44992168435,128298.97864974423,128255.0,128230.0,128420.0,128230.0,14884110.5
2024-03-19 10:40:00,128386.46107974384,128299.25320597045,128400.0,128160.0,128440.0,128160.0,15263186.5
2024-03-19 10:45:00,128375.92845056944,128274.07154943056,128245.0,128175.0,128515.0,128175.0,15296949.0
2024-03-19 10:50:00,128367.99965070892,128252.00034929108,128230.0,128130.0,128270.0,128130.0,14782410.0
2024-03-19 10:55:00,128365.47635050131,128244.52364949869,128250.0,128205.0,128330.0,128205.0,14572838.0
2024-03-19 11:00:00,128347.52321644116,128199.61964070171,128140.0,128135.0,128270.0,128135.0,14780906.5
2024-03-19 11:05:00,128306.73211036257,128163.26788963743,128125.0,128110.0,128225.0,128110.0,14968767.0
2024-03-19 11:10:00,128294.65007519616,128138.20706766097,128125.0,128100.0,128255.0,128100.0,14868441.0
2024-03-19 11:15:00,128225.59150989013,128130.12277582416,128130.0,128085.0,128195.0,128085.0,14710628.0
2024-03-19 11:20:00,128222.76242454335,128130.09471831378,128235.0,128125.0,128250.0,128125.0,14176926.5
2024-03-19 11:25:00,128276.32261042585,128120.82024671702,128385.0,128235.0,128395.0,128230.0,14796103.0
2024-03-19 11:30:00,128377.09188456368,128108.62240115061,128560.0,128340.0,128590.0,128340.0,15573299.5
2024-03-19 11:35:00,128493.48779562554,128140.79791866017,128660.0,128515.0,128710.0,128510.0,16331141.5
2024-03-19 11:40:00,128575.5967919899,128205.83177943868,128640.0,128570.0,128690.0,128570.0,15616828.0
2024-03-19 11:45:00,128634.28270179016,128292.86015535271,128635.0,128590.0,128665.0,128585.0,15872691.5
2024-03-19 11:50:00,128682.24361556105,128409.18495586753,128705.0,128610.0,128725.0,128605.0,16211040.0
2024-03-19 11:55:00,128691.20784576246,128521.64929709467,128660.0,128640.0,128745.0,128635.0,15726165.5
2024-03-19 12:00:00,128675.58547635109,128578.70023793462,128530.0,128535.0,128680.0,128525.0,16052210.0
2024-03-19 12:05:00,128680.61068457397,128546.5321725689,128465.0,128440.0,128555.0,128435.0,16409426.0
2024-03-19 12:10:00,128664.69378570496,128529.59192858075,128545.0,128510.0,128590.0,128465.0,15373669.0
2024-03-19 12:15:00,128653.28282015744,128521.00289412827,128570.0,128520.0,128585.0,128520.0,15606109.0
2024-03-19 12:20:00,128640.67399917143,128512.1831436857,128560.0,128515.0,128620.0,128510.0,15697440.0
2024-03-19 12:25:00,128602.4219086729,128510.43523418423,128565.0,128550.0,128610.0,128520.0,15427843.5
2024-03-19 12:30:00,128567.63949555015,128510.93193302127,128540.0,128520.0,128585.0,128505.0,15412623.0
2024-03-19 12:35:00,128568.13481429334,128483.29375713524,128435.0,128430.0,128545.0,128430.0,15752859.5
2024-03-19 12:40:00,128568.5729667487,128477.14131896559,128445.0,128395.0,128475.0,128395.0,17492660.0
2024-03-19 12:45:00,128565.0893242756,128474.9106757244,128525.0,128440.0,128535.0,128435.0,15006596.5
2024-03-19 12:50:00,128548.63856354976,128459.93286502166,128460.0,128440.0,128535.0,128435.0,15739283.5
2024-03-19 12:55:00,128542.32418460026,128459.10438682832,128535.0,128475.0,128550.0,128465.0,16088797.5
2024-03-19 13:00:00,128530.43760069198,128458.13382787944,128520.0,128485.0,128555.0,128480.0,16501937.0
2024-03-19 13:05:00,128523.17168337651,128456.82831662349,128510.0,128450.0,128525.0,128450.0,15649811.5
2024-03-19 13:10:00,128530.97231863436,128474.74196707993,128525.0,128500.0,128570.0,128480.0,15292950.0
2024-03-19 13:15:00,128552.06914135657,128493.64514435772,128585.0,128535.0,128630.0,128525.0,15956796.0
2024-03-19 13:20:00,128551.35485564228,128492.93085864343,128520.0,128515.0,128610.0,128515.0,16712868.0
2024-03-19 13:25:00,128550.32763083006,128498.24379774136,128475.0,128435.0,128535.0,128435.0,16278922.5
2024-03-19 13:30:00,128546.29933878074,128493.70066121926,128505.0,128435.0,128505.0,128435.0,15763134.5
2024-03-19 13:35:00,128553.31415331872,128496.68584668128,128555.0,128490.0,128555.0,128475.0,15794111.0
2024-03-19 13:40:00,128552.5906064916,128494.55225065126,128500.0,128490.0,128555.0,128490.0,16489167.5
2024-03-19 13:45:00,128551.26503158179,128493.02068270392,128515.0,128430.0,128520.0,128430.0,15981796.0
2024-03-19 13:50:00,128540.95935719548,128494.75492851881,128555.0,128475.0,128570.0,128475.0,16051467.0
2024-03-19 13:55:00,128590.49266471894,128488.07876385248,128670.0,128550.0,128680.0,128550.0,16270367.5
2024-03-19 14:00:00,128646.61721660268,128504.8113548259,128730.0,128615.0,128845.0,128610.0,17221380.0
2024-03-19 14:05:00,128697.9800647775,128527.73422093679,128765.0,128655.0,128775.0,128655.0,16824239.5
2024-03-19 14:10:00,128737.33127026203,128549.81158688084,128770.0,128760.0,128820.0,128750.0,17476169.5
2024-03-19 14:15:00,128773.64021331446,128597.78835811412,128795.0,128720.0,128805.0,128720.0,16366426.0
2024-03-19 14:20:00,128799.85340960872,128657.28944753415,128815.0,128740.0,128830.0,128740.0,18108956.0
2024-03-19 14:25:00,128814.10862958712,128724.4627989843,128840.0,128765.0,128870.0,128765.0,18561081.5
2024-03-19 14:30:00,128842.88704938783,128758.54152204074,128890.0,128840.0,128910.0,128835.0,17025111.0
2024-03-19 14:35:00,128866.45847795931,128782.1129506121,128895.0,128860.0,128950.0,128860.0,17620383.5
2024-03-19 14:40:00,128896.13298673273,128801.00987041014,128935.0,128870.0,128945.0,128870.0,18781636.0
2024-03-19 14:45:00,128905.45631798857,128825.97225344,128890.0,128885.0,128950.0,128880.0,17442468.0
2024-03-19 14:50:00,128904.85312060911,128833.7183079623,128820.0,128795.0,128905.0,128795.0,16157266.5
2024-03-19 14:55:00,128908.65448750123,128848.48836964164,128880.0,128815.0,128890.0,128815.0,16569294.5
2024-03-19 15:00:00,128916.48620852557,128860.6566486173,128910.0,128850.0,128925.0,128845.0,17450412.5
2024-03-19 15:05:00,128915.16469321364,128859.12102107207,128880.0,128855.0,128915.0,128850.0,16702884.5
2024-03-19 15:10:00,128925.83945537538,128861.3034017675,128940.0,128880.0,128950.0,128880.0,16603828.0
2024-03-19 15:15:00,128920.77245174871,128860.65611967987,128915.0,128875.0,128975.0,128875.0,16812004.0
2024-03-19 15:20:00,128921.51163035839,128861.34551249874,128895.0,128890.0,128950.0,128890.0,16720625.5
2024-03-19 15:25:00,128925.71916101035,128888.56655327536,128930.0,128890.0,128970.0,128890.0,17019527.0
2024-03-19 15:30:00,128934.09361477762,128854.4778137938,128790.0,128755.0,128940.0,128750.0,18401263.0
2024-03-19 15:35:00,128931.49381739591,128804.22046831838,128725.0,128630.0,128820.0,128630.0,17724338.5
2024-03-19 15:40:00,128921.65902617699,128778.34097382301,128755.0,128705.0,128770.0,128705.0,17172983.5
2024-03-19 15:45:00,128891.6153644126,128746.95606415882,128725.0,128695.0,128785.0,128695.0,18230270.0
2024-03-19 15:50:00,128861.33289853224,128694.38138718205,128625.0,128595.0,128735.0,128595.0,17743289.0
2024-03-19 15:55:00,128823.84085549347,128671.87343022082,128685.0,128555.0,128705.0,128550.0,17676063.0
2024-03-19 16:00:00,128754.63469187464,128649.65102241107,128610.0,128600.0,128725.0,128600.0,18118398.0
2024-03-19 16:05:00,128725.52552600195,128618.76018828376,128580.0,128505.0,128620.0,128505.0,18087570.0
2024-03-19 16:10:00,128708.04506756691,128601.95493243309,128605.0,128515.0,128625.0,128515.0,17933703.5
2024-03-19 16:15:00,128689.78287361831,128603.07426923882,128695.0,128585.0,128715.0,128580.0,16930012.0
2024-03-19 16:20:00,128683.39812854466,128603.7447285982,128705.0,128660.0,128745.0,128660.0,17682340.5
2024-03-19 16:25:00,128687.23017791184,128608.48410780245,128655.0,128640.0,128730.0,128640.0,17152999.0
2024-03-19 16:30:00,128685.53650933101,128535.89206209757,128425.0,128395.0,128660.0,128395.0,17921360.0
2024-03-19 16:35:00,128677.12299237977,128515.73415047736,128510.0,128320.0,128525.0,128320.0,17351503.0
2024-03-19 16:40:00,128670.31786193559,128495.3964237787,128485.0,128475.0,128565.0,128470.0,17169451.5
2024-03-19 16:45:00,128655.7516273167,128457.10551554043,128420.0,128400.0,128525.0,128400.0,18331387.5
2024-03-19 16:50:00,128619.56574724417,128446.14853847012,128530.0,128370.0,128560.0,128370.0,17752791.0
2024-03-19 16:55:00,128564.69996087259,128439.58575341312,128490.0,128420.0,128550.0,128420.0,16021809.5
2024-03-19 17:00:00,128512.25368017748,128446.31774839394,128495.0,128475.0,128580.0,128475.0,15152059.0
2024-03-19 17:05:00,128525.36786065188,128464.63213934812,128535.0,128495.0,128545.0,128495.0,15062452.5
2024-03-19 17:10:00,128544.7796846101,128465.2203153899,128580.0,128535.0,128625.0,128530.0,17834820.5
2024-03-19 17:15:00,128550.19174612044,128471.23682530814,128525.0,128505.0,128590.0,128500.0,15284003.5
2024-03-19 17:20:00,128549.96414050707,128502.89300235006,128530.0,128525.0,128570.0,128515.0,15142374.0
2024-03-19 17:25:00,128546.68248218129,128496.17466067584,128495.0,128490.0,128560.0,128490.0,15205130.0
2024-03-19 17:30:00,128547.41196026278,128486.87375402293,128460.0,128430.0,128495.0,128430.0,17650564.0
2024-03-19 17:35:00,128546.88495951059,128484.543611918,128485.0,128455.0,128500.0,128455.0,16225874.5
2024-03-19 17:40:00,128539.41923471785,128473.43790813928,128470.0,128455.0,128485.0,128455.0,15056349.5
2024-03-19 17:45:00,128515.72835271752,128474.27164728248,128500.0,128450.0,128515.0,128450.0,14017827.5
2024-03-19 17:50:00,128509.5562045853,128473.30093827183,128500.0,128485.0,128525.0,128485.0,13968011.5
2024-03-19 17:55:00,128498.90644298865,128473.95069986848,128495.0,128460.0,128505.0,128460.0,16524234.5
2024-03-20 10:00:00,128506.02344535943,128473.97655464057,128520.0,128510.0,128610.0,128485.0,14294381.0
2024-03-20 10:05:00,128521.41143588409,128482.87427840162,128545.0,128500.0,128680.0,128500.0,14646784.0
2024-03-20 10:10:00,128585.55402264145,128474.44597735855,128680.0,128540.0,128740.0,128535.0,13791938.0
2024-03-20 10:15:00,128606.85137517238,128494.5771962562,128615.0,128585.0,128940.0,128585.0,14280210.0
2024-03-20 10:20:00,128610.00020607792,128502.85693677921,128540.0,128525.0,128640.0,128525.0,15225648.5
2024-03-20 10:25:00,128610.00020607792,128502.85693677921,128500.0,128475.0,128570.0,128475.0,14561472.5
2024-03-20 10:30:00,128614.83209594178,128516.5964754868,128560.0,128460.0,128700.0,128430.0,14234389.0
2024-03-20 10:35:00,128634.74182088608,128532.4010362568,128645.0,128515.0,128745.0,128515.0,14573747.0
2024-03-20 10:40:00,128635.88754081218,128535.5410306164,128560.0,128500.0,128675.0,128495.0,14349888.5
2024-03-20 10:45:00,128629.31200389157,128536.40228182272,128660.0,128560.0,128670.0,128550.0,14507272.5
2024-03-20 10:50:00,128658.21656504825,128536.06914923746,128715.0,128545.0,128715.0,128545.0,14805409.5
2024-03-20 10:55:00,128717.8501906126,128552.1498093874,128805.0,128675.0,128845.0,128665.0,14690765.0
2024-03-20 11:00:00,128717.60853667144,128555.24860618569,128510.0,128500.0,128805.0,128495.0,15097658.0
2024-03-20 11:05:00,128719.07322162489,128515.21249266082,128425.0,128460.0,128555.0,128410.0,14365994.0
2024-03-20 11:10:00,128701.73333371597,128473.98095199832,128440.0,128460.0,128480.0,128365.0,14243128.0
2024-03-20 11:15:00,128692.4342425237,128426.13718604772,128360.0,128460.0,128460.0,128355.0,14163546.5
2024-03-20 11:20:00,128657.46615657314,128386.81955771257,128400.0,128395.0,128425.0,128350.0,14918478.0
2024-03-20 11:25:00,128594.39992175072,128344.1715068207,128345.0,128425.0,128425.0,128325.0,15007573.5
2024-03-20 11:30:00,128451.97097213082,128343.74331358347,128305.0,128350.0,128360.0,128260.0,14947764.5
2024-03-20 11:35:00,128412.48230206668,128318.9462693619,128285.0,128325.0,128340.0,128230.0,16047954.0
2024-03-20 11:40:00,128395.76193799035,128311.38091915252,128340.0,128370.0,128370.0,128250.0,14332237.0
2024-03-20 11:45:00,128368.03855853935,128309.10429860352,128335.0,128380.0,128385.0,128300.0,15208310.5
2024-03-20 11:50:00,128361.70816722728,128304.00611848701,128320.0,128415.0,128425.0,128315.0,14454975.0
2024-03-20 11:55:00,128379.87569690257,128298.69573166885,128445.0,128430.0,128450.0,128290.0,14827013.5
2024-03-20 12:00:00,128413.71826484925,128300.56744943646,128470.0,128460.0,128485.0,128400.0,15322750.0
2024-03-20 12:05:00,128428.40442800247,128317.30985771182,128415.0,128460.0,128485.0,128380.0,15142594.5
2024-03-20 12:10:00,128443.88102288796,128346.11897711204,128440.0,128460.0,128480.0,128390.0,15449387.5
2024-03-20 12:15:00,128457.70584455902,128363.72272686956,128450.0,128460.0,128500.0,128400.0,15631769.0
2024-03-20 12:20:00,128479.3999337455,128389.17149482592,128500.0,128460.0,128500.0,128425.0,14181513.0
2024-03-20 12:25:00,128480.84567249827,128434.86861321602,128485.0,128460.0,128565.0,128455.0,15009159.5
2024-03-20 12:30:00,128497.40947744114,128439.73337970173,128520.0,128470.0,128555.0,128470.0,14945887.5
2024-03-20 12:35:00,128509.8923240265,128442.96481883063,128525.0,128495.0,128575.0,128490.0,16322624.5
2024-03-20 12:40:00,128551.23681876183,128458.76318123817,128615.0,128525.0,128620.0,128525.0,14976817.5
2024-03-20 12:45:00,128578.45683481207,128480.11459375935,128610.0,128605.0,128660.0,128605.0,15062166.0
2024-03-20 12:50:00,128588.9053875225,128505.3803267632,128575.0,128575.0,128620.0,128575.0,14686259.0
2024-03-20 12:55:00,128614.76100849692,128520.95327721737,128645.0,128545.0,128645.0,128545.0,15148679.5
2024-03-20 13:00:00,128644.59224809214,128548.26489476499,128685.0,128620.0,128720.0,128620.0,15697607.0
2024-03-20 13:05:00,128689.29514346475,128570.70485653525,128755.0,128690.0,128760.0,128690.0,14750676.0
2024-03-20 13:10:00,128710.60493564505,128606.53792149782,128725.0,128695.0,128765.0,128695.0,16220573.0
2024-03-20 13:15:00,128736.48613819366,128622.08529037776,128760.0,128685.0,128775.0,128685.0,14391967.5
2024-03-20 13:20:00,128760.48779823772,128645.22648747657,128775.0,128735.0,128800.0,128735.0,16250727.0
2024-03-20 13:25:00,128779.412538572,128692.01603285658,128805.0,128765.0,128840.0,128760.0,16087864.5
2024-03-20 13:30:00,128780.10793124359,128719.89206875641,128745.0,128740.0,128825.0,128740.0,16084388.0
2024-03-20 13:35:00,128804.89235257346,128740.82193314083,128845.0,128740.0,128860.0,128740.0,15583965.5
2024-03-20 13:40:00,128849.85329044698,128743.00385241015,128920.0,128850.0,128955.0,128845.0,16860166.0
2024-03-20 13:45:00,128892.0785806481,128765.06427649477,128950.0,128915.0,128970.0,128915.0,16349274.5
2024-03-20 13:50:00,128914.93572350524,128787.92141935189,128920.0,128880.0,128985.0,128880.0,17341595.5
2024-03-20 13:55:00,128940.86181798574,128813.42389629997,128955.0,128900.0,128965.0,128900.0,15459116.0
2024-03-20 14:00:00,129020.26465696232,128829.73534303768,129140.0,128930.0,129190.0,128930.0,17414386.5
2024-03-20 14:05:00,129067.09237402897,128891.47905454245,129125.0,129090.0,129190.0,129090.0,16554449.5
2024-03-20 14:10:00,129093.065047688,128935.50638088342,129090.0,129085.0,129160.0,129085.0,16281656.0
2024-03-20 14:15:00,129123.1640653783,128966.8359346217,129135.0,129085.0,129160.0,129085.0,16656910.0
2024-03-20 14:20:00,129147.97391381448,128997.74037189981,129145.0,129105.0,129175.0,129100.0,17872064.0
2024-03-20 14:25:00,129154.60752911701,129048.24961374012,129120.0,129100.0,129175.0,129100.0,17524016.0
2024-03-20 14:30:00,129138.46712990459,129105.81858438112,129100.0,129100.0,129170.0,129095.0,17394550.0
2024-03-20 14:35:00,129134.92205896003,129083.64936961139,129050.0,129025.0,129120.0,129025.0,17128212.0
2024-03-20 14:40:00,129145.53991789764,129084.46008210236,129165.0,129015.0,129180.0,129015.0,16316466.5
2024-03-20 14:45:00,129170.39071294028,129092.46642991685,129205.0,129120.0,129245.0,129120.0,15838318.5
2024-03-20 14:50:00,129165.81985183954,129084.18014816046,129090.0,129050.0,129215.0,129050.0,14977747.0
2024-03-20 14:55:00,129158.46392026832,129075.82179401739,129090.0,129000.0,129150.0,129000.0,13475286.5
2024-03-20 15:00:00,129278.70275035112,129054.15439250601,129465.0,129090.0,129580.0,129090.0,14573613.0
2024-03-20 15:05:00,129333.37090709322,129080.91480719249,129385.0,129315.0,129560.0,129295.0,14186371.0
2024-03-20 15:10:00,129377.39535654664,129132.60464345336,129385.0,129360.0,129515.0,129350.0,13812180.5
2024-03-20 15:15:00,129384.94624787121,129147.91089498592,129245.0,129235.0,129395.0,129230.0,14094064.5
2024-03-20 15:20:00,129386.86492343614,129151.70650513528,129225.0,129125.0,129265.0,129125.0,15477581.5
2024-03-20 15:25:00,129444.1239357683,129211.590349946,129500.0,129205.0,129505.0,129200.0,15415260.0
2024-03-20 15:30:00,129443.09457003644,129216.90542996356,129105.0,129105.0,129535.0,129105.0,15580539.5
2024-03-20 15:35:00,129486.05975444627,129213.94024555373,129605.0,129100.0,129630.0,129100.0,15858919.5
2024-03-20 15:40:00,129567.44110496277,129222.55889503723,129700.0,129465.0,129750.0,129465.0,15373503.0
2024-03-20 15:45:00,129677.66575895829,129242.33424104171,129840.0,129675.0,129870.0,129675.0,15898705.5
2024-03-20 15:50:00,129807.73133120249,129315.12581165464,129955.0,129670.0,130015.0,129670.0,15646690.5
2024-03-20 15:55:00,129907.29669368475,129426.98902060096,129965.0,129835.0,130030.0,129835.0,15020917.5
2024-03-20 16:00:00,129976.57985073623,129486.2772921209,129950.0,129875.0,130025.0,129875.0,15153112.0
2024-03-20 16:05:00,130001.37709711156,129738.62290288844,130075.0,129945.0,130155.0,129945.0,15505707.5
2024-03-20 16:10:00,130016.76891401541,129827.5168002703,129970.0,129950.0,130110.0,129950.0,15381067.0
2024-03-20 16:15:00,130052.85741763134,129909.99972522579,130115.0,129940.0,130150.0,129940.0,14641642.0
2024-03-20 16:20:00,130069.38650323529,129959.18492533613,130070.0,130030.0,130150.0,130030.0,15375920.0
2024-03-20 16:25:00,130087.06771510471,129978.64657060958,130085.0,130050.0,130135.0,130040.0,14907103.5
2024-03-20 16:30:00,130096.28352172473,129998.00219256098,130065.0,130055.0,130130.0,130055.0,15649163.5
2024-03-20 16:35:00,130094.9544983023,130019.33121598342,130020.0,130015.0,130090.0,130010.0,14969684.0
2024-03-20 16:40:00,130088.46860064438,129987.24568506991,129940.0,129950.0,130070.0,129940.0,15823116.5
2024-03-20 16:45:00,130092.1929092291,129959.23566219948,129885.0,129885.0,129985.0,129885.0,16046108.0
2024-03-20 16:50:00,130062.78107849289,129935.79035007853,129930.0,129835.0,129930.0,129835.0,15677151.0
2024-03-20 16:55:00,130080.2747066521,129935.4395790622,130130.0,129920.0,130170.0,129920.0,16894678.5
2024-03-20 17:00:00,130085.57151622268,129935.8570552059,130105.0,130015.0,130140.0,130015.0,15725034.0
2024-03-20 17:05:00,130090.16837800508,129936.97447913779,130085.0,130045.0,130125.0,130045.0,15024491.5
2024-03-20 17:10:00,130100.25065128523,129942.6064915719,130075.0,130045.0,130100.0,130045.0,15530737.5
2024-03-20 17:15:00,130123.74046391863,129969.1166789385,130115.0,130070.0,130170.0,130065.0,15952781.0
2024-03-20 17:20:00,130138.1130206027,130026.17269368301,130135.0,130095.0,130145.0,130095.0,14976819.0
2024-03-20 17:25:00,130163.563576288,130085.00785228342,130225.0,130130.0,130235.0,130130.0,15907359.5
2024-03-20 17:30:00,130174.17430099,130088.68284186714,130180.0,130170.0,130230.0,130170.0,15635955.5
2024-03-20 17:35:00,130204.45952563571,130098.39761722142,130245.0,130180.0,130270.0,130175.0,16421384.0
2024-03-20 17:40:00,130212.96120922203,130117.03879077797,130180.0,130160.0,130250.0,130160.0,14048824.5
2024-03-20 17:45:00,130228.98583616866,130148.1570209742,130240.0,130165.0,130260.0,130165.0,12916519.5
2024-03-20 17:50:00,130278.5927700299,130167.12151568438,130355.0,130240.0,130410.0,130240.0,14610282.5
2024-03-20 17:55:00,130301.95550001679,130196.61592855463,130320.0,130305.0,130370.0,130305.0,12981946.0
2024-03-21 10:00:00,130319.81509067482,130207.32776646805,130325.0,130330.0,130350.0,130070.0,15860678.5
2024-03-21 10:05:00,130320.83529642866,130220.59327499992,130230.0,130330.0,130345.0,130190.0,15399627.5
2024-03-21 10:10:00,130322.97037018309,130224.17248695978,130265.0,130330.0,130345.0,130160.0,14836666.5
2024-03-21 10:15:00,130338.8250771524,130164.03206570473,130025.0,130280.0,130280.0,129975.0,15454392.0
2024-03-21 10:20:00,130334.00677431936,130094.56465425206,129980.0,130095.0,130095.0,129955.0,15576139.5
2024-03-21 10:25:00,130287.52867900062,130022.47132099938,129940.0,130035.0,130035.0,129885.0,14972427.0
2024-03-21 10:30:00,130241.50399728953,129891.3531455676,129700.0,129955.0,129955.0,129645.0,15989466.5
2024-03-21 10:35:00,130156.56322737237,129787.72248691334,129665.0,129745.0,129745.0,129625.0,16637898.5
2024-03-21 10:40:00,130071.10596950816,129688.89403049184,129585.0,129725.0,129725.0,129580.0,16453865.5
2024-03-21 10:45:00,129935.62216769622,129611.52068944665,129520.0,129720.0,129720.0,129505.0,17034047.5
2024-03-21 10:50:00,129851.33771624099,129541.51942661614,129485.0,129625.0,129625.0,129460.0,16205757.0
2024-03-21 10:55:00,129753.93692250116,129476.06307749884,129410.0,129525.0,129525.0,129405.0,15679131.5
2024-03-21 11:00:00,129631.57570013001,129438.42429986999,129380.0,129420.0,129425.0,129295.0,16222006.0
2024-03-21 11:05:00,129575.6074640126,129401.53539313027,129375.0,129445.0,129445.0,129345.0,15487939.0
2024-03-21 11:10:00,129513.16441742126,129375.40701115016,129355.0,129370.0,129385.0,129270.0,16127316.0
2024-03-21 11:15:00,129463.25327181329,129351.03244247242,129325.0,129405.0,129405.0,129285.0,16452864.5
2024-03-21 11:20:00,129429.5493618904,129296.16492382389,129210.0,129340.0,129340.0,129205.0,15798528.0
2024-03-21 11:25:00,129387.65632868251,129266.6293856032,129235.0,129285.0,129285.0,129205.0,15832578.0
2024-03-21 11:30:00,129361.4953873864,129251.36175547073,129265.0,129305.0,129310.0,129225.0,15252608.5
2024-03-21 11:35:00,129338.6550885003,129238.48776864258,129255.0,129295.0,129305.0,129230.0,14788317.0
2024-03-21 11:40:00,129329.5159300947,129239.05549847672,129345.0,129420.0,129420.0,129255.0,17240619.0
2024-03-21 11:45:00,129337.58080775154,129238.13347796275,129380.0,129395.0,129395.0,129330.0,15291244.0
2024-03-21 11:50:00,129338.70737180728,129238.43548533559,129330.0,129400.0,129400.0,129315.0,15406226.5
2024-03-21 11:55:00,129344.86985751496,129260.84442819933,129310.0,129385.0,129385.0,129305.0,16038110.5
2024-03-21 12:00:00,129345.75631686318,129274.24368313682,129285.0,129345.0,129345.0,129270.0,15685772.0
2024-03-21 12:05:00,129348.61530381291,129284.24183904422,129310.0,129325.0,129325.0,129245.0,16109041.5
2024-03-21 12:10:00,129348.12624597872,129287.58803973556,129265.0,129345.0,129345.0,129235.0,15733985.0
2024-03-21 12:15:00,129339.97748845912,129281.45108296946,129295.0,129300.0,129305.0,129255.0,14995782.5
2024-03-21 12:20:00,129314.4993033476,129281.21498236668,129290.0,129310.0,129315.0,129275.0,15437510.0
2024-03-21 12:25:00,129304.43944248607,129279.84627179964,129290.0,129320.0,129320.0,129230.0,16068496.5
2024-03-21 12:30:00,129299.23814224251,129277.90471490036,129285.0,129320.0,129320.0,129270.0,15412207.5
2024-03-21 12:35:00,129298.47920021764,129274.37794263949,129270.0,129305.0,129305.0,129250.0,15397215.5
2024-03-21 12:40:00,129291.41184918457,129262.87386510114,129245.0,129250.0,129275.0,129160.0,15934117.5
2024-03-21 12:45:00,129291.55395541509,129255.58890172778,129240.0,129270.0,129275.0,129220.0,14527688.0
2024-03-21 12:50:00,129284.8112317546,129250.90305395969,129255.0,129295.0,129295.0,129235.0,15395983.0
2024-03-21 12:55:00,129278.70598012296,129248.4368770199,129260.0,129285.0,129290.0,129230.0,15886166.5
2024-03-21 13:00:00,129270.6220573603,129246.52079978256,129255.0,129275.0,129275.0,129225.0,14436843.5
2024-03-21 13:05:00,129265.7283527197,129224.2716472803,129190.0,129275.0,129280.0,129175.0,16063106.5
2024-03-21 13:10:00,129257.36120065047,129214.06737077811,129205.0,129215.0,129220.0,129170.0,15749243.0
2024-03-21 13:15:00,129253.96198573145,129210.32372855426,129220.0,129255.0,129255.0,129195.0,15533281.5
2024-03-21 13:20:00,129253.96198573145,129210.32372855426,129240.0,129245.0,129250.0,129205.0,15352181.0
2024-03-21 13:25:00,129247.59857608158,129206.68713820413,129220.0,129235.0,129240.0,129190.0,16876190.0
2024-03-21 13:30:00,129236.54692731047,129197.73878697524,129190.0,129225.0,129230.0,129165.0,16692106.5
2024-03-21 13:35:00,129230.46198286866,129160.96658855992,129105.0,129170.0,129195.0,129060.0,17132989.0
2024-03-21 13:40:00,129232.66485109457,129115.90657747685,129040.0,129110.0,129120.0,129030.0,17425863.5
2024-03-21 13:45:00,129219.82547565836,129094.46023862735,129085.0,129090.0,129105.0,129040.0,16805971.0
2024-03-21 13:50:00,129198.93779371,129073.91934914712,129075.0,129075.0,129085.0,129035.0,15977860.5
2024-03-21 13:55:00,129189.90973239564,129074.37598189007,129210.0,129235.0,129245.0,129060.0,16775608.0
2024-03-21 14:00:00,129180.0819827878,129074.20373149791,129185.0,129215.0,129220.0,129125.0,15358743.5
2024-03-21 14:05:00,129182.82340928148,129074.31944786139,129200.0,129220.0,129225.0,129155.0,16716505.0
2024-03-21 14:10:00,129226.43932501768,129083.56067498232,129290.0,129315.0,129315.0,129185.0,16400960.0
2024-03-21 14:15:00,129245.82866908664,129121.31418805623,129240.0,129310.0,129310.0,129205.0,16428880.5
2024-03-21 14:20:00,129262.26068495163,129153.45360076266,129255.0,129280.0,129285.0,129235.0,16001706.5
2024-03-21 14:25:00,129269.17806686003,129205.10764742568,129280.0,129295.0,129295.0,129225.0,16751561.0
2024-03-21 14:30:00,129275.37222410469,129213.19920446673,129260.0,129305.0,129305.0,129250.0,15810163.0
2024-03-21 14:35:00,129275.69432326601,129228.5913910197,129240.0,129275.0,129280.0,129210.0,15935270.5
2024-03-21 14:40:00,129275.62460929112,129245.80396213746,129260.0,129260.0,129265.0,129210.0,16762213.0
2024-03-21 14:45:00,129268.3235078263,129245.96220645942,129265.0,129270.0,129275.0,129210.0,15844614.0
2024-03-21 14:50:00,129268.74960797261,129242.67896345597,129230.0,129290.0,129290.0,129220.0,17578998.0
2024-03-21 14:55:00,129271.79532354468,129216.77610502674,129175.0,129235.0,129240.0,129145.0,16871926.0
2024-03-21 15:00:00,129262.61837753089,129185.95305104053,129140.0,129170.0,129175.0,129105.0,16555862.0
2024-03-21 15:05:00,129256.40453164818,129132.16689692324,129050.0,129130.0,129140.0,129035.0,18034452.5
2024-03-21 15:10:00,129241.75582085861,129079.67275056997,129005.0,129055.0,129060.0,128980.0,16953336.0
2024-03-21 15:15:00,129209.59501343309,129054.69070085262,129060.0,129065.0,129070.0,128995.0,15987606.0
2024-03-21 15:20:00,129168.8539128026,129044.00323005453,129085.0,129115.0,129120.0,129060.0,15671304.0
2024-03-21 15:25:00,129133.11217634426,129042.60210937003,129100.0,129150.0,129150.0,129075.0,16604440.5
2024-03-21 15:30:00,129112.63713841981,129043.07714729448,129105.0,129140.0,129145.0,129090.0,16861917.0
2024-03-21 15:35:00,129109.41923471865,129043.43790813848,129130.0,129130.0,129135.0,129055.0,15840348.5
2024-03-21 15:40:00,129125.58225014465,129052.98917842677,129140.0,129165.0,129165.0,129100.0,16761524.5
2024-03-21 15:45:00,129136.9566377798,129084.47193364878,129155.0,129180.0,129180.0,129135.0,16312625.0
2024-03-21 15:50:00,129171.4383220369,129097.13310653451,129225.0,129240.0,129240.0,129155.0,17312341.5
2024-03-21 15:55:00,129203.91553436009,129111.7987513542,129250.0,129290.0,129290.0,129210.0,16892463.0
2024-03-21 16:00:00,129216.86525845672,129130.27759868615,129210.0,129255.0,129255.0,129180.0,16990067.0
2024-03-21 16:05:00,129232.49544678898,129153.21883892531,129240.0,129270.0,129270.0,129205.0,16826763.0
2024-03-21 16:10:00,129242.18219519067,129173.53209052361,129235.0,129275.0,129275.0,129225.0,16013682.5
2024-03-21 16:15:00,129240.99388151482,129183.29183277089,129170.0,129250.0,129250.0,129150.0,17030059.5
2024-03-21 16:20:00,129239.96414050889,129192.89300234824,129185.0,129230.0,129230.0,129165.0,15464986.5
2024-03-21 16:25:00,129241.95840045794,129193.75588525635,129235.0,129240.0,129240.0,129185.0,16487027.5
2024-03-21 16:30:00,129231.35063038903,129180.07794103955,129165.0,129235.0,129235.0,129160.0,16551577.5
2024-03-21 16:35:00,129235.30195132896,129131.84090581391,129055.0,129175.0,129175.0,129040.0,17324728.0
2024-03-21 16:40:00,129216.24135346751,129105.18721796107,129080.0,129115.0,129120.0,129040.0,15759665.0
2024-03-21 16:45:00,129191.70242619538,129074.01185951891,129040.0,129100.0,129100.0,128980.0,16929962.0
2024-03-21 16:50:00,129177.15348778677,129044.27508364181,129015.0,129070.0,129070.0,128990.0,17109630.0
2024-03-21 16:55:00,129154.27219774379,129028.58494511334,129050.0,129155.0,129155.0,128990.0,16845035.5
2024-03-21 17:00:00,129109.11523470924,129032.31333671934,129090.0,129155.0,129155.0,129045.0,15556496.5
2024-03-21 17:05:00,129072.72625456749,129031.55945971822,129035.0,129110.0,129110.0,129030.0,18623788.0
2024-03-21 17:10:00,129069.78690842075,129024.49880586496,129020.0,129045.0,129045.0,129005.0,15792563.0
2024-03-21 17:15:00,129064.45485805256,128986.97371337602,128930.0,129060.0,129060.0,128865.0,16048296.5
2024-03-21 17:20:00,129057.20824770475,128972.79175229525,128965.0,128970.0,128975.0,128900.0,16015321.5
2024-03-21 17:25:00,129054.77460957745,128969.51110470826,128995.0,129000.0,129000.0,128930.0,15011724.0
2024-03-21 17:30:00,129042.99347203346,128959.86367082367,128975.0,129000.0,129000.0,128950.0,15540824.5
2024-03-21 17:35:00,129011.03929031892,128947.5321382525,128935.0,128975.0,128975.0,128905.0,18258515.0
2024-03-21 17:40:00,128992.15117543755,128932.13453884816,128915.0,128950.0,128950.0,128905.0,15497824.0
2024-03-21 17:45:00,128971.99339644943,128922.29231783628,128915.0,128950.0,128950.0,128905.0,15794125.5
2024-03-21 17:50:00,128971.2993387814,128918.7006612186,128915.0,128950.0,128950.0,128880.0,15728885.5
2024-03-21 17:55:00,128963.97551533622,128907.45305609236,128900.0,128925.0,128925.0,128885.0,15455463.5
2024-03-22 10:00:00,128976.54775306665,128786.30938979048,128615.0,128630.0,128630.0,128400.0,14020981.0
2024-03-22 10:05:00,128950.48617927886,128692.37096357827,128555.0,128630.0,128630.0,128480.0,13910968.5
2024-03-22 10:10:00,128911.44022646565,128611.41691639148,128515.0,128560.0,128560.0,128450.0,13146245.0
2024-03-22 10:15:00,128860.99081653655,128564.72346917774,128575.0,128640.0,128645.0,128500.0,14360502.0
2024-03-22 10:20:00,128798.16029598894,128530.41113258248,128575.0,128745.0,128745.0,128520.0,13775821.0
2024-03-22 10:25:00,128718.06133034511,128427.65295536918,128275.0,128590.0,128590.0,128225.0,14064233.0
2024-03-22 10:30:00,128597.80030263365,128377.91398308064,128305.0,128505.0,128505.0,128215.0,14067535.5
2024-03-22 10:35:00,128561.02496375996,128357.54646481146,128415.0,128445.0,128450.0,128175.0,14204929.5
2024-03-22 10:40:00,128528.15533878778,128298.98751835509,128235.0,128410.0,128425.0,128180.0,14651414.5
2024-03-22 10:45:00,128500.38476858335,128281.04380284523,128355.0,128385.0,128385.0,128180.0,14277053.5
2024-03-22 10:50:00,128456.1912262175,128276.66591663963,128405.0,128445.0,128450.0,128340.0,14238811.0
2024-03-22 10:55:00,128398.90319546287,128285.38251882284,128405.0,128495.0,128495.0,128370.0,14204271.5
2024-03-22 11:00:00,128432.39535657788,128307.60464342212,128470.0,128500.0,128500.0,128390.0,14463163.0
2024-03-22 11:05:00,128441.96338609667,128325.1794710462,128400.0,128540.0,128540.0,128365.0,14448525.5
2024-03-22 11:10:00,128428.85749673577,128293.99964612136,128260.0,128435.0,128435.0,128225.0,14706816.5
2024-03-22 11:15:00,128438.17173246534,128253.25683896324,128125.0,128290.0,128295.0,128105.0,16212041.0
2024-03-22 11:20:00,128427.85395605958,128186.43175822613,128085.0,128145.0,128145.0,128030.0,16420435.0
2024-03-22 11:25:00,128393.73654059159,128146.26345940841,128145.0,128165.0,128165.0,128000.0,15792234.0
2024-03-22 11:30:00,128349.6478410794,128107.49501606348,128115.0,128170.0,128170.0,128070.0,15336121.5
2024-03-22 11:35:00,128287.98315289992,128109.15970424295,128260.0,128270.0,128270.0,128110.0,15164354.5
2024-03-22 11:40:00,128228.13613396914,128114.721008888,128210.0,128250.0,128270.0,128135.0,14589733.0
2024-03-22 11:45:00,128236.12271389671,128113.87728610329,128285.0,128290.0,128290.0,128190.0,14555606.0
2024-03-22 11:50:00,128263.87816428703,128131.83612142726,128285.0,128345.0,128345.0,128255.0,15473646.0
2024-03-22 11:55:00,128268.04506756586,128161.95493243414,128205.0,128270.0,128290.0,128165.0,14220290.5
2024-03-22 12:00:00,128302.4993375022,128184.64351964067,128345.0,128380.0,128380.0,128135.0,15915506.0
2024-03-22 12:05:00,128309.51536484057,128230.48463515943,128300.0,128435.0,128435.0,128290.0,16379754.5
2024-03-22 12:10:00,128318.14567651277,128236.14003777294,128310.0,128325.0,128325.0,128235.0,15305126.5
2024-03-22 12:15:00,128327.7874694483,128257.92681626599,128320.0,128360.0,128365.0,128255.0,16436006.5
2024-03-22 12:20:00,128345.06887411443,128263.502554457,128365.0,128400.0,128400.0,128290.0,15659060.0
2024-03-22 12:25:00,128358.18996608761,128271.81003391239,128360.0,128410.0,128410.0,128325.0,15931129.5
2024-03-22 12:30:00,128354.95559401867,128315.04440598133,128345.0,128380.0,128385.0,128290.0,14707227.5
2024-03-22 12:35:00,128351.29933877951,128298.70066122049,128275.0,128375.0,128375.0,128265.0,14757068.0
2024-03-22 12:40:00,128351.38605913207,128288.61394086793,128265.0,128315.0,128315.0,128235.0,15661811.0
2024-03-22 12:45:00,128350.13632917497,128267.0065279679,128230.0,128300.0,128300.0,128220.0,16238089.5
2024-03-22 12:50:00,128348.16387857281,128216.1218357129,128135.0,128230.0,128230.0,128135.0,15588386.5
2024-03-22 12:55:00,128320.5459477411,128182.31119511602,128150.0,128170.0,128175.0,128045.0,15360096.5
2024-03-22 13:00:00,128284.14860747529,128150.13710681042,128120.0,128200.0,128200.0,128095.0,15174074.0
2024-03-22 13:05:00,128239.8420664032,128130.1579335968,128120.0,128170.0,128170.0,128085.0,15504296.0
2024-03-22 13:10:00,128210.18651511852,128096.95634202435,128055.0,128130.0,128130.0,128020.0,15919734.0
2024-03-22 13:15:00,128176.16023490064,128045.26833652794,127965.0,128045.0,128055.0,127945.0,16380485.0
2024-03-22 13:20:00,128136.2423998733,128006.61474298383,127955.0,127965.0,127970.0,127875.0,16181528.0
2024-03-22 13:25:00,128115.19231895205,127986.23625247653,127990.0,128000.0,128000.0,127905.0,16684029.0
2024-03-22 13:30:00,128087.2606849499,127978.45360076439,128025.0,128035.0,128035.0,127940.0,16421876.5
2024-03-22 13:35:00,128060.60926960652,127969.39073039348,127995.0,128020.0,128030.0,127960.0,15627489.5
2024-03-22 13:40:00,128030.9029300711,127973.38278421461,128030.0,128085.0,128085.0,127980.0,15428598.5
2024-03-22 13:45:00,128041.64701006854,127971.21013278859,128085.0,128115.0,128115.0,128015.0,15701944.0
2024-03-22 13:50:00,128053.73049920637,127984.84092936505,128055.0,128085.0,128090.0,128030.0,14918397.0
2024-03-22 13:55:00,128058.62655590558,128005.65915838013,128045.0,128070.0,128070.0,128020.0,16236371.5
2024-03-22 14:00:00,128058.97551533394,128002.45305609464,127980.0,128080.0,128080.0,127945.0,16039695.5
2024-03-22 14:05:00,128065.15600202358,128006.272569405,128060.0,128060.0,128060.0,127970.0,13672295.0
2024-03-22 14:10:00,128065.40753732291,128010.30674839138,128010.0,128080.0,128080.0,128010.0,15454896.0
2024-03-22 14:15:00,128067.1657269608,127977.11998732491,127920.0,128015.0,128015.0,127910.0,15267562.0
2024-03-22 14:20:00,128052.3645032219,127920.49263963522,127835.0,127945.0,127945.0,127760.0,16005282.0
2024-03-22 14:25:00,128028.99619854408,127889.57523002735,127865.0,127865.0,127870.0,127780.0,15863221.0
2024-03-22 14:30:00,128001.08343125327,127844.63085446102,127790.0,127885.0,127890.0,127770.0,15864161.0
2024-03-22 14:35:00,127980.20012236622,127798.3713062052,127745.0,127810.0,127815.0,127740.0,16241456.5
2024-03-22 14:40:00,127921.63665500168,127774.0776307126,127770.0,127790.0,127795.0,127735.0,15945916.5
2024-03-22 14:45:00,127872.0514339437,127776.51999462771,127845.0,127845.0,127850.0,127730.0,16115312.5
2024-03-22 14:50:00,127839.7907550331,127770.2092449669,127785.0,127855.0,127855.0,127775.0,16180806.0
2024-03-22 14:55:00,127831.33207799413,127764.38220772016,127785.0,127825.0,127830.0,127760.0,15705241.0
2024-03-22 15:00:00,127809.18300948631,127740.81699051369,127705.0,127790.0,127800.0,127650.0,15926392.5
2024-03-22 15:05:00,127803.34066132897,127733.8021958139,127745.0,127745.0,127750.0,127665.0,16117505.0
2024-03-22 15:10:00,127807.4243723017,127739.71848484117,127780.0,127825.0,127840.0,127725.0,15295972.5
2024-03-22 15:15:00,127807.4243723017,127739.71848484117,127770.0,127825.0,127825.0,127750.0,15832468.0
2024-03-22 15:20:00,127782.79077190247,127720.06637095466,127690.0,127770.0,127775.0,127645.0,15900876.5
2024-03-22 15:25:00,127793.03314564425,127719.82399721288,127820.0,127830.0,127835.0,127670.0,16797417.0
2024-03-22 15:30:00,127808.34222545411,127720.22920311731,127840.0,127865.0,127865.0,127800.0,16324420.0
2024-03-22 15:35:00,127828.57945453699,127739.99197403443,127845.0,127860.0,127860.0,127820.0,16517073.5
2024-03-22 15:40:00,127828.57945453699,127739.99197403443,127745.0,127850.0,127855.0,127715.0,15295243.0
2024-03-22 15:45:00,127825.88654057971,127735.54203084887,127755.0,127765.0,127775.0,127705.0,15661151.5
2024-03-22 15:50:00,127847.09820303749,127742.90179696251,127870.0,127890.0,127890.0,127730.0,15220141.5
2024-03-22 15:55:00,127873.54739268214,127779.30975017499,127910.0,127920.0,127920.0,127850.0,15142041.5
2024-03-22 16:00:00,127869.6257168247,127770.3742831753,127775.0,127910.0,127915.0,127775.0,15929537.0
2024-03-22 16:05:00,127860.55456089297,127756.5882962499,127760.0,127785.0,127790.0,127710.0,14730610.5
2024-03-22 16:10:00,127847.0656156324,127725.79152722473,127690.0,127750.0,127765.0,127670.0,15222966.5
2024-03-22 16:15:00,127845.74350032763,127699.97078538666,127650.0,127745.0,127745.0,127625.0,16214820.5
2024-03-22 16:20:00,127849.81322408596,127704.47249019975,127785.0,127790.0,127795.0,127650.0,15722208.5
2024-03-22 16:25:00,127838.44228123338,127702.9862901952,127825.0,127835.0,127835.0,127785.0,15567201.0
2024-03-22 16:30:00,127808.37172992359,127705.91398436212,127815.0,127850.0,127855.0,127810.0,16669163.0
2024-03-22 16:35:00,127830.7357213142,127709.2642786858,127865.0,127880.0,127880.0,127785.0,16478437.0
2024-03-22 16:40:00,127851.7763449772,127718.2236550228,127865.0,127910.0,127910.0,127850.0,16867845.0
2024-03-22 16:45:00,127871.03692758903,127748.96307241097,127865.0,127895.0,127895.0,127830.0,16405202.0
2024-03-22 16:50:00,127864.30137526845,127814.27005330297,127855.0,127900.0,127900.0,127820.0,16928600.0
2024-03-22 16:55:00,127866.80079552985,127804.62777589873,127760.0,127865.0,127865.0,127725.0,16359316.0
2024-03-22 17:00:00,127864.9857069613,127799.3000073244,127800.0,127820.0,127820.0,127735.0,15998246.0
2024-03-22 17:05:00,127863.98755521583,127781.72673049846,127750.0,127850.0,127850.0,127745.0,17355115.0
2024-03-22 17:10:00,127849.59203337182,127761.83653805676,127745.0,127765.0,127770.0,127735.0,14679004.0
2024-03-22 17:15:00,127829.89734158646,127744.38837269925,127735.0,127785.0,127790.0,127715.0,15138122.0
2024-03-22 17:20:00,127804.4675803343,127736.96099109428,127750.0,127770.0,127770.0,127730.0,15381549.0
2024-03-22 17:25:00,127771.13755382439,127733.14816046132,127725.0,127760.0,127760.0,127715.0,14881900.0
2024-03-22 17:30:00,127780.13138678134,127734.15432750437,127795.0,127805.0,127805.0,127710.0,15482812.0
2024-03-22 17:35:00,127787.2773412006,127732.7226587994,127820.0,127840.0,127840.0,127790.0,14136509.5
2024-03-22 17:40:00,127795.26662029614,127737.59052256099,127795.0,127830.0,127830.0,127775.0,12639359.0
2024-03-22 17:45:00,127808.76651284576,127745.51920143995,127820.0,127815.0,127820.0,127785.0,14109020.0
2024-03-22 17:50:00,127811.57990500236,127755.5629521405,127780.0,127825.0,127825.0,127765.0,12063551.0
2024-03-22 17:55:00,127812.15555395735,127759.27301747123,127765.0,127795.0,127795.0,127755.0,14592711.0
2024-03-26 10:00:00,127875.21519983571,127573.3562287357,127295.0,127325.0,127325.0,127170.0,13359928.5
2024-03-26 10:05:00,127845.20208199485,127474.79791800515,127345.0,127360.0,127365.0,127285.0,15036069.0
2024-03-26 10:10:00,127788.53957584393,127385.74613844178,127310.0,127410.0,127420.0,127275.0,13856236.5
2024-03-26 10:15:00,127718.38461177207,127308.7582453708,127280.0,127380.0,127380.0,127250.0,13137581.0
2024-03-26 10:20:00,127625.09124246861,127270.62304324568,127360.0,127415.0,127420.0,127270.0,13436822.5
2024-03-26 10:25:00,127552.22265025448,127272.06306403123,127530.0,127540.0,127550.0,127355.0,14684449.5
2024-03-26 10:30:00,127424.86289318907,127290.85139252522,127385.0,127535.0,127540.0,127335.0,13676314.0
2024-03-26 10:35:00,127433.39507880807,127306.60492119193,127380.0,127500.0,127500.0,127370.0,12743322.5
2024-03-26 10:40:00,127474.6835614539,127318.17358140323,127530.0,127530.0,127545.0,127340.0,12297757.5
2024-03-26 10:45:00,127514.08236542509,127347.3462060035,127550.0,127615.0,127620.0,127515.0,12731113.5
2024-03-26 10:50:00,127542.46204728792,127398.96652414066,127560.0,127585.0,127610.0,127530.0,11966325.0
2024-03-26 10:55:00,127596.15690995606,127433.84309004394,127670.0,127650.0,127675.0,127560.0,12671606.5
2024-03-26 11:00:00,127654.25086205729,127438.60628079984,127750.0,127650.0,127810.0,127625.0,15010385.0
2024-03-26 11:05:00,127731.50287382139,127489.92569760719,127835.0,127730.0,127885.0,127720.0,15556594.5
2024-03-26 11:10:00,127775.58120714557,127570.13307856872,127815.0,127780.0,127885.0,127765.0,14367750.5
2024-03-26 11:15:00,127804.0189518844,127615.9810481156,127790.0,127710.0,127830.0,127700.0,13453061.0
2024-03-26 11:20:00,127805.64682492749,127650.0674607868,127675.0,127660.0,127790.0,127660.0,14790846.0
2024-03-26 11:25:00,127801.35342938767,127692.93228489804,127695.0,127640.0,127740.0,127635.0,14325609.5
2024-03-26 11:30:00,127810.067904283,127645.64638143129,127535.0,127640.0,127710.0,127525.0,14688112.5
2024-03-26 11:35:00,127796.1613605961,127606.69578226103,127565.0,127565.0,127580.0,127505.0,13340727.0
2024-03-26 11:40:00,127752.8319866291,127578.59658479948,127585.0,127605.0,127645.0,127515.0,14544328.0
2024-03-26 11:45:00,127710.46234251732,127570.96622891126,127640.0,127650.0,127725.0,127550.0,13491394.0
2024-03-26 11:50:00,127665.18714486765,127571.95571227522,127635.0,127650.0,127675.0,127585.0,12801685.0
2024-03-26 11:55:00,127651.52055544758,127567.05087312384,127610.0,127650.0,127675.0,127580.0,13476901.0
2024-03-26 12:00:00,127643.00766162842,127568.42090980016,127670.0,127610.0,127700.0,127555.0,14138730.0
2024-03-26 12:05:00,127677.34669789282,127589.79615925005,127730.0,127650.0,127745.0,127640.0,14123117.5
2024-03-26 12:10:00,127678.42681361614,127603.00175781244,127615.0,127650.0,127735.0,127600.0,13686195.5
2024-03-26 12:15:00,127688.9523003743,127621.0476996257,127685.0,127615.0,127700.0,127615.0,13685510.5
2024-03-26 12:20:00,127689.4675803343,127621.96099109428,127645.0,127650.0,127715.0,127640.0,13942511.0
2024-03-26 12:25:00,127689.89232402467,127622.96481883246,127640.0,127650.0,127685.0,127610.0,16952249.5
2024-03-26 12:30:00,127689.97403052839,127625.7402551859,127620.0,127650.0,127680.0,127580.0,15405404.0
2024-03-26 12:35:00,127685.01972228705,127599.26599199866,127560.0,127590.0,127635.0,127525.0,14746972.5
2024-03-26 12:40:00,127660.3678606498,127599.6321393502,127645.0,127610.0,127645.0,127530.0,14901367.0
2024-03-26 12:45:00,127703.06395819846,127601.22175608725,127770.0,127650.0,127790.0,127625.0,16282905.5
2024-03-26 12:50:00,127737.93581895951,127600.63560961191,127805.0,127720.0,127835.0,127720.0,14580876.0
2024-03-26 12:55:00,127761.17052155445,127613.11519273126,127770.0,127765.0,127830.0,127750.0,14108401.0
2024-03-26 13:00:00,127779.03787493847,127629.53355363295,127760.0,127710.0,127810.0,127705.0,15037335.5
2024-03-26 13:05:00,127799.40117161577,127656.31311409852,127785.0,127765.0,127825.0,127760.0,15743679.0
2024-03-26 13:10:00,127798.14567651233,127716.14003777338,127765.0,127750.0,127865.0,127745.0,15476892.0
2024-03-26 13:15:00,127794.83482777537,127765.16517222463,127805.0,127725.0,127820.0,127720.0,17094389.5
2024-03-26 13:20:00,127799.71416805772,127768.8572605137,127800.0,127780.0,127820.0,127770.0,15066845.0
2024-03-26 13:25:00,127802.75644838753,127768.67212304105,127815.0,127750.0,127825.0,127750.0,15372873.0
2024-03-26 13:30:00,127804.02012738178,127771.69415833251,127785.0,127790.0,127850.0,127780.0,15503611.0
2024-03-26 13:35:00,127804.92450416075,127766.50406726783,127745.0,127710.0,127820.0,127710.0,15767388.0
2024-03-26 13:40:00,127803.62655590542,127750.6591583803,127725.0,127705.0,127760.0,127700.0,14368684.5
2024-03-26 13:45:00,127802.15869006039,127743.5555956539,127735.0,127730.0,127775.0,127725.0,14435767.5
2024-03-26 13:50:00,127791.85913241652,127735.28372472635,127740.0,127750.0,127780.0,127735.0,14040435.0
2024-03-26 13:55:00,127779.7076573332,127721.72091409538,127710.0,127675.0,127765.0,127675.0,15265223.0
2024-03-26 14:00:00,127799.55689263229,127716.157393082,127865.0,127695.0,127940.0,127690.0,16610839.0
2024-03-26 14:05:00,127832.32123028861,127714.82162685426,127895.0,127825.0,127905.0,127825.0,14960706.0
2024-03-26 14:10:00,127856.88157258969,127727.40414169602,127875.0,127865.0,127925.0,127860.0,14310975.5
2024-03-26 14:15:00,127866.25249196465,127745.17607946393,127820.0,127805.0,127935.0,127800.0,15499016.0
2024-03-26 14:20:00,127868.13613396898,127754.72100888815,127775.0,127765.0,127825.0,127765.0,14606408.0
2024-03-26 14:25:00,127871.38935091875,127768.61064908125,127800.0,127730.0,127810.0,127725.0,15243311.5
2024-03-26 14:30:00,127868.29585648053,127790.27557209089,127775.0,127745.0,127815.0,127745.0,15064463.5
2024-03-26 14:35:00,127866.01365302608,127789.70063268821,127855.0,127755.0,127900.0,127750.0,15290294.5
2024-03-26 14:40:00,127846.51163035556,127786.34551250158,127815.0,127770.0,127880.0,127760.0,14685789.5
2024-03-26 14:45:00,127830.0335674789,127785.6807182354,127815.0,127770.0,127835.0,127760.0,15259216.5
2024-03-26 14:50:00,127825.24507147899,127779.04064280672,127780.0,127740.0,127820.0,127740.0,14042697.5
2024-03-26 14:55:00,127825.9326292173,127782.63879935411,127790.0,127760.0,127815.0,127760.0,14247861.0
2024-03-26 15:00:00,127831.42934050724,127785.71351663563,127830.0,127780.0,127850.0,127780.0,15809737.5
2024-03-26 15:05:00,127849.6359728724,127796.07831284188,127875.0,127840.0,127925.0,127830.0,16701943.0
2024-03-26 15:10:00,127838.95461904437,127781.04538095563,127765.0,127755.0,127880.0,127755.0,15809927.0
2024-03-26 15:15:00,127835.89570139491,127776.96144146222,127790.0,127745.0,127795.0,127740.0,15268384.0
2024-03-26 15:20:00,127841.13463137682,127778.86536862318,127840.0,127775.0,127855.0,127775.0,15414445.0
2024-03-26 15:25:00,127859.48289216994,127789.08853640148,127880.0,127825.0,127895.0,127825.0,15649999.5
2024-03-26 15:30:00,127866.48824315134,127799.22604256295,127850.0,127835.0,127885.0,127830.0,15598626.0
2024-03-26 15:35:00,127863.95793147851,127794.61349709291,127805.0,127785.0,127860.0,127780.0,15645206.0
2024-03-26 15:40:00,127848.91980049376,127782.50877093482,127780.0,127750.0,127820.0,127750.0,15193549.0
2024-03-26 15:45:00,127849.88514635005,127774.40056793566,127740.0,127735.0,127815.0,127735.0,16649190.0
2024-03-26 15:50:00,127848.33691779591,127765.9487964898,127755.0,127720.0,127780.0,127720.0,16249570.5
2024-03-26 15:55:00,127837.82494330934,127756.46077097637,127770.0,127755.0,127795.0,127750.0,14706894.0
2024-03-26 16:00:00,127808.45209585689,127744.40504700024,127735.0,127725.0,127780.0,127725.0,16340310.0
2024-03-26 16:05:00,127781.34661961047,127741.51052324666,127745.0,127700.0,127755.0,127700.0,15442017.5
2024-03-26 16:10:00,127767.11847758497,127741.45295098645,127755.0,127725.0,127785.0,127725.0,14729803.5
2024-03-26 16:15:00,127758.56378680727,127740.00764176415,127745.0,127730.0,127775.0,127730.0,14269849.5
2024-03-26 16:20:00,127761.7134067967,127724.00087891759,127695.0,127675.0,127750.0,127675.0,15042728.5
2024-03-26 16:25:00,127756.99501618149,127714.43355524709,127705.0,127680.0,127765.0,127680.0,14763002.5
2024-03-26 16:30:00,127750.46198286588,127680.9665885627,127630.0,127650.0,127710.0,127610.0,15904722.5
2024-03-26 16:35:00,127743.74457022907,127651.96971548522,127610.0,127610.0,127645.0,127595.0,16590654.0
2024-03-26 16:40:00,127727.76156422039,127633.66700720819,127625.0,127650.0,127685.0,127605.0,15228593.5
2024-03-26 16:45:00,127703.07300893089,127618.35556249769,127615.0,127610.0,127645.0,127600.0,14204782.5
2024-03-26 16:50:00,127676.20514346819,127615.22342796039,127640.0,127650.0,127655.0,127585.0,15352635.0
2024-03-26 16:55:00,127665.69467545087,127614.30532454913,127655.0,127625.0,127665.0,127590.0,14906019.0
2024-03-26 17:00:00,127643.13202259879,127618.29654882979,127640.0,127650.0,127695.0,127630.0,16481247.5
2024-03-26 17:05:00,127647.25120021525,127619.89165692762,127650.0,127650.0,127650.0,127605.0,14179429.5
2024-03-26 17:10:00,127649.71855398043,127627.42430316244,127645.0,127650.0,127660.0,127625.0,15010446.0
2024-03-26 17:15:00,127652.59692394288,127631.68879034283,127650.0,127650.0,127675.0,127635.0,14896836.0
2024-03-26 17:20:00,127650.8401651669,127642.01697769023,127645.0,127650.0,127685.0,127645.0,13621039.5
2024-03-26 17:25:00,127654.61907107549,127643.95235749593,127660.0,127650.0,127675.0,127645.0,14680734.0
2024-03-26 17:30:00,127653.54153637619,127643.60132076668,127650.0,127650.0,127665.0,127635.0,14501385.0
2024-03-26 17:35:00,127653.9647744269,127646.0352255731,127650.0,127650.0,127660.0,127640.0,19390377.0
2024-03-26 17:40:00,127653.54153637619,127643.60132076668,127640.0,127650.0,127660.0,127620.0,16900459.0
2024-03-26 17:45:00,127653.55923875852,127640.72647552719,127635.0,127635.0,127645.0,127610.0,15149412.0
2024-03-26 17:50:00,127652.23865472351,127637.76134527649,127635.0,127650.0,127655.0,127625.0,15444456.0
2024-03-26 17:55:00,127651.54116888193,127632.74454540378,127625.0,127640.0,127645.0,127615.0,13120460.5
2024-03-27 10:00:00,127677.80096503346,127530.77046353796,127395.0,127430.0,127430.0,127355.0,15236396.0
2024-03-27 10:05:00,127670.40956019152,127432.44758266561,127280.0,127395.0,127410.0,127250.0,14743792.5
2024-03-27 10:10:00,127635.23163584787,127381.911221295,127350.0,127385.0,127385.0,127235.0,14320957.0
2024-03-27 10:15:00,127590.55165962313,127328.01976894829,127295.0,127380.0,127380.0,127210.0,14323151.0
2024-03-27 10:20:00,127531.99982425549,127270.85731860164,127230.0,127325.0,127330.0,127175.0,14046085.5
2024-03-27 10:25:00,127453.28988816567,127236.71011183433,127240.0,127250.0,127250.0,127180.0,14286219.0
2024-03-27 10:30:00,127368.26275132816,127257.45153438613,127400.0,127435.0,127440.0,127200.0,14225246.0
2024-03-27 10:35:00,127341.3035535997,127240.12501782888,127240.0,127405.0,127410.0,127220.0,14602374.0
2024-03-27 10:40:00,127338.24319674211,127206.0425175436,127150.0,127280.0,127280.0,127130.0,13700595.0
2024-03-27 10:45:00,127312.42273186144,127167.57726813856,127125.0,127175.0,127175.0,127120.0,14177222.5
2024-03-27 10:50:00,127293.4286513159,127146.5713486841,127155.0,127240.0,127240.0,127120.0,14728416.0
2024-03-27 10:55:00,127298.68657045974,127149.88485811168,127260.0,127270.0,127270.0,127155.0,13929794.0
2024-03-27 11:00:00,127295.53147632116,127061.6113808217,126920.0,127260.0,127265.0,126870.0,15499212.5
2024-03-27 11:05:00,127219.33815161309,127006.3761341012,126940.0,126945.0,126950.0,126830.0,15444718.5
2024-03-27 11:10:00,127176.90196714293,126963.09803285707,126940.0,126980.0,126980.0,126890.0,14407720.5
2024-03-27 11:15:00,127191.52029226016,126965.62256488271,127210.0,127225.0,127225.0,126935.0,14635466.0
2024-03-27 11:20:00,127190.60037344186,126965.11391227243,127120.0,127215.0,127215.0,127080.0,14862487.0
2024-03-27 11:25:00,127207.36856376019,126968.3457219541,127225.0,127235.0,127235.0,127105.0,14802399.5
2024-03-27 11:30:00,127211.83754833665,126968.16245166335,127275.0,127310.0,127310.0,127195.0,15525469.0
2024-03-27 11:35:00,127275.39807274236,127024.60192725764,127340.0,127355.0,127355.0,127225.0,15300548.5
2024-03-27 11:40:00,127328.6572556894,127095.62845859631,127375.0,127390.0,127390.0,127305.0,15892834.5
2024-03-27 11:45:00,127351.60672132022,127198.39327867978,127380.0,127470.0,127470.0,127345.0,16166567.0
2024-03-27 11:50:00,127403.78711794186,127220.49859634385,127470.0,127475.0,127480.0,127355.0,15264464.5
2024-03-27 11:55:00,127422.58584549035,127288.84272593823,127425.0,127475.0,127480.0,127375.0,17202613.0
2024-03-27 12:00:00,127437.48097102056,127333.94760040802,127435.0,127465.0,127470.0,127390.0,16693239.0
2024-03-27 12:05:00,127453.20028918785,127373.94256795502,127470.0,127495.0,127495.0,127415.0,16352497.0
2024-03-27 12:10:00,127469.25887391057,127399.31255466085,127485.0,127530.0,127535.0,127455.0,15796997.5
2024-03-27 12:15:00,127473.22147171473,127416.77852828527,127450.0,127515.0,127515.0,127435.0,17349905.5
2024-03-27 12:20:00,127481.86598546419,127440.99115739294,127495.0,127500.0,127500.0,127440.0,17870658.0
2024-03-27 12:25:00,127490.73086962561,127442.12627323152,127505.0,127535.0,127535.0,127470.0,15925177.5
2024-03-27 12:30:00,127516.3024742712,127453.6975257288,127555.0,127565.0,127565.0,127505.0,16670142.5
2024-03-27 12:35:00,127555.47871270342,127465.94985872516,127615.0,127625.0,127640.0,127545.0,17951956.5
2024-03-27 12:40:00,127607.16553241732,127475.69161043981,127685.0,127700.0,127710.0,127610.0,17298584.5
2024-03-27 12:45:00,127649.1540183741,127495.13169591161,127700.0,127745.0,127765.0,127660.0,17814734.5
2024-03-27 12:50:00,127682.40790077811,127536.16352779331,127710.0,127700.0,127730.0,127690.0,17496079.5
2024-03-27 12:55:00,127699.9769638315,127572.88017902563,127685.0,127705.0,127725.0,127650.0,16062748.0
2024-03-27 13:00:00,127701.76047272321,127613.95381299108,127655.0,127690.0,127695.0,127640.0,17643285.0
2024-03-27 13:05:00,127699.5099668803,127649.06146169112,127670.0,127655.0,127680.0,127640.0,19327238.5
2024-03-27 13:10:00,127697.72625456327,127656.55945972244,127635.0,127625.0,127685.0,127620.0,17168739.5
2024-03-27 13:15:00,127694.80874058053,127638.0484022766,127610.0,127630.0,127650.0,127605.0,18531685.5
2024-03-27 13:20:00,127686.5542120421,127634.87435938648,127660.0,127655.0,127675.0,127605.0,18455643.5
2024-03-27 13:25:00,127673.90080871784,127634.67061985358,127665.0,127675.0,127690.0,127630.0,17847079.0
2024-03-27 13:30:00,127680.58281755348,127633.70289673223,127705.0,127740.0,127745.0,127655.0,19155520.0
2024-03-27 13:35:00,127694.797879201,127636.63069222758,127715.0,127700.0,127735.0,127690.0,19654871.5
2024-03-27 13:40:00,127702.13609886412,127639.29247256446,127705.0,127700.0,127720.0,127680.0,17546602.5
2024-03-27 13:45:00,127703.12733425398,127644.01552288889,127655.0,127700.0,127720.0,127645.0,19674356.0
2024-03-27 13:50:00,127704.5577681689,127665.4422318311,127690.0,127700.0,127730.0,127630.0,17938699.0
2024-03-27 13:55:00,127714.81448959095,127673.75693898047,127725.0,127735.0,127740.0,127665.0,20955663.5
2024-03-27 14:00:00,127742.70712328584,127680.15001957129,127785.0,127800.0,127815.0,127675.0,18650561.0
2024-03-27 14:05:00,127751.01754142695,127684.69674428734,127750.0,127800.0,127805.0,127740.0,18182157.5
2024-03-27 14:10:00,127752.49122906494,127686.08019950648,127725.0,127760.0,127760.0,127710.0,18967630.0
2024-03-27 14:15:00,127756.64141007155,127690.50144707132,127735.0,127765.0,127770.0,127710.0,19275430.5
2024-03-27 14:20:00,127755.6851637943,127695.74340763428,127670.0,127750.0,127755.0,127665.0,18975857.0
2024-03-27 14:25:00,127755.62403793815,127692.94739063327,127680.0,127675.0,127690.0,127650.0,18768209.0
2024-03-27 14:30:00,127752.0351811675,127685.10767597536,127685.0,127700.0,127705.0,127645.0,19955759.0
2024-03-27 14:35:00,127733.66489435248,127684.90653421894,127720.0,127740.0,127740.0,127655.0,19014399.5
2024-03-27 14:40:00,127722.6621264647,127683.0521592496,127705.0,127740.0,127740.0,127665.0,19488527.0
2024-03-27 14:45:00,127717.77802777794,127657.93625793635,127620.0,127710.0,127710.0,127610.0,18076535.0
2024-03-27 14:50:00,127705.72994669697,127655.69862473161,127685.0,127635.0,127705.0,127600.0,16632693.5
2024-03-27 14:55:00,127704.43958278303,127651.27470293126,127650.0,127710.0,127710.0,127640.0,17312973.5
2024-03-27 15:00:00,127703.72529706874,127650.56041721697,127675.0,127685.0,127685.0,127640.0,18205219.0
2024-03-27 15:05:00,127710.3573265827,127652.49981627443,127715.0,127730.0,127730.0,127655.0,16165043.5
2024-03-27 15:10:00,127783.5086134189,127633.63424372397,127910.0,127800.0,127915.0,127710.0,16830718.0
2024-03-27 15:15:00,127920.00315755073,127621.42541387785,128140.0,127905.0,128230.0,127905.0,18571756.0
2024-03-27 15:20:00,128006.08022564749,127672.49120292393,128100.0,128090.0,128175.0,128090.0,16362290.5
2024-03-27 15:25:00,128058.71377785839,127724.14336499874,128050.0,128045.0,128120.0,128045.0,17803624.0
2024-03-27 15:30:00,128090.13790922954,127797.00494791333,128015.0,127970.0,128070.0,127970.0,17566222.0
2024-03-27 15:35:00,128106.6362103118,127880.50664683107,128025.0,127980.0,128035.0,127980.0,16436279.5
2024-03-27 15:40:00,128100.57864720326,127985.13563851103,128060.0,128020.0,128095.0,128020.0,17005427.5
2024-03-27 15:45:00,128097.96184126356,128029.18101587931,128055.0,128030.0,128075.0,128030.0,16390983.5
2024-03-27 15:50:00,128071.17334893584,128027.39807963558,128040.0,128020.0,128075.0,128020.0,16672152.5
2024-03-27 15:55:00,128083.21584411593,128023.92701302694,128130.0,128030.0,128130.0,128030.0,16852591.0
2024-03-27 16:00:00,128149.94104705263,128015.77323866166,128255.0,128120.0,128280.0,128120.0,19385176.0
2024-03-27 16:05:00,128179.59494989496,128038.97647867646,128200.0,128190.0,128295.0,128190.0,18056275.5
2024-03-27 16:10:00,128193.3448223789,128063.79803476397,128160.0,128145.0,128205.0,128145.0,17649386.5
2024-03-27 16:15:00,128206.07983580335,128083.92016419665,128175.0,128150.0,128200.0,128145.0,16956658.0
2024-03-27 16:20:00,128226.39650744956,128113.60349255044,128230.0,128170.0,128270.0,128165.0,16988415.5
2024-03-27 16:25:00,128229.1062798505,128160.8937201495,128215.0,128200.0,128280.0,128200.0,17541876.5
2024-03-27 16:30:00,128229.04238418267,128176.67190153162,128185.0,128150.0,128215.0,128150.0,15766205.0
2024-03-27 16:35:00,128298.8332142357,128155.45250005001,128425.0,128180.0,128465.0,128180.0,18715084.5
2024-03-27 16:40:00,128356.02298078791,128166.83416206922,128440.0,128375.0,128445.0,128365.0,17461668.0
2024-03-27 16:45:00,128377.79891075706,128197.91537495723,128345.0,128335.0,128475.0,128335.0,17256277.5
2024-03-27 16:50:00,128413.16002293055,128235.41140564087,128430.0,128330.0,128480.0,128330.0,18337730.5
2024-03-27 16:55:00,128437.3741252578,128265.48301759933,128420.0,128375.0,128450.0,128370.0,18786461.5
2024-03-27 17:00:00,128444.40117161557,128301.31311409872,128365.0,128330.0,128420.0,128330.0,17881911.5
2024-03-27 17:05:00,128433.40653252853,128376.59346747147,128410.0,128345.0,128420.0,128345.0,17858916.5
2024-03-27 17:10:00,128425.94627158523,128365.48229984335,128360.0,128340.0,128420.0,128340.0,19167354.0
2024-03-27 17:15:00,128411.8904089563,128358.1095910437,128365.0,128335.0,128375.0,128335.0,16314334.5
2024-03-27 17:20:00,128412.78945701907,128365.78197155235,128375.0,128350.0,128375.0,128350.0,16866873.0
2024-03-27 17:25:00,128425.12297418348,128266.3055972451,128125.0,128105.0,128380.0,128105.0,19424067.0
2024-03-27 17:30:00,128399.75139381328,128237.3914633296,128230.0,128025.0,128275.0,128025.0,18616805.5
2024-03-27 17:35:00,128382.16815392501,128214.97470321786,128225.0,128215.0,128265.0,128215.0,17106876.5
2024-03-27 17:40:00,128345.05175391711,128179.2339603686,128155.0,128155.0,128225.0,128155.0,14483742.5
2024-03-27 17:45:00,128319.87434449501,128168.69708407641,128235.0,128155.0,128260.0,128155.0,14730327.0
2024-03-27 17:50:00,128288.50428863471,128162.92428279387,128235.0,128205.0,128265.0,128205.0,16157134.0
2024-03-27 17:55:00,128238.93833463857,128168.2045225043,128220.0,128205.0,128250.0,128205.0,14964377.5
2024-03-28 10:00:00,128241.45670545017,128158.54329454983,128100.0,127990.0,128140.0,127975.0,15100503.0
2024-03-28 10:05:00,128230.29941408716,128136.84344305571,128115.0,128020.0,128180.0,128015.0,14654211.0
2024-03-28 10:10:00,128228.25199864176,128053.17657278682,127925.0,127945.0,128160.0,127915.0,14456528.0
2024-03-28 10:15:00,128216.71448526485,127994.71408616373,127910.0,127945.0,127960.0,127870.0,14953205.0
2024-03-28 10:20:00,128173.65502632679,127932.0592593875,127865.0,127945.0,127975.0,127855.0,14441318.0
2024-03-28 10:25:00,128117.47654500049,127908.2377407138,127955.0,127945.0,128000.0,127860.0,13891661.5
2024-03-28 10:30:00,128095.78161368342,127911.36124345945,128155.0,127945.0,128180.0,127925.0,15264399.5
2024-03-28 10:35:00,128170.23044535499,127902.62669750214,128330.0,128155.0,128340.0,128150.0,14914860.5
2024-03-28 10:40:00,128283.40978498585,127898.01878644273,128495.0,128325.0,128565.0,128325.0,15981073.0
2024-03-28 10:45:00,128404.74828222983,127955.25171777017,128550.0,128470.0,128590.0,128470.0,15591037.5
2024-03-28 10:50:00,128474.34787496434,128042.79498217853,128460.0,128440.0,128590.0,128440.0,14882849.0
2024-03-28 10:55:00,128566.44185076401,128177.8438635217,128660.0,128420.0,128660.0,128420.0,14195975.0
2024-03-28 11:00:00,128591.74525285103,128325.39760429184,128560.0,128510.0,128700.0,128505.0,15751702.0
2024-03-28 11:05:00,128610.739273741,128437.83215483042,128615.0,128515.0,128655.0,128515.0,15661254.5
2024-03-28 11:10:00,128649.07734862447,128508.0655085184,128710.0,128585.0,128730.0,128580.0,16367056.0
2024-03-28 11:15:00,128662.99929050676,128532.71499520753,128630.0,128645.0,128730.0,128630.0,16175077.0
2024-03-28 11:20:00,128672.6571734656,128545.91425510582,128630.0,128585.0,128675.0,128580.0,16296603.5
2024-03-28 11:25:00,128670.97545874827,128599.02454125173,128640.0,128590.0,128670.0,128585.0,15371230.0
2024-03-28 11:30:00,128667.1481071479,128597.1376071378,128640.0,128630.0,128720.0,128615.0,15761477.0
2024-03-28 11:35:00,128688.25056977129,128621.74943022871,128720.0,128630.0,128720.0,128630.0,16379094.5
2024-03-28 11:40:00,128704.86597837383,128635.13402162617,128720.0,128700.0,128775.0,128695.0,15949276.0
2024-03-28 11:45:00,128716.88108057558,128634.547490853,128750.0,128710.0,128765.0,128710.0,16580994.5
2024-03-28 11:50:00,128725.91240161624,128648.37331266947,128710.0,128715.0,128785.0,128710.0,16903396.0
2024-03-28 11:55:00,128737.29747493997,128666.98823934574,128735.0,128710.0,128755.0,128710.0,15924036.0
2024-03-28 12:00:00,128737.40947743741,128679.73337970546,128685.0,128625.0,128750.0,128625.0,16602920.0
2024-03-28 12:05:00,128739.96506331251,128705.74922240178,128740.0,128665.0,128745.0,128665.0,16808562.0
2024-03-28 12:10:00,128745.99912107954,128708.28659320617,128750.0,128670.0,128770.0,128665.0,16089360.0
2024-03-28 12:15:00,128753.8189101039,128711.89537561039,128760.0,128705.0,128790.0,128705.0,16789726.5
2024-03-28 12:20:00,128767.26745230645,128711.30397626497,128795.0,128755.0,128820.0,128755.0,16342715.0
2024-03-28 12:25:00,128781.59859374491,128721.25854911222,128795.0,128770.0,128830.0,128760.0,17439139.0
2024-03-28 12:30:00,128787.41196025904,128726.87375402667,128775.0,128750.0,128805.0,128750.0,18145118.0
2024-03-28 12:35:00,128826.32099981772,128746.53614303941,128890.0,128750.0,128945.0,128750.0,17187314.5
2024-03-28 12:40:00,128881.41505488435,128755.72780225852,128965.0,128900.0,128990.0,128895.0,17371376.5
2024-03-28 12:45:00,128912.507443165,128778.92112826358,128940.0,128925.0,128980.0,128925.0,16505810.0
2024-03-28 12:50:00,128941.07887173639,128807.49255683503,128960.0,128935.0,129015.0,128935.0,17643182.5
2024-03-28 12:55:00,128945.99398918837,128824.00601081163,128870.0,128855.0,128960.0,128855.0,16975530.5
2024-03-28 13:00:00,128948.73112279897,128842.69744862961,128870.0,128835.0,128885.0,128835.0,17576645.0
2024-03-28 13:05:00,128948.26028574519,128844.59685711194,128780.0,128775.0,128880.0,128775.0,16771601.5
2024-03-28 13:10:00,128943.03045814758,128824.11239899529,128800.0,128760.0,128825.0,128755.0,17489579.5
2024-03-28 13:15:00,128915.90528103465,128795.52329039393,128770.0,128770.0,128820.0,128760.0,15894318.5
2024-03-28 13:20:00,128888.06359899952,128761.93640100048,128725.0,128720.0,128775.0,128715.0,15784350.0
2024-03-28 13:25:00,128839.8895706685,128751.53900076008,128755.0,128720.0,128795.0,128715.0,15991616.0
2024-03-28 13:30:00,128815.3906073608,128740.3236783535,128745.0,128715.0,128780.0,128705.0,17844198.0
2024-03-28 13:35:00,128779.51457936647,128733.34256349066,128720.0,128645.0,128745.0,128640.0,18301310.5
2024-03-28 13:40:00,128773.11003851838,128729.74710433875,128745.0,128695.0,128765.0,128675.0,16965019.0
2024-03-28 13:45:00,128755.48615929704,128727.37098356009,128730.0,128735.0,128780.0,128725.0,16635121.5
2024-03-28 13:50:00,128747.1297836215,128712.8702163785,128690.0,128695.0,128750.0,128685.0,17543768.5
2024-03-28 13:55:00,128747.1297836215,128712.8702163785,128725.0,128690.0,128745.0,128685.0,17904485.0
2024-03-28 14:00:00,128739.15168031325,128700.84831968675,128685.0,128670.0,128735.0,128660.0,17940609.0
2024-03-28 14:05:00,128735.53943586066,128668.74627842505,128620.0,128615.0,128695.0,128615.0,16854023.0
2024-03-28 14:10:00,128729.90528168483,128637.23757545804,128590.0,128565.0,128635.0,128560.0,17218623.0
2024-03-28 14:15:00,128710.19903121085,128605.51525450344,128565.0,128535.0,128610.0,128535.0,15814697.5
2024-03-28 14:20:00,128686.6283066482,128573.3716933518,128535.0,128475.0,128570.0,128475.0,17621180.0
2024-03-28 14:25:00,128668.23329484127,128560.33813373015,128580.0,128525.0,128600.0,128520.0,16443451.5
2024-03-28 14:30:00,128636.58052089169,128560.56233625118,128615.0,128570.0,128620.0,128565.0,15752632.5
2024-03-28 14:35:00,128629.15566200942,128562.27290941916,128665.0,128570.0,128695.0,128570.0,16001037.5
2024-03-28 14:40:00,128647.76323753611,128562.23676246389,128685.0,128660.0,128705.0,128645.0,17061831.5
2024-03-28 14:45:00,128668.40352451101,128570.1679040604,128690.0,128690.0,128720.0,128675.0,16666376.0
2024-03-28 14:50:00,128676.29071926822,128585.13785216036,128645.0,128610.0,128695.0,128610.0,15966466.5
2024-03-28 14:55:00,128680.70752743425,128617.86390113717,128665.0,128645.0,128690.0,128630.0,16674448.5
2024-03-28 15:00:00,128689.62778638944,128643.2293564677,128700.0,128650.0,128700.0,128650.0,16792325.5
2024-03-28 15:05:00,128722.64865534648,128655.92277322494,128775.0,128695.0,128775.0,128690.0,15576516.5
2024-03-28 15:10:00,128747.1348633088,128664.29370811977,128780.0,128750.0,128810.0,128745.0,15839549.5
2024-03-28 15:15:00,128762.52950492657,128673.18478078772,128770.0,128755.0,128805.0,128745.0,16008086.5
2024-03-28 15:20:00,128766.46107974186,128679.25320597243,128725.0,128725.0,128780.0,128720.0,14419869.5
2024-03-28 15:25:00,128766.19327380844,128693.80672619156,128695.0,128680.0,128730.0,128665.0,15752318.0
2024-03-28 15:30:00,128767.37162109106,128686.91409319465,128645.0,128635.0,128755.0,128630.0,16166077.0
2024-03-28 15:35:00,128766.92898221684,128665.9281606403,128625.0,128610.0,128695.0,128610.0,14974040.5
2024-03-28 15:40:00,128747.90923810271,128632.09076189729,128590.0,128565.0,128665.0,128565.0,15215035.0
2024-03-28 15:45:00,128717.90923810274,128602.09076189726,128570.0,128530.0,128620.0,128530.0,15184098.0
2024-03-28 15:50:00,128681.46193947991,128592.8237748058,128610.0,128540.0,128630.0,128540.0,15006239.0
2024-03-28 15:55:00,128657.37224822365,128592.62775177635,128640.0,128575.0,128655.0,128575.0,15845288.0
2024-03-28 16:00:00,128638.58811258578,128594.26903027135,128635.0,128595.0,128660.0,128595.0,15346137.0
2024-03-28 16:05:00,128641.51958923387,128594.19469648042,128655.0,128600.0,128665.0,128600.0,15127255.0
2024-03-28 16:10:00,128655.94627158427,128595.48229984431,128680.0,128650.0,128720.0,128645.0,14128236.5
2024-03-28 16:15:00,128679.04007425264,128606.67421146165,128710.0,128680.0,128745.0,128680.0,13514104.5
2024-03-28 16:20:00,128701.57254115108,128631.28460170605,128735.0,128650.0,128745.0,128650.0,14489783.5
2024-03-28 16:25:00,128731.58290575787,128648.41709424213,128775.0,128720.0,128780.0,128715.0,15784442.0
2024-03-28 16:30:00,128754.97296453279,128665.02703546721,128780.0,128775.0,128815.0,128755.0,15686742.5
2024-03-28 16:35:00,128768.49681769773,128690.0746108737,128770.0,128740.0,128810.0,128740.0,14860490.5
2024-03-28 16:40:00,128802.76348073916,128712.95080497513,128855.0,128775.0,128880.0,128770.0,15057602.0
2024-03-28 16:45:00,128834.86346392264,128737.9936789345,128880.0,128850.0,128935.0,128850.0,16653349.0
2024-03-28 16:50:00,128883.17876372724,128759.6783791299,128955.0,128840.0,128960.0,128840.0,15172634.5
2024-03-28 16:55:00,128896.54294370736,128786.31419914977,128875.0,128860.0,128960.0,128860.0,14915635.0
2024-03-28 17:00:00,128896.60818101118,128777.67753327453,128745.0,128730.0,128890.0,128730.0,15042135.0
2024-03-28 17:05:00,128896.60818101118,128777.67753327453,128780.0,128740.0,128815.0,128740.0,15388984.5
2024-03-28 17:10:00,128896.42535278622,128775.00321864236,128760.0,128755.0,128800.0,128750.0,14409454.5
2024-03-28 17:15:00,128885.80269562105,128741.34016152182,128700.0,128695.0,128790.0,128690.0,16672813.0
2024-03-28 17:20:00,128863.25003599055,128716.74996400945,128715.0,128685.0,128735.0,128685.0,16744646.0
2024-03-28 17:25:00,128802.59573138987,128691.68998289584,128655.0,128645.0,128725.0,128645.0,14875518.0
2024-03-28 17:30:00,128755.01594026321,128684.98405973679,128685.0,128650.0,128730.0,128650.0,15222824.5
2024-03-28 17:35:00,128747.33450995437,128678.37977575992,128695.0,128685.0,128730.0,128685.0,14067210.0
2024-03-28 17:40:00,128724.34084161781,128671.37344409648,128675.0,128655.0,128700.0,128655.0,10847814.5
2024-03-28 17:45:00,128701.31162516607,128670.11694626251,128675.0,128665.0,128695.0,128665.0,9625457.0
2024-03-28 17:50:00,128702.56838320046,128670.28875965667,128705.0,128665.0,128725.0,128665.0,10180121.5
2024-03-28 17:55:00,128723.63830951764,128664.93311905378,128770.0,128705.0,128800.0,128700.0,13967667.0
2024-04-01 10:00:00,129581.73478417285,128388.26521582715,130690.0,130725.0,130725.0,130670.0,784155.0
2024-04-01 10:05:00,130016.90874666194,128505.94839619519,130620.0,130625.0,130625.0,130575.0,2416250.0
2024-04-01 10:10:00,130355.2517027247,128714.7482972753,130610.0,130610.0,130725.0,130610.0,1921127.0
2024-04-01 10:15:00,130664.60841420684,129003.96301436458,130770.0,130700.0,130770.0,130700.0,653695.0
2024-04-01 10:20:00,130898.59759662783,129377.11668908646,130800.0,130775.0,130845.0,130775.0,2642344.0
2024-04-01 10:25:00,131036.21918267797,129855.2093887506,130860.0,130895.0,130995.0,130860.0,4203166.5
2024-04-01 10:30:00,130789.68652338837,130616.02776232592,130570.0,130595.0,130870.0,130570.0,4850470.5
2024-04-01 10:35:00,130791.09826010656,130518.90173989344,130355.0,130540.0,130575.0,130355.0,7125431.0
2024-04-01 10:40:00,130782.91205475523,130434.23080238764,130295.0,130335.0,130395.0,130245.0,8704759.5
2024-04-01 10:45:00,130761.72784790424,130356.84358066718,130265.0,130250.0,130270.0,130140.0,5273699.5
2024-04-01 10:50:00,130690.37887321923,130275.33541249506,130235.0,130240.0,130330.0,130195.0,2605545.0
2024-04-01 10:55:00,130585.96333021398,130211.17952692889,130210.0,130270.0,130320.0,130210.0,1081278.5
2024-04-01 11:00:00,130421.68571262024,130095.45714452263,129880.0,130270.0,130270.0,129875.0,8101920.5
2024-04-01 11:05:00,130313.44225798662,130039.41488487051,129995.0,129930.0,130015.0,129910.0,3340210.0
2024-04-01 11:10:00,130256.04178608832,129999.67249962597,130015.0,129945.0,130020.0,129925.0,2625637.0
2024-04-01 11:15:00,130200.8975449125,129953.38816937321,129940.0,129940.0,130050.0,129940.0,3835643.0
2024-04-01 11:20:00,130138.1419589827,129904.71518387443,129875.0,129955.0,129955.0,129875.0,3287630.5
2024-04-01 11:25:00,130067.82803842743,129827.88624728686,129720.0,129890.0,129890.0,129720.0,11371140.0
2024-04-01 11:30:00,129972.43202849182,129788.99654293676,129740.0,129715.0,129840.0,129715.0,6566715.0
2024-04-01 11:35:00,129961.77508162934,129761.08206122779,129745.0,129735.0,129765.0,129705.0,3996167.0
2024-04-01 11:40:00,129918.65599689075,129731.34400310925,129740.0,129745.0,129745.0,129735.0,518965.0
2024-04-01 11:45:00,129856.95602867322,129724.47254275536,129775.0,129785.0,129785.0,129760.0,9031738.0
2024-04-01 11:50:00,129809.75640263056,129727.3864545123,129785.0,129785.0,129800.0,129750.0,532098.5
2024-04-01 11:55:00,129777.62118254522,129735.23596031191,129790.0,129790.0,129830.0,129770.0,2466125.0
2024-04-01 12:00:00,129780.17562779965,129722.68151505748,129685.0,129760.0,129770.0,129675.0,2425909.0
2024-04-01 12:05:00,129780.63756055613,129696.50529658674,129650.0,129685.0,129700.0,129590.0,3085182.0
2024-04-01 12:10:00,129774.85630294835,129685.14369705165,129685.0,129650.0,129685.0,129630.0,2528212.5
2024-04-01 12:15:00,129770.55154351112,129642.30559934601,129575.0,129665.0,129665.0,129545.0,1930931.5
2024-04-01 12:20:00,129748.3218856279,129597.39240008639,129540.0,129585.0,129605.0,129540.0,971805.0
2024-04-01 12:25:00,129712.28445442996,129577.71554557004,129590.0,129610.0,129610.0,129565.0,3200745.0
2024-04-01 12:30:00,129661.2546685213,129543.03104576441,129490.0,129600.0,129600.0,129460.0,4585804.0
2024-04-01 12:35:00,129634.29783734345,129505.70216265655,129460.0,129500.0,129540.0,129450.0,11501601.5
2024-04-01 12:40:00,129607.70645673898,129470.86497183245,129435.0,129475.0,129475.0,129435.0,2990389.0
2024-04-01 12:45:00,129555.50826741541,129457.34887544172,129455.0,129460.0,129465.0,129430.0,970910.0
2024-04-01 12:50:00,129532.7543149252,129431.53139936051,129405.0,129450.0,129460.0,129405.0,18032572.5
2024-04-01 12:55:00,129514.87722417343,129419.40849011228,129435.0,129475.0,129475.0,129435.0,1682935.0
2024-04-01 13:00:00,129498.74201372638,129424.11512913075,129550.0,129525.0,129550.0,129450.0,13716202.0
2024-04-01 13:05:00,129507.80394484207,129425.05319801506,129525.0,129545.0,129545.0,129525.0,1101102.5
2024-04-01 13:10:00,129535.2490610183,129430.46522469599,129575.0,129500.0,129575.0,129500.0,2086042.5
2024-04-01 13:15:00,129547.44513356745,129445.41200928968,129530.0,129525.0,129560.0,129500.0,8873047.0
2024-04-01 13:20:00,129548.49791006793,129448.64494707494,129470.0,129460.0,129515.0,129455.0,17246727.0
2024-04-01 13:25:00,129550.09282198116,129474.19289230455,129500.0,129475.0,129500.0,129425.0,1035755.0
2024-04-01 13:30:00,129549.50240045867,129494.78331382704,129505.0,129500.0,129530.0,129500.0,1074895.0
2024-04-01 13:35:00,129540.69596570989,129473.58974857582,129445.0,129460.0,129470.0,129445.0,1618185.0
2024-04-01 13:40:00,129534.89232402181,129467.96481883532,129485.0,129445.0,129490.0,129445.0,776890.0
2024-04-01 13:45:00,129510.00986112881,129467.13299601406,129485.0,129460.0,129490.0,129460.0,517925.0
2024-04-01 13:50:00,129495.65745788201,129461.48539926086,129460.0,129460.0,129460.0,129460.0,258920.0
2024-04-01 13:55:00,129495.6943232574,129448.59139102831,129425.0,129440.0,129440.0,129425.0,1294295.0
2024-04-01 14:00:00,129492.51746976652,129407.48253023348,129345.0,129400.0,129400.0,129300.0,7306166.0
2024-04-01 14:05:00,129475.41139706806,129374.58860293194,129330.0,129355.0,129360.0,129325.0,6506161.5
2024-04-01 14:10:00,129466.3051296548,129360.83772748808,129365.0,129340.0,129385.0,129340.0,1617167.5
2024-04-01 14:15:00,129443.13500596832,129326.86499403168,129285.0,129335.0,129335.0,129285.0,1706900.0
2024-04-01 14:20:00,129411.12220458542,129284.59208112887,129225.0,129275.0,129275.0,129185.0,3036323.0
2024-04-01 14:25:00,129372.8831635352,129262.8311221791,129250.0,129205.0,129265.0,129200.0,1809600.0
2024-04-01 14:30:00,129335.77444886092,129237.08269399621,129205.0,129200.0,129215.0,129195.0,3281707.0
2024-04-01 14:35:00,129318.45820566532,129227.25608004897,129250.0,129240.0,129250.0,129240.0,465270.0
2024-04-01 14:45:00,129307.00816690292,129224.42040452566,129280.0,129265.0,129290.0,129265.0,1318625.5
2024-04-01 14:50:00,129271.64701566867,129226.92441290275,129250.0,129265.0,129265.0,129250.0,3309030.5
2024-04-01 14:55:00,129268.69355026705,129227.02073544724,129275.0,129265.0,129280.0,129260.0,3515937.0
2024-04-01 15:00:00,129278.1100385166,129234.74710434052,129285.0,129275.0,129295.0,129270.0,2753612.0
2024-04-01 15:05:00,129278.1100385166,129234.74710434052,129250.0,129285.0,129295.0,129245.0,1990783.0
2024-04-01 15:10:00,129276.69906171995,129240.44379542292,129220.0,129230.0,129240.0,129210.0,3062632.5
2024-04-01 15:15:00,129280.5775866699,129243.70812761581,129275.0,129235.0,129285.0,129225.0,9074458.0
2024-04-01 15:20:00,129291.24411473557,129243.04159955014,129315.0,129300.0,129320.0,129260.0,17262541.0
2024-04-01 15:25:00,129299.30137526487,129249.27005330655,129300.0,129320.0,129345.0,129300.0,1008725.5
2024-04-01 15:30:00,129300.93853830542,129250.49003312316,129285.0,129305.0,129320.0,129285.0,15593030.0
2024-04-01 15:35:00,129300.07543564265,129249.92456435735,129280.0,129255.0,129280.0,129255.0,1615975.0
2024-04-01 15:40:00,129304.8973415844,129219.38837270132,129160.0,129200.0,129200.0,129150.0,1097914.5
2024-04-01 15:45:00,129305.86797250004,129198.41774178567,129150.0,129160.0,129160.0,129150.0,15821947.5
2024-04-01 15:50:00,129296.49538738278,129186.36175547435,129200.0,129215.0,129220.0,129185.0,15350167.5
2024-04-01 15:55:00,129272.91739733014,129148.51117409844,129100.0,129145.0,129145.0,129100.0,916619.0
2024-04-01 16:00:00,129243.94933404699,129130.33638023872,129135.0,129135.0,129135.0,129135.0,2066160.0
2024-04-01 16:05:00,129229.25477727331,129130.74522272669,129235.0,129235.0,129235.0,129235.0,129235.0
2024-04-01 16:10:00,129204.9606497298,129132.18220741308,129200.0,129235.0,129235.0,129200.0,6965134.0
2024-04-01 16:15:00,129221.89674346033,129138.10325653967,129240.0,129240.0,129240.0,129240.0,193860.0
2024-04-01 16:20:00,129227.95353906845,129146.33217521726,129200.0,129235.0,129235.0,129195.0,3230350.0
2024-04-01 16:25:00,129220.65993845508,129127.91149011634,129110.0,129160.0,129190.0,129075.0,3125012.0
2024-04-01 16:30:00,129225.57303431135,129148.71267997436,129190.0,129190.0,129190.0,129190.0,968925.0
2024-04-01 16:35:00,129231.95244723302,129163.76183848127,129210.0,129190.0,129210.0,129170.0,2002515.0
2024-04-01 16:40:00,129250.62079800681,129162.23634485032,129295.0,129300.0,129300.0,129225.0,2895958.5
2024-04-01 16:45:00,129267.05109296637,129168.66319274792,129280.0,129310.0,129335.0,129280.0,1060362.0
2024-04-01 16:50:00,129287.30472079173,129171.2667077797,129320.0,129325.0,129335.0,129295.0,2883846.0
2024-04-01 16:55:00,129310.40791887118,129183.87779541453,129325.0,129355.0,129375.0,129325.0,5355512.0
2024-04-01 17:00:00,129310.57959547432,129227.9918330971,129265.0,129265.0,129320.0,129245.0,4343995.0
2024-04-01 17:05:00,129310.05879302167,129231.36977840691,129200.0,129250.0,129260.0,129200.0,1382710.0
2024-04-02 10:00:00,129313.47391042222,129210.81180386349,129150.0,129150.0,129185.0,129100.0,3486070.0
2024-04-02 10:05:00,129301.40439985375,129195.73845728912,129200.0,129195.0,129215.0,129175.0,1718229.5
2024-04-02 10:10:00,129288.81836060203,129168.32449654084,129140.0,129130.0,129275.0,129130.0,3113268.5
2024-04-02 10:15:00,129260.60493564203,129156.53792150084,129180.0,129170.0,129200.0,129005.0,2349707.0
2024-04-02 10:20:00,129223.28248666797,129158.1460847606,129200.0,129155.0,129230.0,129110.0,3060864.0
2024-04-02 10:25:00,129225.20403570015,129157.65310715698,129270.0,129230.0,129320.0,129140.0,4897579.0
2024-04-02 10:30:00,129231.42870880612,129159.99986262246,129230.0,129185.0,129420.0,129135.0,9152240.5
2024-04-02 10:35:00,129319.10335088143,129158.03950626144,129450.0,129295.0,129450.0,129225.0,7306596.5
2024-04-02 10:40:00,129349.30350915175,129174.98220513396,129365.0,129370.0,129440.0,129315.0,1707524.0
2024-04-02 10:45:00,129383.0300541652,129215.54137440622,129400.0,129355.0,129415.0,129285.0,2393042.5
2024-04-02 10:50:00,129389.88529218607,129244.40042209964,129305.0,129380.0,129380.0,129305.0,1927183.5
2024-04-02 10:55:00,129400.51965616207,129279.48034383793,129360.0,129315.0,129375.0,129275.0,7539111.0
2024-04-02 11:00:00,129454.08594864196,129300.19976564375,129530.0,129170.0,129545.0,128875.0,6158894.5
2024-04-02 11:05:00,129455.13605448075,129339.14965980496,129370.0,129290.0,129470.0,129290.0,2742537.0
2024-04-02 11:10:00,129436.72668077354,129314.70189065504,129300.0,129225.0,129340.0,129210.0,4163247.5
2024-04-02 11:15:00,129431.27269059018,129285.87016655269,129245.0,129260.0,129300.0,129200.0,2533267.0
2024-04-02 11:20:00,129422.67378886788,129280.18335398925,129350.0,129255.0,129350.0,129180.0,2494422.0
2024-04-02 11:25:00,129457.54342735007,129298.17085836422,129490.0,129345.0,129500.0,129335.0,3648736.0
2024-04-02 11:30:00,129453.64950364416,129290.63621064155,129320.0,129300.0,129465.0,129300.0,2549136.0
2024-04-02 11:35:00,129424.22863240541,129292.91422473745,129435.0,129450.0,129480.0,129400.0,5449756.0
2024-04-02 11:40:00,129416.6257711171,129281.94565745431,129305.0,129360.0,129445.0,129290.0,2548955.0
2024-04-02 11:45:00,129415.25483545683,129256.17373597175,129205.0,129150.0,129340.0,129115.0,2261075.0
2024-04-02 11:50:00,129421.27280153902,129203.0129127467,129080.0,129155.0,129215.0,129040.0,5629339.0
2024-04-02 11:55:00,129401.66421365227,129166.90721491915,129155.0,129130.0,129155.0,129040.0,11658555.5
2024-04-02 12:00:00,129332.34210076,129133.37218495429,129130.0,129085.0,129160.0,129085.0,4622945.5
2024-04-02 12:05:00,129316.35475342929,129126.50238942784,129240.0,129165.0,129270.0,129165.0,2222558.0
2024-04-02 12:10:00,129256.67741656,129133.32258344,129250.0,129255.0,129265.0,129225.0,8982175.0
2024-04-02 12:15:00,129231.70820202517,129132.57751226054,129215.0,129190.0,129225.0,129175.0,1963976.0
2024-04-02 12:20:00,129231.70820202517,129132.57751226054,129205.0,129260.0,129285.0,129205.0,1111481.5
2024-04-02 12:25:00,129232.33450995319,129163.3797757611,129190.0,129205.0,129215.0,129155.0,11357021.0
2024-04-02 12:30:00,129233.86957498438,129147.5589964442,129105.0,129095.0,129150.0,129075.0,3782667.5
2024-04-02 12:35:00,129234.8854062376,129136.54316519097,129095.0,129055.0,129100.0,129020.0,4233463.5
2024-04-02 12:40:00,129219.21629281202,129090.78370718798,129025.0,129065.0,129100.0,129015.0,6764081.0
2024-04-02 12:45:00,129192.65379399572,129025.9176345757,128930.0,129020.0,129020.0,128905.0,5185061.5
2024-04-02 12:50:00,129158.00239417143,128997.71189154286,128995.0,128980.0,128995.0,128925.0,1972961.5
2024-04-02 12:55:00,129115.85066540919,128972.72076316223,128970.0,128985.0,128995.0,128950.0,9866776.0
2024-04-02 13:00:00,129064.17946713747,128950.10624714824,128930.0,128950.0,128955.0,128900.0,7258185.5
2024-04-02 13:05:00,129031.04394857505,128930.38462285353,128920.0,128930.0,128965.0,128920.0,8562155.5
2024-04-02 13:10:00,128988.93926182932,128923.91788102781,128925.0,128900.0,128940.0,128895.0,2977984.0
2024-04-02 13:15:00,128964.90231386416,128919.38340042155,128925.0,128950.0,128970.0,128920.0,1805353.0
2024-04-02 13:20:00,128975.4899337352,128924.5100662648,128985.0,128955.0,128985.0,128925.0,15695417.0
2024-04-02 13:25:00,128972.32858825319,128924.81426888968,128985.0,128970.0,129005.0,128970.0,7558566.5
2024-04-02 13:30:00,128969.17157751038,128923.68556534675,128955.0,128940.0,128985.0,128900.0,11991654.0
2024-04-02 13:35:00,128983.19342136693,128929.6637214902,129000.0,129000.0,129010.0,128945.0,4011495.0
2024-04-02 13:40:00,128989.11678175464,128940.88321824536,128980.0,129000.0,129005.0,128955.0,10268013.5
2024-04-02 13:45:00,129021.13406504299,128950.29450638559,129070.0,129070.0,129070.0,128965.0,1767714.0
2024-04-02 13:50:00,129039.2595672722,128970.7404327278,129060.0,129080.0,129080.0,129045.0,942113.5
2024-04-02 13:55:00,129082.67834101143,128974.46451613144,129150.0,129120.0,129150.0,129070.0,11144526.0
2024-04-02 14:00:00,129115.87324525836,128989.84104045593,129155.0,129150.0,129155.0,129125.0,4274785.0
2024-04-02 14:05:00,129126.3378773208,129019.3764083935,129095.0,129095.0,129095.0,129090.0,903645.0
2024-04-02 14:10:00,129129.04518225582,129033.8119606013,129060.0,129035.0,129070.0,128925.0,15068151.0
2024-04-02 14:15:00,129126.37317009341,129050.76968704945,129030.0,129025.0,129035.0,129010.0,8812400.5
2024-04-02 14:20:00,129158.26111501976,129057.45317069453,129205.0,129145.0,129210.0,129015.0,19047319.0
2024-04-02 14:25:00,129195.59795643075,129072.97347214067,129245.0,129180.0,129265.0,129180.0,2377485.0
2024-04-02 14:30:00,129226.80484023388,129077.48087405183,129275.0,129265.0,129350.0,129260.0,4111715.0
2024-04-02 14:35:00,129237.74488439088,129083.6836870377,129215.0,129245.0,129310.0,129200.0,2326935.0
2024-04-02 14:40:00,129255.57377443886,129104.42622556114,129230.0,129170.0,129295.0,129170.0,2002885.5
2024-04-02 14:45:00,129288.11370765176,129144.74343520537,129315.0,129250.0,129350.0,129210.0,3257517.0
2024-04-02 14:50:00,129339.94650786239,129210.05349213761,129440.0,129445.0,129470.0,129375.0,3934823.5
2024-04-02 14:55:00,129369.09022113886,129233.76692171827,129390.0,129390.0,129440.0,129390.0,4180607.0
2024-04-02 15:00:00,129391.07587674393,129253.20983754178,129390.0,129400.0,129400.0,129380.0,2898485.0
2024-04-02 15:05:00,129432.05803222154,129270.79911063559,129480.0,129400.0,129490.0,129350.0,3364420.0
2024-04-02 15:10:00,129493.1880293389,129313.95482780397,129580.0,129495.0,130000.0,129470.0,23414702.0
2024-04-02 15:15:00,129537.68797035901,129373.74060106957,129595.0,129605.0,129610.0,129560.0,2799182.0
2024-04-02 15:20:00,129559.3929930415,129420.6070069585,129555.0,129590.0,129620.0,129550.0,19258831.0
2024-04-02 15:25:00,129567.2455053937,129432.7544946063,129510.0,129540.0,129540.0,129510.0,647600.0
2024-04-02 15:30:00,129576.96911825778,129465.88802459935,129540.0,129505.0,129540.0,129500.0,1295215.0
2024-04-02 15:35:00,129571.32298467336,129505.81987246951,129510.0,129535.0,129535.0,129510.0,518105.0
2024-04-02 15:40:00,129581.39219648346,129525.75066065941,129585.0,129525.0,129585.0,129500.0,2072025.0
2024-04-02 15:45:00,129593.0390089026,129525.53241966882,129620.0,129605.0,129620.0,129590.0,803589.0
2024-04-02 15:50:00,129606.43315496526,129524.99541646332,129640.0,129650.0,129760.0,129615.0,17073745.0
2024-04-02 15:55:00,129616.07128911356,129531.0715680293,129610.0,129615.0,129625.0,129610.0,3862540.5
2024-04-02 16:00:00,129652.65013780017,129550.20700505696,129705.0,129630.0,129720.0,129630.0,4771421.0
2024-04-02 16:05:00,129685.44232000323,129570.27196571106,129725.0,129715.0,129735.0,129715.0,415132.0
2024-04-02 16:10:00,129708.01580366693,129611.98419633307,129735.0,129710.0,129755.0,129710.0,908105.0
2024-04-02 16:15:00,129711.11016733201,129630.31840409657,129660.0,129610.0,129705.0,129600.0,8946822.5
2024-04-02 16:20:00,129724.5224260586,129646.90614536998,129725.0,129670.0,129760.0,129670.0,3178127.5
2024-04-02 16:25:00,129738.02878104914,129661.97121895086,129740.0,129740.0,129740.0,129690.0,3372765.0
2024-04-02 16:30:00,129760.38216888902,129693.9035453967,129800.0,129750.0,129800.0,129715.0,1297695.0
2024-04-02 16:35:00,129787.19748123614,129701.37394733528,129825.0,129815.0,129875.0,129815.0,4219679.0
2024-04-02 16:40:00,129802.7624245404,129710.09471831673,129810.0,129825.0,129830.0,129800.0,3011946.0
2024-04-02 16:45:00,129823.05770428754,129719.7994385696,129840.0,129800.0,129865.0,129790.0,2272070.0
2024-04-02 16:50:00,129842.93039246832,129759.92675038881,129870.0,129850.0,129870.0,129820.0,5842390.0
2024-04-02 16:55:00,129845.34856940761,129781.79428773526,129810.0,129825.0,129825.0,129785.0,12162947.5
2024-04-02 17:00:00,129844.86237562404,129783.70905294738,129745.0,129780.0,129780.0,129745.0,1128902.0
2024-04-02 17:05:00,129843.19389209023,129775.37753648119,129765.0,129765.0,129765.0,129765.0,259530.0
2024-04-02 17:10:00,129836.30426832692,129755.12430310166,129730.0,129730.0,129730.0,129725.0,583775.0
2024-04-02 17:15:00,129828.76660163201,129735.5191126537,129715.0,129710.0,129735.0,129700.0,2036654.0
2024-04-02 17:20:00,129822.4662326886,129734.67662445427,129815.0,129815.0,129825.0,129745.0,2596270.0
2024-04-02 17:25:00,129797.20045684991,129735.65668600722,129785.0,129815.0,129815.0,129770.0,2206530.0
2024-04-02 17:30:00,129791.85913241222,129735.28372473065,129790.0,129770.0,129790.0,129770.0,4516192.5
2024-04-02 17:35:00,129795.5024688137,129740.21181690058,129775.0,129775.0,129775.0,129775.0,129775.0
2024-04-02 17:40:00,129800.90293006675,129743.38278421896,129795.0,129790.0,129795.0,129790.0,324482.5
2024-04-02 17:45:00,129800.90293006675,129743.38278421896,129730.0,129760.0,129760.0,129710.0,518930.0
2024-04-02 17:50:00,129799.90231386194,129754.38340042377,129750.0,129720.0,129750.0,129695.0,1323119.0
2024-04-02 17:55:00,129788.08233780373,129750.48909076769,129760.0,129745.0,129760.0,129745.0,1583072.0
2024-04-03 10:00:00,129795.94452799208,129689.76975772221,129600.0,129490.0,129670.0,129465.0,10692193.0
2024-04-03 10:05:00,129784.78393436245,129628.07320849468,129535.0,129445.0,129585.0,129445.0,5259114.5
2024-04-03 10:10:00,129763.41602686203,129562.29825885226,129470.0,129465.0,129585.0,129465.0,4895619.0
2024-04-03 10:15:00,129719.3555625084,129514.93015177731,129475.0,129420.0,129495.0,129385.0,6951066.0
2024-04-03 10:20:00,129682.2190471391,129449.20952428949,129370.0,129365.0,129550.0,129310.0,10274076.5
2024-04-03 10:25:00,129622.11120385696,129375.03165328591,129280.0,129255.0,129380.0,129250.0,6348574.5
2024-04-03 10:30:00,129528.29983015364,129345.98588413207,129330.0,129355.0,129395.0,129270.0,3168744.0
2024-04-03 10:35:00,129472.59203322485,129308.83653820373,129275.0,129335.0,129400.0,129230.0,1693778.0
2024-04-03 10:40:00,129447.07394167547,129168.64034403882,128955.0,129260.0,129260.0,128955.0,8094641.0
2024-04-03 10:45:00,129410.9962441011,128991.86089875603,128725.0,128975.0,128975.0,128680.0,11039157.0
2024-04-03 10:50:00,129327.95022418782,128817.76406152647,128575.0,128750.0,128760.0,128550.0,9288621.5
2024-04-03 10:55:00,129228.868369101,128718.27448804188,128675.0,128585.0,128675.0,128520.0,4075901.5
2024-04-03 11:00:00,129132.1474674448,128650.70967541233,128705.0,128715.0,128825.0,128690.0,13829600.0
2024-04-03 11:05:00,128983.72208595758,128521.99219975671,128360.0,128680.0,128750.0,128360.0,7249648.5
2024-04-03 11:10:00,128791.52221296723,128489.90635846135,128490.0,128390.0,128490.0,128355.0,2503905.0
2024-04-03 11:15:00,128679.29283446436,128450.70716553564,128425.0,128505.0,128520.0,128425.0,1644554.0
2024-04-03 11:20:00,128634.90917070057,128435.09082929943,128515.0,128450.0,128515.0,128450.0,1541790.0
2024-04-03 11:25:00,128615.97740984963,128402.5940187218,128395.0,128465.0,128525.0,128395.0,4856138.0
2024-04-03 11:30:00,128561.54775306543,128371.3093897917,128375.0,128400.0,128460.0,128350.0,8885495.5
2024-04-03 11:35:00,128471.46284560773,128379.96572582085,128420.0,128390.0,128440.0,128370.0,7896862.0
2024-04-03 11:40:00,128513.73359048265,128399.12355237448,128575.0,128560.0,128575.0,128430.0,6193282.0
2024-04-03 11:45:00,128557.60915575303,128398.10512996126,128640.0,128565.0,128660.0,128565.0,5865101.5
2024-04-03 11:50:00,128614.3681099409,128417.06046148768,128690.0,128720.0,128720.0,128640.0,8312941.0
2024-04-03 11:55:00,128641.53371952013,128428.46628047987,128650.0,128685.0,128740.0,128640.0,2251625.0
2024-04-03 12:00:00,128664.56451781905,128471.14976789524,128625.0,128675.0,128675.0,128615.0,4039865.0
2024-04-03 12:05:00,128698.08844769542,128539.05440944745,128730.0,128700.0,128730.0,128660.0,2252350.0
2024-04-03 12:10:00,128714.40351227477,128617.0250591538,128750.0,128700.0,128750.0,128700.0,1029715.0
2024-04-03 12:15:00,128714.88514634821,128639.4005679375,128655.0,128650.0,128690.0,128650.0,4735367.0
2024-04-03 12:20:00,128717.66814692102,128646.6175673647,128675.0,128660.0,128675.0,128630.0,3563666.0
2024-04-03 12:25:00,128711.97895352665,128632.30676075906,128620.0,128715.0,128740.0,128620.0,2831042.5
2024-04-03 12:30:00,128711.55604841783,128607.01538015359,128560.0,128580.0,128625.0,128545.0,6198586.0
2024-04-03 12:35:00,128710.62359160681,128603.6621226789,128610.0,128600.0,128630.0,128530.0,2443341.0
2024-04-03 12:40:00,128744.1298334478,128598.72730940933,128830.0,128740.0,128855.0,128635.0,3064848.5
2024-04-03 12:45:00,128758.154315896,128598.98854124687,128800.0,128820.0,128830.0,128800.0,6105882.5
2024-04-03 12:50:00,128764.32852290258,128605.67147709742,128700.0,128785.0,128800.0,128700.0,3773049.0
2024-04-03 12:55:00,128767.92353798865,128609.21931915422,128700.0,128690.0,128700.0,128650.0,2611904.0
2024-04-03 13:00:00,128782.30146200961,128629.12710941897,128740.0,128715.0,128740.0,128675.0,2162252.0
2024-04-03 13:05:00,128781.65222241434,128662.63349187137,128675.0,128690.0,128750.0,128675.0,1544480.0
2024-04-03 13:10:00,128780.20056143141,128676.94229571146,128655.0,128640.0,128725.0,128605.0,2123120.0
2024-04-03 13:15:00,128760.06887411224,128678.50255445918,128765.0,128730.0,128765.0,128625.0,4156273.0
2024-04-03 13:20:00,128767.28195805383,128677.00375623188,128820.0,128775.0,128820.0,128775.0,991773.0
2024-04-03 13:25:00,128796.63793346265,128686.21920939448,128835.0,128835.0,128835.0,128835.0,128835.0
2024-04-03 13:30:00,128850.46128665334,128698.11014191808,128930.0,128820.0,128930.0,128820.0,2822982.0
2024-04-03 13:35:00,128860.95415273722,128709.04584726278,128815.0,128805.0,128895.0,128805.0,1520344.5
2024-04-03 13:40:00,128904.72385021579,128745.27614978421,128955.0,128925.0,128970.0,128870.0,3016960.5
2024-04-03 13:45:00,128914.9375269897,128805.0624730103,128900.0,128920.0,128950.0,128900.0,6665022.0
2024-04-03 13:50:00,128952.70971129437,128835.86171727705,129005.0,128915.0,129060.0,128915.0,2735005.0
2024-04-03 13:55:00,129017.89847425798,128854.95866859915,129115.0,129055.0,129115.0,129020.0,1780994.5
2024-04-03 14:00:00,129062.80190825753,128888.62666317105,129110.0,129115.0,129130.0,129085.0,5280217.5
2024-04-03 14:05:00,129121.73594501073,128906.83548356069,129200.0,129145.0,129200.0,129145.0,1550008.5
2024-04-03 14:10:00,129186.484523618,128973.515476382,129275.0,129300.0,129300.0,129215.0,3063192.5
2024-04-03 14:15:00,129279.21801150776,129010.78198849224,129410.0,129400.0,129420.0,129295.0,9160638.0
2024-04-03 14:20:00,129389.95650649078,129087.18635065209,129555.0,129500.0,129595.0,129400.0,6630020.0
2024-04-03 14:25:00,129483.53938185809,129163.60347528478,129600.0,129545.0,129620.0,129515.0,1995495.5
2024-04-03 14:30:00,129617.57121525239,129226.71449903332,129805.0,129650.0,129805.0,129630.0,3489508.5
2024-04-03 14:35:00,129730.00181732701,129329.99818267299,129865.0,129775.0,129900.0,129760.0,10127511.0
2024-04-03 14:40:00,129812.89380682874,129441.39190745697,129880.0,129870.0,129940.0,129860.0,7312823.0
2024-04-03 14:45:00,129860.51172472157,129562.34541813556,129865.0,129840.0,129905.0,129825.0,2948110.5
2024-04-03 14:50:00,129866.86758017348,129655.98956268365,129760.0,129780.0,129885.0,129760.0,2311135.0
2024-04-03 14:55:00,129866.9267915048,129710.21606563807,129745.0,129755.0,129785.0,129730.0,3503730.0
2024-04-03 15:00:00,129863.81284068503,129721.90144502926,129630.0,129600.0,129725.0,129600.0,8413245.5
2024-04-03 15:05:00,129853.82507714881,129679.03206570832,129620.0,129600.0,129665.0,129595.0,4018409.0
2024-04-03 15:10:00,129821.10216255214,129647.46926601928,129640.0,129650.0,129720.0,129640.0,1685947.5
2024-04-03 15:15:00,129771.8168038624,129613.89748185189,129590.0,129615.0,129620.0,129565.0,1866217.5
2024-04-03 15:20:00,129709.60268478436,129600.39731521564,129600.0,129605.0,129605.0,129590.0,803498.0
2024-04-03 15:25:00,129673.04428772184,129579.81285513529,129560.0,129580.0,129580.0,129545.0,738531.5
2024-04-03 15:30:00,129625.48993373246,129574.51006626754,129560.0,129570.0,129615.0,129560.0,1451503.5
2024-04-03 15:35:00,129619.85255911575,129573.00458374138,129605.0,129605.0,129615.0,129570.0,1231212.5
2024-04-03 15:40:00,129633.72617732914,129571.98810838515,129665.0,129625.0,129665.0,129605.0,933450.0
2024-04-03 15:45:00,129622.73174606307,129565.83968250835,129580.0,129590.0,129680.0,129575.0,1620177.5
2024-04-03 15:50:00,129621.17492960392,129563.11078468179,129575.0,129545.0,129590.0,129545.0,1554882.5
2024-04-03 15:55:00,129616.998242184,129541.57318638742,129510.0,129530.0,129555.0,129510.0,1165755.5
2024-04-03 16:00:00,129615.19715217114,129533.37427640028,129525.0,129445.0,129525.0,129425.0,2797264.0
2024-04-03 16:05:00,129613.19652973246,129528.23204169612,129535.0,129545.0,129545.0,129530.0,518140.0
2024-04-03 16:10:00,129609.4430519179,129461.98551951068,129360.0,129485.0,129490.0,129360.0,2355723.5
2024-04-03 16:15:00,129565.46506579268,129428.82064849303,129395.0,129350.0,129420.0,129325.0,1526620.0
2024-04-03 16:20:00,129539.62053272122,129376.09375299307,129305.0,129400.0,129415.0,129305.0,1319871.0
2024-04-03 16:25:00,129500.58619477661,129336.55666236626,129300.0,129345.0,129345.0,129290.0,5327677.5
2024-04-03 16:30:00,129474.75682687489,129322.38603026798,129370.0,129340.0,129375.0,129325.0,3622220.0
2024-04-03 16:35:00,129444.02156220513,129318.835580652,129405.0,129405.0,129405.0,129355.0,517535.0
2024-04-03 16:40:00,129415.53720101125,129325.89137041733,129460.0,129470.0,129470.0,129420.0,1294295.0
2024-04-03 16:45:00,129474.86823849681,129326.56033293177,129570.0,129570.0,129570.0,129470.0,5375005.0
2024-04-03 16:50:00,129502.11783309061,129336.45359548081,129525.0,129490.0,129560.0,129490.0,3782585.5
2024-04-03 16:55:00,129523.11329561383,129372.60099010046,129505.0,129505.0,129540.0,129495.0,8457127.0
2024-04-03 17:00:00,129538.05195162148,129423.3766198071,129530.0,129550.0,129575.0,129510.0,19223336.0
2024-04-03 17:05:00,129543.13481428898,129458.2937571396,129510.0,129555.0,129555.0,129510.0,1230480.0
2024-04-03 17:10:00,129542.49921595746,129490.35792689967,129515.0,129515.0,129515.0,129515.0,129515.0
2024-04-03 17:15:00,129543.40653252443,129486.59346747557,129450.0,129455.0,129495.0,129445.0,2071358.0
2024-04-03 17:20:00,129524.437107994,129479.8486062917,129480.0,129460.0,129480.0,129460.0,258940.0
2024-04-03 17:25:00,129520.36505848831,129448.2063700831,129400.0,129435.0,129435.0,129400.0,2976290.0
2024-04-03 17:30:00,129511.91313200603,129432.37258227968,129420.0,129405.0,129420.0,129400.0,1164740.0
2024-04-03 17:35:00,129492.79630898697,129418.6322624416,129415.0,129425.0,129425.0,129395.0,1035335.0
2024-04-03 17:40:00,129475.69999267183,129410.01429304246,129420.0,129440.0,129480.0,129405.0,1527388.5
2024-04-03 17:45:00,129452.4971962918,129410.35994656532,129435.0,129445.0,129445.0,129395.0,5488098.5
2024-04-03 17:50:00,129457.90066155506,129410.67076701636,129470.0,129445.0,129470.0,129445.0,1087483.0
2024-04-03 17:55:00,129445.4184747826,129410.2958109317,129435.0,129425.0,129435.0,129425.0,2718125.0
2024-04-04 10:00:00,129706.36043027282,129335.06814115576,130050.0,129890.0,130080.0,129890.0,5744996.0
2024-04-04 10:05:00,129927.4859742001,129356.79974008561,130270.0,130050.0,130290.0,130050.0,11886770.0
2024-04-04 10:10:00,130125.14798587484,129434.85201412516,130380.0,130295.0,130480.0,130295.0,10249141.0
2024-04-04 10:15:00,130358.4752000969,129552.95337133168,130650.0,130425.0,130675.0,130415.0,7076862.0
2024-04-04 10:20:00,130569.66553204249,129726.0487536718,130780.0,130610.0,130825.0,130610.0,10469688.5
2024-04-04 10:25:00,130743.06625413569,129954.07660300718,130875.0,130795.0,130880.0,130755.0,6345291.0
2024-04-04 10:30:00,130855.47146940438,130295.9571020242,131025.0,130875.0,131040.0,130730.0,7343331.5
2024-04-04 10:35:00,130952.11428836848,130477.88571163152,131025.0,131010.0,131085.0,130900.0,8136732.5
2024-04-04 10:40:00,131049.77772070159,130631.65085072699,131150.0,131035.0,131230.0,131035.0,6151560.5
2024-04-04 10:45:00,131139.55872466197,130797.5841324809,131275.0,131215.0,131280.0,131145.0,6915716.5
2024-04-04 10:50:00,131165.6786486986,130901.46420844426,131105.0,131235.0,131250.0,131095.0,5929873.5
2024-04-04 10:55:00,131193.5039115838,130987.92465984478,131180.0,131165.0,131220.0,131055.0,6620324.0
2024-04-04 11:00:00,131275.2184553656,131057.63868749156,131405.0,131180.0,131450.0,131170.0,8262930.5
2024-04-04 11:05:00,131351.48889643818,131102.79681784756,131450.0,131380.0,131500.0,131345.0,4231718.5
2024-04-04 11:10:00,131400.56572513908,131170.8628462895,131435.0,131385.0,131465.0,131325.0,7384271.0
2024-04-04 11:15:00,131417.87645679846,131207.8378289158,131340.0,131395.0,131480.0,131340.0,3206333.0
2024-04-04 11:20:00,131437.67575464997,131223.7528167786,131400.0,131430.0,131430.0,131365.0,1839415.0
2024-04-04 11:25:00,131432.36049958214,131256.21092898928,131200.0,131430.0,131430.0,131190.0,4884501.0
2024-04-04 11:30:00,131442.98113120673,131208.44744022185,131050.0,131155.0,131245.0,131050.0,5809812.5
2024-04-04 11:35:00,131436.68458901157,131024.74398241703,130740.0,130790.0,131070.0,130725.0,7591339.5
2024-04-04 11:40:00,131362.44803531838,130916.12339325306,130810.0,130600.0,130820.0,130600.0,7110319.5
2024-04-04 11:45:00,131268.65474756222,130857.05953815208,130900.0,130765.0,130900.0,130765.0,4827417.0
2024-04-04 11:50:00,131176.6492163516,130776.20792650554,130735.0,130895.0,130940.0,130735.0,3232302.0
2024-04-04 11:55:00,131029.3707540886,130666.3435316257,130500.0,130700.0,130725.0,130500.0,6362528.0
2024-04-04 12:00:00,130906.73237083825,130613.26762916175,130585.0,130610.0,130675.0,130495.0,4140528.0
2024-04-04 12:05:00,130810.06576550685,130594.21994877886,130645.0,130595.0,130655.0,130595.0,1045084.5
2024-04-04 12:10:00,131024.91088807529,130562.23196906758,131380.0,130805.0,131380.0,130675.0,7612439.0
2024-04-04 12:15:00,131113.90114736173,130587.52742406687,131210.0,131145.0,131370.0,131145.0,9056072.0
2024-04-04 12:20:00,131218.48874811508,130611.51125188492,131350.0,131250.0,131360.0,131180.0,4213701.5
2024-04-04 12:25:00,131309.8773220397,130680.12267796029,131295.0,131365.0,131410.0,131245.0,5055150.0
2024-04-04 12:30:00,131401.3603679616,130842.92534632412,131390.0,131450.0,131460.0,131270.0,5714294.0
2024-04-04 12:35:00,131480.72535213424,131029.27464786576,131515.0,131450.0,131575.0,131420.0,7073708.0
2024-04-04 12:40:00,131461.14601786857,131291.7111249886,131495.0,131495.0,131635.0,131470.0,5248945.5
2024-04-04 12:45:00,131487.42075040942,131301.150678162,131505.0,131520.0,131540.0,131485.0,3037914.0
2024-04-04 12:50:00,131512.90780016172,131365.6636284097,131525.0,131515.0,131580.0,131515.0,1973255.0
2024-04-04 12:55:00,131554.72385021287,131395.27614978713,131600.0,131565.0,131610.0,131530.0,3118204.5
2024-04-04 13:00:00,131591.16023489568,131460.2683365329,131650.0,131600.0,131680.0,131600.0,3962764.0
2024-04-04 13:05:00,131618.82822424392,131508.31463289892,131655.0,131625.0,131705.0,131620.0,4646957.0
2024-04-04 13:10:00,131668.58523651666,131522.84333491192,131740.0,131680.0,131755.0,131680.0,8167182.0
2024-04-04 13:15:00,131726.01520177367,131553.98479822633,131805.0,131765.0,131810.0,131765.0,3518850.0
2024-04-04 13:20:00,131756.65072764867,131599.0635580656,131770.0,131740.0,131770.0,131700.0,4650799.5
2024-04-04 13:25:00,131762.99965070252,131647.00034929748,131715.0,131695.0,131840.0,131695.0,4730853.0
2024-04-04 13:30:00,131763.42821850133,131670.8574957844,131685.0,131670.0,131705.0,131625.0,4845239.0
2024-04-04 13:35:00,131768.60101200256,131639.97041656886,131560.0,131575.0,131650.0,131560.0,11384824.0
2024-04-04 13:40:00,131767.3990098968,131616.88670438895,131570.0,131560.0,131580.0,131540.0,2960262.5
2024-04-04 13:45:00,131750.2367550635,131596.90610207935,131610.0,131590.0,131610.0,131590.0,592210.0
2024-04-04 13:50:00,131706.75943173488,131550.38342540796,131490.0,131505.0,131615.0,131490.0,1867812.0
2024-04-04 13:55:00,131662.34510104434,131487.65489895566,131395.0,131400.0,131470.0,131375.0,9027379.0
2024-04-04 14:00:00,131618.26280297877,131470.30862559265,131500.0,131395.0,131510.0,131395.0,12513317.0
2024-04-04 14:05:00,131569.60714790592,131448.9642806655,131440.0,131445.0,131475.0,131440.0,3785966.0
2024-04-04 14:10:00,131552.36730964266,131430.4898332145,131435.0,131420.0,131460.0,131400.0,3088804.0
2024-04-04 14:15:00,131527.71879560789,131415.13834724927,131430.0,131435.0,131470.0,131415.0,1840250.0
2024-04-04 14:20:00,131474.72442790144,131396.70414352714,131360.0,131405.0,131435.0,131355.0,3836377.5
2024-04-04 14:25:00,131457.85868102688,131366.42703325886,131325.0,131350.0,131365.0,131325.0,2495586.0
2024-04-04 14:30:00,131460.18343266562,131316.95942447722,131230.0,131230.0,131325.0,131230.0,4634450.5
2024-04-04 14:35:00,131424.1470051692,131298.71013768797,131310.0,131215.0,131350.0,131195.0,5186947.0
2024-04-04 14:40:00,131401.5616205135,131239.86695091508,131155.0,131155.0,131290.0,131155.0,4945962.5
2024-04-04 14:45:00,131364.8293432457,131185.1706567543,131115.0,131180.0,131200.0,131115.0,2649369.0
2024-04-04 14:50:00,131314.7588050494,131122.38405209343,131035.0,131060.0,131110.0,131035.0,4915200.0
2024-04-04 14:55:00,131271.34154722688,131044.37273848738,130935.0,131000.0,131050.0,130935.0,3930168.0
2024-04-04 15:00:00,131218.4160268608,131017.29825885347,131045.0,131075.0,131150.0,130935.0,5372568.0
2024-04-04 15:05:00,131182.10076315765,130947.89923684236,130860.0,131060.0,131105.0,130860.0,4937417.0
2024-04-04 15:10:00,131108.37113019472,130833.05744123388,130650.0,130855.0,130865.0,130645.0,5203900.0
2024-04-04 15:15:00,131053.64732527251,130712.06696044178,130540.0,130655.0,130710.0,130540.0,5669161.5
2024-04-04 15:20:00,130976.48905955927,130643.51094044073,130605.0,130500.0,130605.0,130475.0,3641752.5
2024-04-04 15:25:00,130905.69437783996,130520.01990787433,130355.0,130605.0,130615.0,130355.0,5662715.0
2024-04-04 15:30:00,130833.40057583783,130459.4565670193,130470.0,130350.0,130505.0,130290.0,3911814.5
2024-04-04 15:35:00,130691.2880682775,130427.28336029392,130435.0,130395.0,130505.0,130340.0,7890709.0
2024-04-04 15:40:00,130585.28481612554,130351.85804101733,130225.0,130385.0,130425.0,130200.0,9894216.5
2024-04-04 15:45:00,130524.46030235002,130302.68255479285,130265.0,130285.0,130290.0,130250.0,1667473.0
2024-04-04 15:50:00,130482.11739229757,130257.88260770243,130235.0,130230.0,130235.0,130150.0,2838190.0
2024-04-04 15:55:00,130404.30417726729,130177.12439416129,130050.0,130200.0,130200.0,129995.0,8830673.5
2024-04-04 16:00:00,130401.9477340943,129996.62369447712,129715.0,129805.0,129975.0,129715.0,6831817.5
2024-04-04 16:05:00,130313.00213855805,129926.99786144195,129915.0,129865.0,129945.0,129815.0,5752032.0
2024-04-04 16:10:00,130206.9403243019,129853.0596756981,129805.0,129775.0,129855.0,129775.0,2882052.0
2024-04-04 16:15:00,130142.95956121985,129795.61186735157,129800.0,129745.0,129800.0,129600.0,9857933.5
2024-04-04 16:20:00,130046.30503914603,129756.5521037111,129790.0,129760.0,129865.0,129700.0,5191072.5
2024-04-04 16:25:00,129923.18091807366,129702.53336764063,129615.0,129620.0,129875.0,129615.0,7268037.5
2024-04-04 16:30:00,129837.65896722877,129679.4838899141,129670.0,129680.0,129680.0,129575.0,5795033.0
2024-04-04 16:35:00,129852.13820758076,129563.57607813353,129360.0,129635.0,129635.0,129355.0,2809439.5
2024-04-04 16:40:00,129783.73698751966,129513.40586962321,129500.0,129395.0,129535.0,129300.0,2563263.5
2024-04-04 16:45:00,129748.71536551826,129501.28463448174,129640.0,129630.0,129660.0,129480.0,1814102.5
2024-04-04 16:50:00,129723.81936426324,129499.03777859389,129705.0,129665.0,129705.0,129550.0,1063136.0
2024-04-04 16:55:00,129682.20592406947,129493.50836164482,129625.0,129545.0,129700.0,129525.0,3629047.5
2024-04-04 17:00:00,129680.52312845038,129492.33401440675,129605.0,129610.0,129725.0,129605.0,6069664.0
2024-04-04 17:05:00,129662.3023484544,129483.4119372599,129575.0,129605.0,129620.0,129575.0,3175065.5
2024-04-04 17:10:00,129665.44147603693,129563.1299525345,129650.0,129580.0,129650.0,129560.0,4756435.5
2024-04-04 17:15:00,129671.1751808836,129604.53910483069,129665.0,129660.0,129700.0,129610.0,4719718.5
2024-04-04 17:20:00,129678.01176065649,129607.7025250578,129675.0,129665.0,129675.0,129630.0,7001235.0
2024-04-04 17:25:00,129658.42994526132,129580.1414833101,129540.0,129560.0,129655.0,129540.0,1943850.0
2024-04-04 17:30:00,129659.57733284126,129524.70838144445,129435.0,129535.0,129535.0,129425.0,1423969.0
2024-04-04 17:35:00,129649.62053272327,129486.09375299102,129435.0,129455.0,129455.0,129435.0,1035670.0
2024-04-04 17:40:00,129639.17989936085,129439.39152921057,129375.0,129400.0,129445.0,129375.0,2562182.5
2024-04-04 17:45:00,129608.42640881735,129423.00216261123,129485.0,129490.0,129490.0,129345.0,3442620.5
2024-04-04 17:50:00,129567.33566253175,129414.09290889683,129490.0,129495.0,129535.0,129490.0,1230242.5
2024-04-04 17:55:00,129517.87280604194,129423.55576538664,129535.0,129465.0,129535.0,129465.0,686281.0
2024-04-08 10:00:00,129494.9175250511,129397.93961780603,129370.0,129280.0,129395.0,129280.0,4151661.0
2024-04-08 10:05:00,129501.5965890448,129324.11769666949,129200.0,129350.0,129400.0,129200.0,3710429.5
2024-04-08 10:10:00,129486.88542296954,129284.54314845904,129245.0,129230.0,129245.0,129145.0,2971515.0
2024-04-08 10:15:00,129476.55468567985,129239.15960003444,129180.0,129205.0,129245.0,129175.0,7066760.5
2024-04-08 10:20:00,129456.43767361123,129233.56232638877,129395.0,129395.0,129400.0,129205.0,2353664.0
2024-04-08 10:25:00,129423.78571945008,129224.78570912134,129345.0,129370.0,129500.0,129345.0,3183913.0
2024-04-08 10:30:00,129545.97596500115,129189.73832071314,129840.0,129410.0,129840.0,129360.0,6259579.0
2024-04-08 10:35:00,129754.84784142974,129189.43787285597,130100.0,129830.0,130130.0,129790.0,9017531.0
2024-04-08 10:40:00,129923.69255809102,129282.02172762327,130115.0,130125.0,130260.0,130105.0,9138254.5
2024-04-08 10:45:00,130114.64908610111,129401.06519961318,130330.0,130195.0,130400.0,130060.0,8625160.5
2024-04-08 10:50:00,130242.19446658812,129594.94839055475,130305.0,130320.0,130370.0,130250.0,6203283.0
2024-04-08 10:55:00,130305.67720236978,129760.0370833445,130195.0,130355.0,130385.0,130145.0,4182586.0
2024-04-08 11:00:00,130278.11401521186,130020.45741335956,130160.0,130100.0,130190.0,130080.0,4098859.5
2024-04-08 11:05:00,130267.57973443401,130126.7059798517,130175.0,130160.0,130225.0,130160.0,5728960.0
2024-04-08 11:10:00,130267.64439312503,130123.78417830355,130090.0,130000.0,130150.0,129970.0,7310407.5
2024-04-08 11:15:00,130267.64439312503,130123.78417830355,130115.0,130155.0,130180.0,130110.0,1561810.0
2024-04-08 11:20:00,130239.68252011346,130124.60319417225,130235.0,130250.0,130260.0,130150.0,5573232.0
2024-04-08 11:25:00,130258.73262155634,130119.83880701508,130355.0,130340.0,130355.0,130215.0,8873755.5
2024-04-08 11:30:00,130263.854042985,130123.28881415787,130225.0,130285.0,130315.0,130205.0,3998801.0
2024-04-08 11:35:00,130308.1338155021,130137.5804702122,130365.0,130350.0,130380.0,130210.0,9070685.0
2024-04-08 11:40:00,130342.78475937914,130157.21524062086,130365.0,130390.0,130430.0,130335.0,9882630.5
2024-04-08 11:45:00,130370.38647849511,130211.04209293347,130375.0,130360.0,130410.0,130350.0,7418401.5
2024-04-08 11:50:00,130393.20091912734,130275.37050944408,130420.0,130355.0,130455.0,130340.0,5385445.0
2024-04-08 11:55:00,130410.08171092086,130308.48971765056,130410.0,130405.0,130465.0,130365.0,5321190.0
2024-04-08 12:00:00,130440.95634084236,130314.75794487193,130485.0,130415.0,130485.0,130400.0,6131465.5
2024-04-08 12:05:00,130501.26564826642,130363.0200660193,130605.0,130490.0,130605.0,130490.0,4777801.0
2024-04-08 12:10:00,130533.8200837779,130386.1799162221,130560.0,130630.0,130650.0,130560.0,4571518.5
2024-04-08 12:15:00,130578.36117532286,130417.35311039143,130630.0,130575.0,130645.0,130575.0,3409069.5
2024-04-08 12:20:00,130611.53829189815,130458.46170810185,130635.0,130620.0,130665.0,130610.0,3657807.5
2024-04-08 12:25:00,130647.39900989966,130496.88670438605,130680.0,130630.0,130725.0,130630.0,6195098.0
2024-04-08 12:30:00,130653.91596206614,130553.22689507673,130630.0,130595.0,130680.0,130595.0,8125577.0
2024-04-08 12:35:00,130649.11368969065,130575.17202459506,130545.0,130500.0,130620.0,130475.0,3954499.0
2024-04-08 12:40:00,130650.46118463442,130576.68167250845,130615.0,130615.0,130615.0,130560.0,3787354.5
2024-04-08 12:45:00,130652.71442676602,130588.71414466256,130610.0,130610.0,130670.0,130605.0,3553050.0
2024-04-08 12:50:00,130667.54996991328,130591.02145865814,130690.0,130690.0,130700.0,130675.0,2953485.0
2024-04-08 12:55:00,130671.18177141604,130593.10394286967,130655.0,130630.0,130665.0,130605.0,2926167.5
2024-04-08 13:00:00,130690.20406210405,130591.22450932453,130740.0,130665.0,130765.0,130665.0,2771162.0
2024-04-08 13:05:00,130713.77929087396,130599.07785198317,130740.0,130725.0,130755.0,130715.0,5869949.5
2024-04-08 13:10:00,130716.3963089521,130632.17511961932,130670.0,130675.0,130700.0,130660.0,6076415.0
2024-04-08 13:15:00,130716.64874928018,130637.63696500553,130635.0,130605.0,130695.0,130605.0,2560566.0
2024-04-08 13:20:00,130720.80594883427,130616.3369083086,130550.0,130610.0,130655.0,130550.0,4427599.5
2024-04-08 13:25:00,130710.46843029631,130590.96014113227,130565.0,130580.0,130600.0,130565.0,2089285.0
2024-04-08 13:30:00,130705.21216770502,130583.3592608664,130610.0,130600.0,130615.0,130555.0,914195.0
2024-04-08 13:35:00,130681.87004746239,130579.55852396619,130645.0,130650.0,130650.0,130620.0,1659058.5
2024-04-08 13:40:00,130646.16123406084,130578.12448022487,130610.0,130620.0,130645.0,130610.0,8294244.5
2024-04-08 13:45:00,130629.50240045786,130574.78331382785,130600.0,130605.0,130605.0,130585.0,3813241.5
2024-04-08 13:50:00,130632.318484942,130574.82437220086,130645.0,130630.0,130660.0,130620.0,2299229.5
2024-04-08 13:55:00,130637.4281514601,130592.5718485399,130630.0,130625.0,130660.0,130615.0,4206254.5
2024-04-08 14:00:00,130649.82387247896,130610.17612752104,130670.0,130675.0,130675.0,130650.0,3383981.5
2024-04-08 14:05:00,130675.71101120627,130614.28898879373,130715.0,130700.0,130750.0,130680.0,4875260.0
2024-04-08 14:10:00,130677.28547899633,130615.5716638608,130655.0,130665.0,130735.0,130640.0,6364504.5
2024-04-08 14:15:00,130688.12624597077,130627.58803974352,130690.0,130645.0,130690.0,130630.0,3475484.0
2024-04-08 14:20:00,130700.92441340181,130647.64701516961,130715.0,130715.0,130750.0,130675.0,4810042.0
2024-04-08 14:25:00,130736.33011979143,130653.66988020857,130790.0,130725.0,130815.0,130725.0,4276133.0
2024-04-08 14:30:00,130787.45486120197,130669.6879959409,130865.0,130780.0,130865.0,130775.0,4905925.5
2024-04-08 14:35:00,130800.88757764015,130687.68385093127,130780.0,130770.0,130900.0,130750.0,6514828.5
2024-04-08 14:40:00,130810.98007520237,130697.59135336905,130785.0,130800.0,130820.0,130785.0,4839901.5
2024-04-08 14:45:00,130821.69134500729,130729.73722642129,130805.0,130795.0,130815.0,130780.0,3269885.0
2024-04-08 14:50:00,130826.42312790647,130756.43401495066,130800.0,130800.0,130850.0,130800.0,3270580.0
2024-04-08 14:55:00,130829.51457936199,130783.34256349514,130820.0,130820.0,130820.0,130820.0,654065.0
2024-04-08 15:00:00,130828.92168715215,130775.36402713356,130760.0,130825.0,130875.0,130760.0,3544927.5
2024-04-08 15:05:00,130806.42934050041,130760.71351664246,130735.0,130770.0,130800.0,130705.0,4863945.5
2024-04-08 15:10:00,130804.43704785421,130748.42009500292,130730.0,130780.0,130780.0,130730.0,1765120.0
2024-04-08 15:15:00,130803.60223741723,130747.82633401135,130780.0,130755.0,130780.0,130750.0,1412287.5
2024-04-08 15:20:00,130796.65540374369,130744.77316768489,130770.0,130805.0,130815.0,130770.0,2158111.5
2024-04-08 15:25:00,130797.99692793605,130744.86021492108,130805.0,130870.0,130880.0,130775.0,5285950.0
2024-04-08 15:30:00,130790.42656958145,130695.28771613284,130620.0,130620.0,130760.0,130620.0,3632987.5
2024-04-08 15:35:00,130781.72076108627,130668.27923891373,130635.0,130635.0,130675.0,130600.0,5029351.0
2024-04-08 15:40:00,130773.74212367857,130633.4007334643,130585.0,130605.0,130670.0,130570.0,7393087.0
2024-04-08 15:45:00,130760.54454503024,130595.16974068405,130550.0,130605.0,130640.0,130550.0,3512989.0
2024-04-08 15:50:00,130729.68801868218,130577.45483846069,130610.0,130590.0,130615.0,130550.0,2938088.0
2024-04-08 15:55:00,130719.63254273751,130577.51031440536,130735.0,130600.0,130755.0,130600.0,3880562.5
2024-04-08 16:00:00,130746.80330464782,130570.33955249505,130875.0,130725.0,130875.0,130710.0,6212340.5
2024-04-08 16:05:00,130770.29733237938,130586.84552476348,130760.0,130785.0,130865.0,130760.0,4447428.0
2024-04-08 16:10:00,130824.20536958076,130605.79463041924,130890.0,130850.0,130910.0,130805.0,5417780.5
2024-04-08 16:15:00,130888.32062112183,130648.82223602103,130960.0,130895.0,130995.0,130895.0,7672538.5
2024-04-08 16:20:00,130957.85899350372,130722.14100649628,131050.0,130925.0,131075.0,130925.0,6377833.5
2024-04-08 16:25:00,131032.21904713854,130799.20952429004,131140.0,131080.0,131215.0,131075.0,10413153.5
2024-04-08 16:30:00,131102.9260307593,130858.5025406693,131190.0,131125.0,131200.0,131105.0,8275594.0
2024-04-08 16:35:00,131162.65050913987,130895.92091943155,131215.0,131195.0,131305.0,131185.0,11796628.5
2024-04-08 16:40:00,131193.84163241767,130990.44408186807,131200.0,131275.0,131300.0,131200.0,7572695.5
2024-04-08 16:45:00,131192.16559906284,131040.69154379434,131060.0,131145.0,131260.0,131055.0,7251214.0
2024-04-08 16:50:00,131190.516536014,131049.483463986,130985.0,130965.0,131050.0,130935.0,16950332.0
2024-04-08 16:55:00,131189.83289944142,131041.59567198716,131020.0,131000.0,131035.0,130960.0,2266175.5
2024-04-08 17:00:00,131176.53144945716,131003.46855054284,130960.0,130975.0,131055.0,130940.0,11801624.0
2024-04-08 17:05:00,131147.35346075954,130986.93225352617,131030.0,130980.0,131030.0,130975.0,2986853.5
2024-04-08 17:10:00,131106.54985196138,130983.45014803861,131060.0,131080.0,131080.0,131025.0,5281592.5
2024-04-08 17:15:00,131098.48624801758,130985.79946626814,131180.0,131095.0,131210.0,131045.0,7970339.0
2024-04-08 17:20:00,131132.6808068483,130988.74776458029,131190.0,131180.0,131220.0,131175.0,3358442.5
2024-04-08 17:25:00,131164.10793789884,131014.46349067258,131185.0,131175.0,131185.0,131150.0,7961042.5
2024-04-08 17:30:00,131167.8207296596,131025.03641319754,131070.0,131130.0,131175.0,131070.0,2596343.5
2024-04-08 17:35:00,131169.8532904417,131063.00385241545,131100.0,131115.0,131145.0,131100.0,1179955.0
2024-04-08 17:40:00,131169.82230746807,131074.46340681767,131070.0,131080.0,131135.0,131050.0,3893462.5
2024-04-08 17:45:00,131173.8855301262,131044.68589844524,130970.0,131000.0,131060.0,130970.0,4362761.0
2024-04-08 17:50:00,131150.01012743704,131011.41844399153,130980.0,130950.0,131005.0,130935.0,2894452.5
2024-04-08 17:55:00,131115.62263636923,130997.23450648789,131020.0,130995.0,131065.0,130990.0,4284895.0
2024-04-09 10:00:00,131224.48954815467,130964.08188041675,131450.0,131470.0,131575.0,131405.0,6258317.0
2024-04-09 10:05:00,131346.90932603987,130975.94781681731,131540.0,131505.0,131555.0,131445.0,6706412.0
2024-04-09 10:10:00,131428.86231639617,131009.70911217523,131505.0,131475.0,131585.0,131475.0,2499060.0
2024-04-09 10:15:00,131488.03054744346,131061.96945255656,131460.0,131495.0,131495.0,131340.0,10145001.0
2024-04-09 10:20:00,131551.69407493906,131161.1630679181,131540.0,131465.0,131555.0,131445.0,7232498.0
2024-04-09 10:25:00,131627.7588499822,131292.2411500178,131705.0,131550.0,131705.0,131480.0,4394860.0
2024-04-09 10:30:00,131622.70014088936,131474.44271625348,131640.0,131720.0,131895.0,131570.0,9496571.0
2024-04-09 10:35:00,131622.78358477398,131477.21641522602,131460.0,131455.0,131610.0,131410.0,9482014.0
2024-04-09 10:40:00,131632.70014088936,131484.44271625348,131600.0,131525.0,131640.0,131500.0,4735950.0
2024-04-09 10:45:00,131662.82442745284,131504.31842969,131680.0,131760.0,131795.0,131610.0,4992837.0
2024-04-09 10:50:00,131664.82195761788,131528.03518523928,131550.0,131605.0,131655.0,131550.0,8092352.5
2024-04-09 10:55:00,131670.50882577975,131539.49117422025,131600.0,131430.0,131600.0,131430.0,9232457.0
2024-04-09 11:00:00,131700.9554222464,131534.75886346787,131795.0,131740.0,131810.0,131620.0,10182505.0
2024-04-09 11:05:00,131761.78976824082,131538.21023175918,131865.0,131785.0,131865.0,131750.0,8144547.0
2024-04-09 11:10:00,131827.27433470104,131601.29709387038,131910.0,131880.0,131975.0,131875.0,8468264.0
2024-04-09 11:15:00,131897.54780972,131639.59504742283,131980.0,131865.0,132065.0,131865.0,11626838.5
2024-04-09 11:20:00,131941.94241365703,131672.3433006287,131950.0,131990.0,132025.0,131950.0,5596190.5
2024-04-09 11:25:00,131943.01849263173,131738.41007879685,131785.0,131850.0,132035.0,131760.0,8531522.5
2024-04-09 11:30:00,131939.57785731138,131751.8507141172,131635.0,131620.0,131785.0,131580.0,8293820.5
2024-04-09 11:35:00,131939.06795688628,131688.07490025656,131570.0,131510.0,131660.0,131500.0,7131185.0
2024-04-09 11:40:00,131917.57187066693,131592.42812933307,131455.0,131285.0,131645.0,131260.0,9079647.0
2024-04-09 11:45:00,131863.91600750253,131513.2268496403,131445.0,131445.0,131495.0,131400.0,5100150.0
2024-04-09 11:50:00,131772.8085094995,131482.90577621476,131555.0,131490.0,131555.0,131485.0,4958535.5
2024-04-09 11:55:00,131672.04768575795,131487.95231424205,131615.0,131595.0,131615.0,131545.0,3881596.0
2024-04-09 12:00:00,131613.5568763489,131493.58598079393,131600.0,131655.0,131655.0,131575.0,5620373.0
2024-04-09 12:05:00,131634.18111622374,131491.53316949052,131700.0,131695.0,131750.0,131665.0,8205404.5
2024-04-09 12:10:00,131660.9953391974,131499.0046608026,131690.0,131720.0,131720.0,131660.0,3608349.5
2024-04-09 12:15:00,131703.6816407726,131540.60407351315,131750.0,131765.0,131765.0,131705.0,2410735.0
2024-04-09 12:20:00,131699.01423008545,131586.7000556288,131590.0,131600.0,131755.0,131585.0,4279350.0
2024-04-09 12:25:00,131703.55094314707,131559.3061997101,131475.0,131480.0,131680.0,131475.0,4881735.0
2024-04-09 12:30:00,131706.9144958812,131563.0855041188,131640.0,131585.0,131675.0,131585.0,3133126.0
2024-04-09 12:35:00,131712.30510410917,131570.552038748,131645.0,131615.0,131680.0,131615.0,2369575.0
2024-04-09 12:40:00,131711.17241413493,131570.25615729365,131695.0,131695.0,131695.0,131660.0,776867.5
2024-04-09 12:45:00,131703.5191345574,131566.4808654426,131650.0,131700.0,131700.0,131610.0,2040825.0
2024-04-09 12:50:00,131667.67223352418,131555.18490933298,131585.0,131595.0,131660.0,131580.0,3856161.5
2024-04-09 12:55:00,131667.67223352418,131555.18490933298,131590.0,131585.0,131590.0,131500.0,1354968.5
2024-04-09 13:00:00,131668.64118867103,131607.07309704323,131660.0,131570.0,131660.0,131550.0,2434570.0
2024-04-09 13:05:00,131678.19389208552,131610.3775364859,131685.0,131675.0,131685.0,131585.0,3448360.0
2024-04-09 13:10:00,131695.8198518303,131614.1801481697,131720.0,131725.0,131745.0,131670.0,5229195.0
2024-04-09 13:15:00,131692.36303499065,131613.35125072362,131680.0,131740.0,131740.0,131665.0,4517390.0
2024-04-09 13:20:00,131696.45213282536,131616.4050100318,131675.0,131695.0,131695.0,131655.0,3199464.0
2024-04-09 13:25:00,131695.8950812152,131626.96206164197,131620.0,131610.0,131655.0,131605.0,3975451.0
2024-04-09 13:30:00,131710.62775482523,131652.22938803193,131730.0,131750.0,131750.0,131630.0,6585149.0
2024-04-09 13:35:00,131709.8499804196,131647.29287672325,131640.0,131640.0,131715.0,131635.0,5240152.0
2024-04-09 13:40:00,131706.9908155047,131617.29489878105,131570.0,131560.0,131665.0,131560.0,3198416.0
2024-04-09 13:45:00,131687.70510121903,131598.00918449523,131585.0,131545.0,131600.0,131495.0,4157306.5
2024-04-09 13:50:00,131680.516536013,131539.483463987,131450.0,131500.0,131600.0,131450.0,3511536.0
2024-04-09 13:55:00,131658.641237559,131492.78733386958,131435.0,131470.0,131490.0,131435.0,5849955.5
2024-04-09 14:00:00,131640.29323115674,131445.42105455752,131390.0,131405.0,131440.0,131335.0,1944672.0
2024-04-09 14:05:00,131575.6468249242,131420.06746079007,131415.0,131400.0,131430.0,131370.0,5019597.0
2024-04-09 14:10:00,131530.23712149556,131361.19144993302,131275.0,131350.0,131455.0,131270.0,5751380.5
2024-04-09 14:15:00,131490.78121473282,131340.64735669576,131360.0,131290.0,131380.0,131270.0,2875801.5
2024-04-09 14:20:00,131440.37146223988,131345.34282347438,131425.0,131410.0,131425.0,131395.0,788485.0
2024-04-09 14:25:00,131429.11173080953,131342.31684061905,131400.0,131405.0,131405.0,131380.0,1576785.0
2024-04-09 14:30:00,131469.31324269148,131336.40104302278,131555.0,131500.0,131555.0,131435.0,3839816.0
2024-04-09 14:35:00,131537.11282123215,131341.45860733927,131645.0,131500.0,131645.0,131500.0,3867421.5
2024-04-09 14:40:00,131569.87654601492,131357.26631112793,131585.0,131605.0,131630.0,131550.0,7133061.0
2024-04-09 14:45:00,131596.68445091543,131420.4584062274,131590.0,131600.0,131650.0,131590.0,1408166.5
2024-04-09 14:50:00,131647.27712710405,131469.8657300388,131710.0,131725.0,131725.0,131605.0,5872430.0
2024-04-09 14:55:00,131679.9569001971,131514.32881408863,131695.0,131725.0,131725.0,131645.0,3555179.5
2024-04-09 15:00:00,131679.14250421716,131586.5717814971,131650.0,131635.0,131675.0,131605.0,4502035.5
2024-04-09 15:05:00,131694.37293852217,131612.76991862067,131700.0,131600.0,131720.0,131595.0,5370958.5
2024-04-09 15:10:00,131742.6126334618,131614.53022368104,131820.0,131750.0,131820.0,131715.0,3057414.0
2024-04-09 15:15:00,131775.79895329295,131645.62961813563,131810.0,131805.0,131850.0,131765.0,5443792.0
2024-04-09 15:20:00,131778.34023524215,131678.8026219007,131715.0,131765.0,131790.0,131715.0,2318833.5
2024-04-09 15:25:00,131776.61333185798,131674.8152395706,131690.0,131705.0,131720.0,131660.0,3305229.0
2024-04-09 15:30:00,131775.28847945624,131650.42580625802,131605.0,131605.0,131655.0,131600.0,3554195.0
2024-04-09 15:35:00,131776.632001617,131656.22514124017,131675.0,131675.0,131675.0,131645.0,724086.5
2024-04-09 15:40:00,131774.23039829129,131651.48388742298,131675.0,131670.0,131675.0,131670.0,263345.0
2024-04-09 15:45:00,131742.27602662815,131644.8668305147,131685.0,131735.0,131735.0,131660.0,790170.0
2024-04-09 15:50:00,131697.70712327745,131635.1500195797,131620.0,131650.0,131700.0,131620.0,855655.0
2024-04-09 15:55:00,131682.54896318377,131628.8796082448,131640.0,131615.0,131685.0,131605.0,3093643.0
2024-04-09 16:00:00,131671.1082346692,131616.03462247364,131605.0,131560.0,131610.0,131555.0,3592131.5
2024-04-09 16:05:00,131673.25330869993,131601.0324055858,131560.0,131510.0,131635.0,131500.0,1645070.0
2024-04-09 16:10:00,131661.27307398367,131591.5840688735,131600.0,131450.0,131600.0,131445.0,3707817.0
2024-04-09 16:15:00,131645.12637809513,131577.73076476203,131570.0,131555.0,131625.0,131555.0,1184195.0
2024-04-09 16:20:00,131679.2062375163,131567.93661962653,131770.0,131650.0,131780.0,131630.0,3331821.0
2024-04-09 16:25:00,131767.13944510135,131562.86055489865,131910.0,131850.0,131925.0,131720.0,5997651.0
2024-04-09 16:30:00,131811.72326624682,131579.70530518176,131855.0,131900.0,131900.0,131850.0,7833151.0
2024-04-09 16:35:00,131833.23347846215,131606.76652153785,131775.0,131820.0,131900.0,131775.0,11008311.0
2024-04-09 16:40:00,131862.34444168498,131657.65555831502,131840.0,131800.0,131855.0,131740.0,5258433.0
2024-04-09 16:45:00,131885.61619210028,131708.66952218546,131860.0,131860.0,131895.0,131830.0,4746582.5
2024-04-09 16:50:00,131921.53999854496,131795.60285859788,132000.0,131950.0,132000.0,131875.0,5250936.5
2024-04-09 16:55:00,131967.89890344956,131823.52966797902,132030.0,131975.0,132040.0,131965.0,7630143.0
2024-04-09 17:00:00,132000.1580894126,131829.8419105874,132045.0,131985.0,132050.0,131965.0,7735430.0
2024-04-09 17:05:00,132020.15808941258,131849.84191058742,131995.0,132000.0,132025.0,131995.0,1874538.0
2024-04-09 17:10:00,132025.6332065637,131897.22393629345,131960.0,132000.0,132005.0,131960.0,2811432.5
2024-04-09 17:15:00,132037.738625258,131937.97566045626,132025.0,131975.0,132030.0,131975.0,2402540.0
2024-04-09 17:20:00,132040.28353410342,131989.71646589658,132050.0,132025.0,132060.0,132015.0,6667319.5
2024-04-09 17:25:00,132039.81046582188,131975.90381989238,131950.0,131945.0,132100.0,131890.0,12025678.0
2024-04-09 17:30:00,132031.4816709807,131958.5183290193,131940.0,131890.0,131985.0,131890.0,9499969.5
2024-04-09 17:35:00,132020.83945536264,131956.3034017802,132000.0,132000.0,132000.0,131975.0,9132633.5
2024-04-09 17:40:00,132016.23816151195,131948.0475527738,131950.0,131980.0,131980.0,131950.0,1016068.5
2024-04-09 17:45:00,132016.23816151195,131948.0475527738,131960.0,131960.0,131980.0,131940.0,7693839.5
2024-04-09 17:50:00,132007.20045684348,131945.65668601368,131985.0,131915.0,131985.0,131905.0,14921386.5
2024-04-09 17:55:00,131989.29749496086,131949.27393361056,132000.0,132020.0,132020.0,131985.0,1056085.0
2024-04-10 10:00:00,132080.41715672874,131669.58284327126,131290.0,131580.0,131670.0,131170.0,20289806.5
2024-04-10 10:05:00,132053.12816435384,131491.1575499319,131220.0,131235.0,131380.0,131200.0,17868834.0
2024-04-10 10:10:00,131976.2634885369,131288.02222574883,131020.0,131175.0,131200.0,130965.0,16374922.0
2024-04-10 10:15:00,131877.70191674962,131209.44094039322,131330.0,131235.0,131330.0,130960.0,12906735.5
2024-04-10 10:20:00,131738.5502460701,131051.44975392989,130920.0,131200.0,131230.0,130910.0,10943659.0
2024-04-10 10:25:00,131538.57992784935,130929.99150072206,130860.0,130990.0,131090.0,130855.0,9039746.0
2024-04-10 10:30:00,131256.37735599448,130966.47978686269,131140.0,131150.0,131210.0,130895.0,11568517.0
2024-04-10 10:35:00,131229.80396302344,130961.62460840514,131180.0,131180.0,131270.0,131070.0,7883963.5
2024-04-10 10:40:00,131204.85081847952,130950.86346723475,131095.0,131185.0,131210.0,131000.0,7448682.5
2024-04-10 10:45:00,131197.92869849666,130920.64273007476,130890.0,131015.0,131095.0,130820.0,7777151.0
2024-04-10 10:50:00,131174.54641680303,130924.02501176838,131260.0,131180.0,131300.0,130940.0,4944805.0
2024-04-10 10:55:00,131194.70933300012,130959.57638128563,131115.0,131225.0,131225.0,131065.0,2950412.5
2024-04-10 11:00:00,131192.4622456071,130980.39489725005,130925.0,131100.0,131175.0,130925.0,5398414.0
2024-04-10 11:05:00,131186.11949843162,130976.73764442555,131105.0,131065.0,131155.0,130970.0,2385636.0
2024-04-10 11:10:00,131152.96889810817,130908.45967332041,130825.0,131100.0,131110.0,130790.0,7778406.5
2024-04-10 11:15:00,131147.35341990698,130905.50372295015,131065.0,131050.0,131095.0,130800.0,9220547.5
2024-04-10 11:20:00,131156.46118118757,130933.53881881245,131020.0,131080.0,131095.0,130980.0,4770134.0
2024-04-10 11:25:00,131082.49494692954,130907.50505307046,130910.0,131040.0,131125.0,130905.0,6551391.0
2024-04-10 11:30:00,131043.52082820823,130880.76488607748,130885.0,130915.0,130955.0,130690.0,10426457.5
2024-04-10 11:35:00,131050.41099645551,130889.58900354449,130980.0,130955.0,130980.0,130760.0,7054320.5
2024-04-10 11:40:00,131031.46925980848,130889.9593116201,131040.0,131045.0,131095.0,130940.0,11385331.0
2024-04-10 11:45:00,131032.45059415164,130926.12083441978,130955.0,130980.0,131080.0,130865.0,9011809.5
2024-04-10 11:50:00,131004.6174811745,130891.09680453979,130845.0,130990.0,131005.0,130795.0,4149824.5
2024-04-10 11:55:00,130980.55551865535,130866.58733848752,130850.0,130845.0,130890.0,130760.0,5141984.0
2024-04-10 12:00:00,130978.18576880344,130823.24280262514,130750.0,130875.0,130925.0,130745.0,7315601.0
2024-04-10 12:05:00,130991.9822614011,130692.3034528846,130475.0,130750.0,130785.0,130440.0,6846483.5
2024-04-10 12:10:00,130951.55600287906,130554.15828283523,130355.0,130465.0,130470.0,130320.0,11437159.0
2024-04-10 12:15:00,130856.03040410338,130476.82673875375,130435.0,130460.0,130485.0,130315.0,11527620.5
2024-04-10 12:20:00,130760.81056475024,130416.33229239263,130410.0,130490.0,130490.0,130410.0,8792069.0
2024-04-10 12:25:00,130679.02027721985,130373.83686563728,130410.0,130425.0,130425.0,130355.0,10915236.5
2024-04-10 12:30:00,130563.22840271473,130342.48588299956,130335.0,130405.0,130435.0,130290.0,5801072.5
2024-04-10 12:35:00,130436.08407695717,130352.48735161425,130340.0,130375.0,130385.0,130310.0,5774110.5
2024-04-10 12:40:00,130419.15536271688,130286.55892299741,130185.0,130300.0,130335.0,130150.0,10378859.5
2024-04-10 12:45:00,130411.11015896227,130251.74698389486,130205.0,130215.0,130255.0,130185.0,4753111.5
2024-04-10 12:50:00,130376.7399143005,130208.97437141379,130165.0,130195.0,130220.0,130165.0,6977978.5
2024-04-10 12:55:00,130340.26112590605,130189.73887409395,130215.0,130135.0,130215.0,130110.0,5727198.0
2024-04-10 13:00:00,130313.93085076186,130191.78343495243,130325.0,130350.0,130380.0,130210.0,11128970.5
2024-04-10 13:05:00,130305.96781202454,130191.17504511833,130305.0,130300.0,130310.0,130255.0,6801214.5
2024-04-10 13:10:00,130287.49072048759,130189.65213665528,130270.0,130300.0,130330.0,130235.0,5758983.5
2024-04-10 13:15:00,130300.52314717195,130206.61970997092,130290.0,130285.0,130305.0,130285.0,2371229.0
2024-04-10 13:20:00,130306.7007576842,130219.01352803009,130270.0,130265.0,130275.0,130225.0,5079675.0
2024-04-10 13:25:00,130303.54891702747,130245.02251154395,130245.0,130310.0,130335.0,130245.0,8729980.5
2024-04-10 13:30:00,130302.38936385087,130253.32492186342,130240.0,130270.0,130270.0,130180.0,8373675.5
2024-04-10 13:35:00,130294.55764046511,130254.01378810631,130300.0,130280.0,130320.0,130250.0,5863288.0
2024-04-10 13:40:00,130308.49861229323,130251.50138770677,130345.0,130325.0,130355.0,130275.0,3127712.5
2024-04-10 13:45:00,130309.71627527422,130253.14086758292,130280.0,130285.0,130310.0,130245.0,2540255.0
2024-04-10 13:50:00,130313.81628271125,130254.75514586017,130310.0,130305.0,130325.0,130250.0,7204726.0
2024-04-10 13:55:00,130324.72836870253,130260.98591701176,130330.0,130405.0,130415.0,130315.0,9907265.0
2024-04-10 14:00:00,130325.15907063523,130256.26950079335,130230.0,130380.0,130425.0,130205.0,9928782.5
2024-04-10 14:05:00,130351.53910893582,130159.88946249276,129995.0,130180.0,130225.0,129995.0,13648598.0
2024-04-10 14:10:00,130331.56898619919,130121.28815665795,130095.0,130080.0,130095.0,130005.0,8817264.5
2024-04-10 14:15:00,130312.21988658112,130116.3515419903,130260.0,130245.0,130275.0,130080.0,9881696.0
2024-04-10 14:20:00,130375.97847032182,130115.45010110676,130500.0,130400.0,130500.0,130260.0,12645509.5
2024-04-10 14:25:00,130364.0331690196,130107.39540240898,130240.0,130430.0,130565.0,130240.0,11504887.5
2024-04-10 14:30:00,130354.8180254853,130103.75340308611,130285.0,130400.0,130425.0,130105.0,9663760.5
2024-04-10 14:35:00,130345.18435070907,130089.10136357664,130145.0,130205.0,130310.0,130125.0,6912888.5
2024-04-10 14:40:00,130346.29200644455,130080.85085069832,129970.0,130080.0,130120.0,129925.0,7464278.5
2024-04-10 14:45:00,130344.31838301141,130049.9673312743,129980.0,130025.0,130025.0,129890.0,6860931.5
2024-04-10 14:50:00,130320.42383153702,130022.43331132011,130080.0,129945.0,130095.0,129945.0,6409815.5
2024-04-10 14:55:00,130211.29953856274,130021.55760429439,130115.0,130140.0,130185.0,130045.0,6272056.5
2024-04-10 15:00:00,130191.62223261103,130018.37776738897,130160.0,130120.0,130205.0,130030.0,8692245.0
2024-04-10 15:05:00,130154.54708251935,130022.59577462352,130170.0,130170.0,130185.0,130095.0,9279153.0
2024-04-10 15:10:00,130169.0577244932,130023.79941836392,130200.0,130140.0,130215.0,130080.0,7846492.0
2024-04-10 15:15:00,130174.09817960508,130058.75896325205,130110.0,130275.0,130280.0,130100.0,10714261.5
2024-04-10 15:20:00,130168.6870626252,130082.74150880337,130045.0,130210.0,130220.0,129990.0,8338642.5
2024-04-10 15:25:00,130168.42821850984,130075.85749577587,130055.0,130085.0,130160.0,130045.0,5880026.0
2024-04-10 15:30:00,130168.1045116577,130029.03834548517,129950.0,130065.0,130070.0,129920.0,5720618.0
2024-04-10 15:35:00,130147.3188857911,130006.96682849461,130010.0,130010.0,130045.0,129950.0,5459983.0
2024-04-10 15:40:00,130122.95950165327,129998.46906977531,130055.0,129995.0,130055.0,129930.0,5031085.5
2024-04-10 15:45:00,130078.22863895661,130000.3427896148,130050.0,130055.0,130080.0,130020.0,3030137.5
2024-04-10 15:50:00,130057.95264051319,129997.7616452011,130030.0,130065.0,130075.0,130005.0,4889429.5
2024-04-10 15:55:00,130065.80269562297,129921.3401615199,129805.0,130000.0,130020.0,129805.0,8220108.0
2024-04-10 16:00:00,130044.19412302595,129880.09159125976,129835.0,129935.0,129950.0,129800.0,7246946.0
2024-04-10 16:05:00,130039.1471420532,129819.42428651822,129720.0,129865.0,129870.0,129680.0,10185425.5
2024-04-10 16:10:00,130012.8179172157,129794.32493992717,129830.0,129780.0,129845.0,129725.0,6254828.0
2024-04-10 16:15:00,129964.56768969298,129765.43231030702,129785.0,129750.0,129820.0,129745.0,6177676.5
2024-04-10 16:20:00,129927.5817757031,129766.7039385826,129925.0,129925.0,129925.0,129775.0,8700565.0
2024-04-10 16:25:00,129902.1642379641,129772.12147632161,129960.0,129995.0,130005.0,129930.0,5017275.5
2024-04-10 16:30:00,129910.9994122487,129781.85773060843,129870.0,129950.0,129965.0,129830.0,4234968.5
2024-04-10 16:35:00,129912.31195332149,129783.4023323928,129845.0,129830.0,129890.0,129805.0,5362742.5
2024-04-10 16:40:00,129946.95960430722,129827.32610997849,129995.0,129950.0,129995.0,129880.0,4977370.0
2024-04-10 16:45:00,129972.93884398577,129847.06115601423,129990.0,130045.0,130085.0,129970.0,6735083.5
2024-04-10 16:50:00,129982.14497039547,129889.28360103311,129965.0,130015.0,130020.0,129905.0,6705445.5
2024-04-10 16:55:00,129988.43605691726,129894.42108593987,129965.0,130000.0,130055.0,129940.0,6448880.0
2024-04-10 17:00:00,129988.43605691726,129894.42108593987,129960.0,129985.0,130020.0,129910.0,3911900.0
2024-04-10 17:05:00,129989.62897920593,129907.51387793694,129920.0,129970.0,130000.0,129905.0,8030315.0
2024-04-10 17:10:00,129989.02774656023,129909.5436820112,129850.0,129920.0,129920.0,129850.0,2857210.0
2024-04-10 17:15:00,129973.74798608744,129887.68058534114,129865.0,129870.0,129905.0,129865.0,2208072.5
2024-04-10 17:20:00,129954.36836651433,129861.34591919996,129830.0,129805.0,129860.0,129805.0,2739248.0
2024-04-10 17:25:00,129951.73319948827,129861.12394336886,129955.0,129945.0,129955.0,129945.0,1039590.0
2024-04-10 17:30:00,129944.15557180064,129860.13014248507,129935.0,129950.0,129950.0,129915.0,909445.0
2024-04-10 17:35:00,129934.16094281175,129858.69620004538,129920.0,129925.0,129930.0,129920.0,649615.0
2024-04-10 17:40:00,129937.53357008359,129859.60928705928,129935.0,129930.0,129935.0,129930.0,1169400.0
2024-04-10 17:45:00,129964.85630295303,129875.14369704697,130000.0,129955.0,130010.0,129950.0,1546891.0
2024-04-10 17:50:00,129994.1236916499,129893.01916549297,130030.0,130010.0,130030.0,130010.0,325055.0
2024-04-10 17:55:00,130009.39606786113,129934.88964642458,130030.0,130030.0,130030.0,130030.0,130030.0
2024-04-11 10:00:00,130017.8914923028,129872.1085076972,129765.0,129740.0,129790.0,129650.0,7991104.5
2024-04-11 10:05:00,130013.56273111163,129816.43726888837,129725.0,129625.0,129795.0,129625.0,5798986.0
2024-04-11 10:10:00,130001.28952409171,129764.42476162258,129695.0,129775.0,129855.0,129695.0,4036344.5
2024-04-11 10:15:00,129978.31414530444,129728.82871183843,129730.0,129775.0,129820.0,129680.0,7083314.0
2024-04-11 10:20:00,129930.44247152988,129688.12895704154,129690.0,129695.0,129710.0,129660.0,1750880.0
2024-04-11 10:25:00,129855.47444382553,129625.95412760305,129550.0,129550.0,129675.0,129445.0,5804308.0
2024-04-11 10:30:00,129745.77539176369,129578.51032252202,129480.0,129695.0,129705.0,129480.0,5935622.5
2024-04-11 10:35:00,129712.42780963481,129523.28647607948,129455.0,129480.0,129580.0,129410.0,7133943.0
2024-04-11 10:40:00,129676.3362979252,129479.37798778909,129445.0,129405.0,129535.0,129350.0,7120908.5
2024-04-11 10:45:00,129644.82934325092,129465.17065674908,129535.0,129550.0,129550.0,129465.0,3820737.5
2024-04-11 10:50:00,129585.71763539982,129449.99665031447,129470.0,129505.0,129575.0,129425.0,5619861.0
2024-04-11 10:55:00,129520.52067929471,129420.90789213387,129360.0,129455.0,129555.0,129330.0,6989000.0
2024-04-11 11:00:00,129495.60917353923,129382.9622550322,129330.0,129350.0,129415.0,129300.0,6480279.5
2024-04-11 11:05:00,129484.74324219847,129323.82818637295,129235.0,129225.0,129315.0,129215.0,4782661.5
2024-04-11 11:10:00,129464.9576723583,129280.75661335599,129235.0,129280.0,129285.0,129150.0,5169156.0
2024-04-11 11:15:00,129441.71271187649,129205.43014526638,129100.0,129175.0,129240.0,129060.0,5036134.5
2024-04-11 11:20:00,129369.62041194971,129167.52244519316,129150.0,129095.0,129165.0,129065.0,5293984.0
2024-04-11 11:25:00,129300.97702842778,129109.02297157222,129025.0,129150.0,129165.0,128955.0,5510582.0
2024-04-11 11:30:00,129250.02529678604,129082.83184607109,129090.0,129085.0,129155.0,129000.0,9668295.5
2024-04-11 11:35:00,129197.1119294982,129074.31664193037,129115.0,129095.0,129130.0,129050.0,5421496.0
2024-04-11 11:40:00,129185.50684300055,129074.49315699945,129195.0,129155.0,129195.0,129080.0,9647009.0
2024-04-11 11:45:00,129220.91720113214,129066.22565601073,129330.0,129210.0,129365.0,129200.0,11660812.5
2024-04-11 11:50:00,129246.4469296215,129083.5530703785,129250.0,129260.0,129320.0,129225.0,3167257.5
2024-04-11 11:55:00,129266.5901351126,129094.83843631599,129260.0,129260.0,129270.0,129210.0,1706035.0
2024-04-11 12:00:00,129292.06007194084,129147.93992805916,129300.0,129280.0,129345.0,129220.0,5145452.5
2024-04-11 12:05:00,129291.74693130841,129173.96735440588,129180.0,129245.0,129295.0,129180.0,6669955.0
2024-04-11 12:10:00,129290.38302105066,129202.47412180647,129210.0,129165.0,129210.0,129150.0,3126238.0
2024-04-11 12:15:00,129299.3729385357,129217.76991860717,129280.0,129265.0,129295.0,129215.0,5067309.5
2024-04-11 12:20:00,129286.39149807632,129217.89421620939,129285.0,129320.0,129320.0,129275.0,8972738.0
2024-04-11 12:25:00,129282.60075451809,129204.54210262478,129190.0,129200.0,129245.0,129170.0,4199133.0
2024-04-11 12:30:00,129283.56357629146,129205.00785227996,129265.0,129285.0,129285.0,129175.0,7857975.0
2024-04-11 12:35:00,129332.53701752525,129194.60583961762,129435.0,129355.0,129440.0,129285.0,4682888.0
2024-04-11 12:40:00,129360.39416038226,129222.46298247487,129375.0,129500.0,129505.0,129365.0,7521456.5
2024-04-11 12:45:00,129384.92609123277,129249.35962305294,129390.0,129410.0,129455.0,129385.0,1940976.0
2024-04-11 12:50:00,129422.49316011599,129264.64969702688,129465.0,129490.0,129490.0,129405.0,2058271.0
2024-04-11 12:55:00,129460.81791934057,129286.3249378023,129495.0,129460.0,129495.0,129420.0,7430896.5
2024-04-11 13:00:00,129456.18980225155,129318.09591203416,129285.0,129390.0,129515.0,129285.0,3221561.5
2024-04-11 13:05:00,129455.64600322257,129322.92542534885,129280.0,129305.0,129315.0,129260.0,4137261.0
2024-04-11 13:10:00,129441.18229181362,129264.53199390067,129180.0,129210.0,129250.0,129180.0,5608560.0
2024-04-11 13:15:00,129426.64830382366,129220.49455331921,129170.0,129170.0,129195.0,129060.0,6753124.0
2024-04-11 13:20:00,129402.87645680389,129192.8378289104,129210.0,129260.0,129260.0,129180.0,4988257.5
2024-04-11 13:25:00,129347.04995689286,129138.66432882143,129080.0,129170.0,129190.0,129080.0,7050564.5
2024-04-11 13:30:00,129249.70401850465,129120.29598149535,129090.0,129060.0,129130.0,129050.0,4143936.0
2024-04-11 13:35:00,129216.25249196983,129095.17607945875,129080.0,129015.0,129080.0,129010.0,6013677.0
2024-04-11 13:40:00,129177.14613105038,129092.85386894962,129135.0,129135.0,129170.0,129085.0,6791756.0
2024-04-11 13:45:00,129166.9631096757,129088.7511760386,129130.0,129095.0,129130.0,129065.0,3550528.0
2024-04-11 13:50:00,129153.23490062509,129076.76509937491,129080.0,129100.0,129170.0,129080.0,3899862.0
2024-04-11 13:55:00,129116.98927067866,129078.72501503563,129090.0,129105.0,129105.0,129055.0,4014238.0
2024-04-11 14:00:00,129132.87372678255,129084.26913036032,129155.0,129090.0,129155.0,128915.0,11913276.5
2024-04-11 14:05:00,129156.01754143693,129089.69674427736,129190.0,129190.0,129200.0,129085.0,4584870.5
2024-04-11 14:10:00,129225.41499807882,129091.72785906405,129330.0,129285.0,129340.0,129195.0,8866871.5
2024-04-11 14:15:00,129255.81605416849,129104.18394583151,129285.0,129270.0,129285.0,129205.0,3166807.5
2024-04-11 14:20:00,129269.1079379056,129119.46349066582,129230.0,129225.0,129300.0,129210.0,3425415.0
2024-04-11 14:25:00,129289.19486794203,129156.51941777226,129280.0,129240.0,129320.0,129210.0,3696921.0
2024-04-11 14:30:00,129333.48058222755,129200.80513205816,129400.0,129310.0,129400.0,129285.0,3155852.0
2024-04-11 14:35:00,129357.01325883403,129238.70102688026,129370.0,129425.0,129440.0,129365.0,7724938.0
2024-04-11 14:40:00,129384.41042122027,129275.58957877973,129415.0,129340.0,129420.0,129340.0,5058257.0
2024-04-11 14:45:00,129422.00876969747,129280.84837315966,129480.0,129400.0,129480.0,129370.0,4776236.0
2024-04-11 14:50:00,129437.43789189297,129301.13353667845,129410.0,129490.0,129495.0,129410.0,3922893.0
2024-04-11 14:55:00,129453.93122786394,129350.35448642177,129460.0,129470.0,129475.0,129410.0,3727983.5
2024-04-11 15:00:00,129467.74181817683,129396.54389610888,129490.0,129510.0,129520.0,129425.0,4286095.0
2024-04-11 15:05:00,129590.22225688784,129379.77774311216,129770.0,129560.0,129770.0,129500.0,7947164.5
2024-04-11 15:10:00,129607.11282123682,129411.4586073346,129540.0,129640.0,129760.0,129540.0,4834276.0
2024-04-11 15:15:00,129619.35710107192,129434.9286132138,129540.0,129555.0,129610.0,129530.0,5104601.0
2024-04-11 15:20:00,129635.07138678616,129450.64289892813,129590.0,129580.0,129590.0,129520.0,2293300.5
2024-04-11 15:25:00,129653.19824593702,129491.08746834869,129615.0,129600.0,129620.0,129570.0,5092961.0
2024-04-11 15:30:00,129663.92352373981,129521.79076197448,129605.0,129635.0,129680.0,129550.0,5690633.5
2024-04-11 15:35:00,129670.59795643503,129547.9734721364,129605.0,129630.0,129630.0,129570.0,5105964.0
2024-04-11 15:40:00,129615.07719292119,129500.6370927931,129410.0,129530.0,129620.0,129405.0,4803778.5
2024-04-11 15:45:00,129621.25844359436,129423.02727069135,129290.0,129265.0,129440.0,129265.0,7424365.5
2024-04-11 15:50:00,129607.9134607209,129356.37225356481,129260.0,129255.0,129280.0,129225.0,6721023.5
2024-04-11 15:55:00,129569.97937120072,129285.73491451357,129210.0,129265.0,129295.0,129210.0,6954222.0
2024-04-11 16:00:00,129514.8770612188,129259.40865306692,129330.0,129275.0,129340.0,129255.0,3646433.5
2024-04-11 16:05:00,129449.96888805708,129244.31682622863,129325.0,129300.0,129370.0,129290.0,4785122.0
2024-04-11 16:10:00,129348.72847619402,129245.55723809169,129255.0,129340.0,129340.0,129255.0,3490574.5
2024-04-11 16:15:00,129336.22484678404,129248.06086750167,129375.0,129255.0,129375.0,129160.0,6462334.5
2024-04-11 16:20:00,129385.08052028198,129249.20519400373,129465.0,129495.0,129500.0,129380.0,6588856.5
2024-04-11 16:25:00,129403.3648714694,129268.06369995918,129390.0,129400.0,129460.0,129335.0,4515915.5
2024-04-11 16:30:00,129414.83395660929,129309.45175767642,129395.0,129320.0,129400.0,129320.0,5123515.0
2024-04-11 16:35:00,129440.62263637672,129322.23450648041,129465.0,129450.0,129465.0,129405.0,3624312.5
2024-04-11 16:40:00,129460.24880287939,129341.17976854919,129460.0,129460.0,129480.0,129445.0,3495438.5
2024-04-11 16:45:00,129459.23127493524,129396.48301077905,129445.0,129415.0,129445.0,129390.0,4335245.0
2024-04-11 16:50:00,129460.58225014871,129387.98917842271,129350.0,129430.0,129430.0,129320.0,2561272.0
2024-04-11 16:55:00,129453.3341757307,129335.23725284071,129255.0,129305.0,129360.0,129255.0,6776180.0
2024-04-11 17:00:00,129447.42273186517,129302.57726813483,129255.0,129255.0,129265.0,129240.0,1189130.0
2024-04-11 17:05:00,129435.0879529404,129267.76918991673,129230.0,129250.0,129290.0,129230.0,4084647.0
2024-04-11 17:10:00,129397.33564958377,129234.09292184481,129215.0,129200.0,129250.0,129200.0,5052547.0
2024-04-11 17:15:00,129348.25681523525,129207.45747047904,129195.0,129235.0,129235.0,129190.0,736525.5
2024-04-11 17:20:00,129287.36303500528,129208.351250709,129235.0,129215.0,129235.0,129205.0,904580.0
2024-04-11 17:25:00,129246.97615019194,129213.02384980806,129225.0,129180.0,129225.0,129170.0,6123700.5
2024-04-11 17:30:00,129238.80057873219,129202.62799269639,129190.0,129190.0,129195.0,129190.0,775150.0
2024-04-11 17:35:00,129279.09047919199,129190.90952080801,129355.0,129270.0,129355.0,129220.0,1862043.0
2024-04-11 17:40:00,129298.62365836167,129197.09062735262,129320.0,129305.0,129320.0,129305.0,387935.0
2024-04-11 17:45:00,129307.23398946029,129207.05172482542,129280.0,129285.0,129295.0,129275.0,1551375.0
2024-04-11 17:50:00,129312.99624377598,129222.71804193831,129270.0,129250.0,129325.0,129220.0,1021318.0
2024-04-11 17:55:00,129314.20916171918,129225.79083828082,129250.0,129295.0,129295.0,129250.0,8442005.5
2024-04-12 10:00:00,129317.80394485129,129235.05319800584,129270.0,129320.0,129360.0,129215.0,6814352.0
2024-04-12 10:05:00,129323.16040270816,129213.9824544347,129135.0,129240.0,129285.0,129135.0,7105803.0
2024-04-12 10:10:00,129294.17549080982,129192.96736633305,129180.0,129155.0,129195.0,128995.0,9564270.0
2024-04-12 10:15:00,129268.71390481819,129174.14323803895,129165.0,129260.0,129290.0,129080.0,8202647.0
2024-04-12 10:20:00,129318.98373098872,129165.30198329699,129425.0,129430.0,129435.0,129135.0,7435773.0
2024-04-12 10:25:00,129362.22020290555,129169.20836852303,129435.0,129485.0,129525.0,129300.0,6586952.5
2024-04-12 10:30:00,129409.37743511997,129183.47970773716,129465.0,129450.0,129505.0,129195.0,6543574.5
2024-04-12 10:35:00,129429.27027594081,129197.87258120206,129390.0,129450.0,129455.0,129305.0,5316571.0
2024-04-12 10:40:00,129430.53018586218,129225.18409985211,129235.0,129295.0,129380.0,129235.0,4952907.0
2024-04-12 10:45:00,129430.87304000558,129237.69838856584,129225.0,129325.0,129330.0,129200.0,7162246.0
2024-04-12 10:50:00,129429.92526741007,129247.2175897328,129195.0,129205.0,129275.0,129130.0,6446699.5
2024-04-12 10:55:00,129401.18981349978,129218.81018650022,129225.0,129320.0,129320.0,129180.0,7987871.0
2024-04-12 11:00:00,129371.60183740054,129211.2553054566,129305.0,129485.0,129520.0,129170.0,12189616.0
2024-04-12 11:05:00,129309.01423009565,129196.70005561864,129195.0,129440.0,129445.0,129120.0,5818266.5
2024-04-12 11:10:00,129267.30241587073,129204.12615555785,129270.0,129315.0,129350.0,129190.0,4046276.0
2024-04-12 11:15:00,129266.62619030915,129170.51666683372,129115.0,129250.0,129285.0,129090.0,5463346.0
2024-04-12 11:20:00,129260.51523116558,129159.48476883442,129165.0,129145.0,129165.0,128975.0,5356949.5
2024-04-12 11:25:00,129260.31621024477,129113.96950404094,129035.0,129155.0,129165.0,128985.0,4465921.5
2024-04-12 11:30:00,129244.11144713104,129078.74569572609,129045.0,129190.0,129210.0,129030.0,4067978.0
2024-04-12 11:35:00,129196.8881589609,129060.25469818198,129075.0,129170.0,129180.0,128995.0,3355844.5
2024-04-12 11:40:00,129179.45872418385,128987.68413295902,128880.0,129075.0,129095.0,128850.0,4990876.0
2024-04-12 11:45:00,129116.2031937285,128932.36823484291,128855.0,128880.0,128915.0,128780.0,4999156.0
2024-04-12 11:50:00,129085.37574739725,128878.90996688846,128820.0,128840.0,128860.0,128775.0,3710245.5
2024-04-12 11:55:00,129028.82705352429,128792.60151790429,128665.0,128820.0,128845.0,128650.0,5883584.0
2024-04-12 12:00:00,128990.23411775898,128764.05159652673,128800.0,128700.0,128800.0,128670.0,7414500.5
2024-04-12 12:05:00,128936.72285085668,128736.13429200045,128760.0,128765.0,128775.0,128605.0,5739319.0
2024-04-12 12:10:00,128849.6545175652,128687.48833957767,128600.0,128730.0,128730.0,128600.0,3860333.5
2024-04-12 12:15:00,128835.29100099312,128686.13757043546,128825.0,128800.0,128825.0,128595.0,5083703.5
2024-04-12 12:20:00,128838.09208211901,128686.1936321667,128865.0,128800.0,128865.0,128795.0,6570886.5
2024-04-12 12:25:00,128841.55402486326,128687.01740370816,128835.0,128830.0,128840.0,128760.0,3954216.0
2024-04-12 12:30:00,128885.92388846952,128719.79039724477,128935.0,128900.0,128955.0,128820.0,4072216.5
2024-04-12 12:35:00,128898.28728952563,128727.42699618866,128870.0,128890.0,128920.0,128850.0,2912521.0
2024-04-12 12:40:00,128917.31313697647,128745.54400588066,128890.0,128795.0,128890.0,128775.0,6041564.0
2024-04-12 12:45:00,128909.5844003189,128844.70131396681,128920.0,128835.0,128920.0,128805.0,4007161.5
2024-04-12 12:50:00,128912.5489632091,128858.87960821947,128885.0,128885.0,128935.0,128845.0,2603289.5
2024-04-12 12:55:00,128912.0795632282,128856.49186534323,128855.0,128855.0,128895.0,128835.0,3092814.5
2024-04-12 13:00:00,128926.89040897207,128873.10959102793,128945.0,128955.0,128980.0,128865.0,4138780.5
2024-04-12 13:05:00,128924.23695521946,128872.90590192341,128925.0,129040.0,129050.0,128915.0,4334181.0
2024-04-12 13:10:00,128926.62501800094,128853.37498199906,128810.0,128875.0,128935.0,128790.0,5489339.5
2024-04-12 13:15:00,128922.25849120502,128836.3129373664,128815.0,128855.0,128865.0,128775.0,3336427.0
2024-04-12 13:20:00,128908.1700314085,128817.54425430579,128805.0,128850.0,128850.0,128785.0,1481442.5
2024-04-12 13:25:00,128898.46207850905,128794.39506434808,128770.0,128875.0,128880.0,128740.0,2859965.0
2024-04-12 13:30:00,128894.17793532531,128744.39349324611,128665.0,128780.0,128800.0,128645.0,6088690.0
2024-04-12 13:35:00,128864.27731778966,128645.72268221034,128495.0,128695.0,128710.0,128440.0,11390684.5
2024-04-12 13:40:00,128810.20913977141,128566.93371737146,128460.0,128500.0,128520.0,128435.0,9276374.0
2024-04-12 13:45:00,128772.01545815199,128470.84168470514,128340.0,128455.0,128460.0,128310.0,11630261.5
2024-04-12 13:50:00,128707.4209668604,128401.15046171102,128345.0,128370.0,128385.0,128335.0,3504180.5
2024-04-12 13:55:00,128624.5433641361,128358.31377872103,128365.0,128440.0,128460.0,128365.0,7318361.5
2024-04-12 14:00:00,128533.69741913785,128352.01686657644,128430.0,128445.0,128450.0,128360.0,4262961.5
2024-04-12 14:05:00,128447.25311183809,128341.31831673333,128325.0,128420.0,128445.0,128320.0,7588429.0
2024-04-12 14:10:00,128412.370129186,128319.05844224257,128295.0,128365.0,128385.0,128280.0,9176896.0
2024-04-12 14:15:00,128388.10168250636,128259.04117463651,128165.0,128345.0,128350.0,128150.0,4566577.0
2024-04-12 14:20:00,128384.33713649772,128184.2342920737,128065.0,128155.0,128170.0,127985.0,14596045.0
2024-04-12 14:25:00,128361.06829176567,128120.36027966291,128040.0,128100.0,128105.0,128020.0,18556049.5
2024-04-12 14:30:00,128319.35582502389,128047.78703211898,127965.0,128025.0,128040.0,127945.0,21108429.5
2024-04-12 14:35:00,128234.97809171047,128003.59333686095,127980.0,128005.0,128005.0,127920.0,16240484.0
2024-04-12 14:40:00,128165.51845606287,127971.62440108,127970.0,128010.0,128015.0,127960.0,15499004.5
2024-04-12 14:45:00,128083.62557249812,127970.6601417876,128005.0,128015.0,128035.0,127940.0,19825762.0
2024-04-12 14:50:00,128031.03280783274,127970.39576359584,127980.0,128040.0,128065.0,127960.0,18396479.0
2024-04-12 14:55:00,128011.99377763244,127970.8633652247,128000.0,128010.0,128030.0,127960.0,12646042.5
2024-04-12 15:00:00,127997.10699767835,127950.03585946452,127915.0,128000.0,128005.0,127880.0,14788395.0
2024-04-12 15:05:00,128021.69612986453,127952.58958442118,128060.0,128050.0,128090.0,127910.0,18126063.0
2024-04-12 15:10:00,128023.80647647231,127954.76495209911,127995.0,128055.0,128070.0,127950.0,15401157.0
2024-04-12 15:15:00,128029.25956729542,127960.74043270458,128010.0,127985.0,128015.0,127930.0,11146659.0
2024-04-12 15:20:00,128024.92828104304,127930.78600467124,127885.0,127975.0,127995.0,127850.0,12281732.0
2024-04-12 15:25:00,128021.65853893655,127888.34146106345,127820.0,127880.0,127885.0,127795.0,9408935.0
2024-04-12 15:30:00,128005.32724943807,127843.24417913335,127785.0,127800.0,127815.0,127660.0,13259436.5
2024-04-12 15:35:00,127999.62791438651,127784.6577998992,127690.0,127775.0,127775.0,127670.0,13102984.0
2024-04-12 15:40:00,127944.15273246157,127722.9901246813,127650.0,127710.0,127715.0,127615.0,16826301.0
2024-04-12 15:45:00,127890.62726152179,127663.65845276392,127600.0,127660.0,127680.0,127580.0,20829698.0
2024-04-12 15:50:00,127807.83881479186,127626.44689949385,127590.0,127640.0,127660.0,127575.0,14011755.5
2024-04-12 15:55:00,127749.95783904642,127591.47073238216,127560.0,127690.0,127705.0,127550.0,13465266.5
2024-04-12 16:00:00,127698.27214094388,127564.58500191325,127545.0,127550.0,127555.0,127450.0,15530914.5
2024-04-12 16:05:00,127646.2552714215,127566.60187143563,127610.0,127590.0,127610.0,127490.0,12271291.5
2024-04-12 16:10:00,127616.44440437545,127557.84130991026,127555.0,127615.0,127640.0,127530.0,19482756.5
2024-04-12 16:15:00,127593.7060281595,127549.15111469763,127540.0,127560.0,127585.0,127505.0,30290944.5
2024-04-12 16:20:00,127598.19501759189,127548.94783955098,127615.0,127630.0,127645.0,127535.0,28578629.0
2024-04-12 16:25:00,127599.30137530316,127549.27005326826,127595.0,127625.0,127640.0,127585.0,14727146.5
2024-04-12 16:30:00,127616.716403093,127554.71216833558,127640.0,127695.0,127725.0,127605.0,15931379.5
2024-04-12 16:35:00,127641.29701850054,127567.27441007088,127675.0,127680.0,127705.0,127615.0,15397012.0
2024-04-12 16:40:00,127711.02310796344,127558.97689203656,127825.0,127830.0,127835.0,127685.0,7946742.0
2024-04-12 16:45:00,127766.80143339145,127584.62713803713,127840.0,127900.0,127910.0,127755.0,11401982.5
2024-04-12 16:50:00,127779.44885583967,127623.40828701746,127720.0,127865.0,127870.0,127675.0,22772849.5
2024-04-12 16:55:00,127784.48802921936,127639.79768506635,127690.0,127710.0,127760.0,127680.0,71359847.5
2024-04-12 17:00:00,127796.89254319925,127675.96459965788,127765.0,127715.0,127770.0,127640.0,14403954.5
2024-04-12 17:05:00,127808.26934522328,127706.01636906243,127785.0,127800.0,127815.0,127725.0,11703981.0
2024-04-12 17:10:00,127808.34315506373,127717.37113065056,127715.0,127860.0,127865.0,127710.0,10927598.5
2024-04-12 17:15:00,127787.7043310304,127699.43852611247,127690.0,127700.0,127710.0,127685.0,11441822.5
2024-04-12 17:20:00,127759.97748848307,127701.45108294551,127750.0,127755.0,127755.0,127715.0,2593128.5
2024-04-12 17:25:00,127770.26601595327,127706.8768411896,127775.0,127795.0,127795.0,127730.0,8265744.0
2024-04-12 17:30:00,127786.96503394886,127723.03496605114,127805.0,127815.0,127815.0,127780.0,7566168.0
2024-04-12 17:35:00,127793.4248994064,127725.14652916502,127795.0,127800.0,127820.0,127790.0,996831.0
2024-04-12 17:40:00,127795.76227721234,127725.66629421624,127795.0,127790.0,127795.0,127785.0,383395.0
2024-04-12 17:45:00,127809.18300950968,127740.81699049032,127815.0,127835.0,127850.0,127755.0,3348297.0
2024-04-12 17:50:00,127815.85436213645,127774.14563786355,127830.0,127825.0,127835.0,127820.0,2454301.0
2024-04-15 10:00:00,127814.65715881107,127785.34284118893,127785.0,127800.0,127850.0,127685.0,20019727.5
2024-04-15 10:05:00,127854.17640471167,127664.39502385975,127490.0,127800.0,127815.0,127435.0,27950310.5
2024-04-15 10:10:00,127841.15756404473,127565.98529309814,127415.0,127480.0,127545.0,127375.0,38587191.0
2024-04-15 10:15:00,127807.30051407356,127521.27091449786,127520.0,127615.0,127615.0,127415.0,40144834.0
2024-04-15 10:20:00,127770.89177988711,127497.67964868431,127585.0,127600.0,127605.0,127440.0,14947537.0
2024-04-15 10:25:00,127726.87104296441,127484.55752846417,127615.0,127685.0,127745.0,127550.0,18762784.5
2024-04-15 10:30:00,127651.78485903224,127459.64371239634,127480.0,127585.0,127645.0,127380.0,18603483.5
2024-04-15 10:35:00,127661.69230589241,127456.879122679,127810.0,127770.0,127835.0,127490.0,16068732.0
2024-04-15 10:40:00,127779.73969559692,127473.11744726021,127960.0,128010.0,128045.0,127770.0,12967973.0
2024-04-15 10:45:00,127815.32074032153,127538.96497396418,127770.0,128035.0,128045.0,127725.0,15011559.0
2024-04-15 10:50:00,127867.26572603772,127591.3057025337,127885.0,127915.0,127970.0,127785.0,11702077.0
2024-04-15 10:55:00,127926.81111509314,127640.33174204973,127965.0,127980.0,127990.0,127885.0,12434903.0
2024-04-15 11:00:00,127934.21324190752,127670.07247237819,127745.0,127955.0,127965.0,127745.0,8668733.5
2024-04-15 11:05:00,127916.8399222329,127767.44579205281,127760.0,127705.0,127835.0,127620.0,9503573.5
2024-04-15 11:10:00,127914.7568268866,127762.38603025627,127785.0,127855.0,127870.0,127600.0,11851642.0
2024-04-15 11:15:00,127880.4493169199,127753.83639736581,127810.0,127930.0,127950.0,127775.0,11456810.5
2024-04-15 11:20:00,127883.00881989724,127759.8483229599,127800.0,127715.0,127865.0,127705.0,16103360.0
2024-04-15 11:25:00,127861.76231326479,127738.23768673521,127735.0,127720.0,127845.0,127705.0,12215191.5
2024-04-15 11:30:00,127796.64701570818,127751.92441286324,127785.0,127985.0,127990.0,127715.0,12939588.5
2024-04-15 11:35:00,127800.85655917798,127760.5720122506,127790.0,128075.0,128075.0,127745.0,10974064.5
2024-04-15 11:40:00,127826.37651056334,127765.05206086524,127865.0,127985.0,127985.0,127770.0,13170550.5
2024-04-15 11:45:00,127830.88115664435,127769.11884335565,127815.0,127820.0,127850.0,127655.0,12800329.5
2024-04-15 11:50:00,127831.8007955551,127769.62777587348,127815.0,127855.0,127865.0,127745.0,10287447.5
2024-04-15 11:55:00,127828.35727908692,127753.07129234166,127730.0,127875.0,127890.0,127730.0,10059784.5
2024-04-15 12:00:00,127830.74581918951,127736.39703795336,127685.0,127695.0,127735.0,127645.0,15336470.0
2024-04-15 12:05:00,127827.6250122145,127693.80355921408,127625.0,127720.0,127735.0,127620.0,16419604.0
2024-04-15 12:10:00,127817.24550540719,127682.75449459281,127715.0,127750.0,127780.0,127630.0,10141234.0
2024-04-15 12:15:00,127797.22659063028,127682.77340936972,127795.0,127785.0,127805.0,127640.0,11866165.0
2024-04-15 12:20:00,127812.60596049369,127681.67975379202,127865.0,127875.0,127875.0,127760.0,12538526.5
2024-04-15 12:25:00,127879.26572972588,127672.1628417027,128015.0,127980.0,128020.0,127840.0,11626896.5
2024-04-15 12:30:00,127906.9308283543,127691.64060021711,127895.0,127965.0,128015.0,127890.0,10146016.0
2024-04-15 12:35:00,127922.41474362666,127721.87097065905,127845.0,127895.0,127910.0,127765.0,14689155.0
2024-04-15 12:40:00,127925.81535508447,127779.89893062982,127840.0,127870.0,127890.0,127800.0,8668298.0
2024-04-15 12:45:00,127924.17124871051,127804.40017986091,127795.0,127885.0,127900.0,127795.0,10291006.5
2024-04-15 12:50:00,127935.45962322693,127824.54037677307,127905.0,127960.0,127960.0,127790.0,9273186.0
2024-04-15 12:55:00,127938.0732836356,127827.64100207869,127885.0,127910.0,127950.0,127885.0,10336507.5
2024-04-15 13:00:00,127887.6141364059,127822.3858635941,127820.0,127885.0,127895.0,127790.0,9434179.0
2024-04-15 13:05:00,127881.57065455953,127769.85791686905,127690.0,127775.0,127845.0,127685.0,10527722.0
2024-04-15 13:10:00,127873.08551504629,127725.48591352513,127660.0,127680.0,127705.0,127600.0,14578829.5
2024-04-15 13:15:00,127856.26962860375,127686.58751425338,127645.0,127680.0,127690.0,127570.0,9828347.0
2024-04-15 13:20:00,127847.07143869312,127605.78570416401,127480.0,127660.0,127665.0,127460.0,12831836.5
2024-04-15 13:25:00,127787.79301491474,127562.20698508526,127545.0,127580.0,127590.0,127475.0,15853541.0
2024-04-15 13:30:00,127718.52094546621,127542.90762596237,127575.0,127575.0,127610.0,127525.0,8993519.5
2024-04-15 13:35:00,127655.00036748128,127539.28534680443,127585.0,127625.0,127640.0,127530.0,6570658.5
2024-04-15 13:40:00,127623.78081794611,127516.21918205389,127500.0,127505.0,127630.0,127440.0,8660189.0
2024-04-15 13:45:00,127594.51593011171,127504.05549845971,127515.0,127540.0,127550.0,127475.0,11207140.5
2024-04-15 13:50:00,127569.72836872972,127505.98591698457,127565.0,127570.0,127570.0,127485.0,14895009.0
2024-04-15 13:55:00,127578.62655593839,127525.65915834732,127580.0,127585.0,127625.0,127530.0,10920151.0
2024-04-15 14:00:00,127591.29094708519,127530.13762434339,127605.0,127565.0,127620.0,127505.0,9504078.0
2024-04-15 14:05:00,127596.93425985138,127531.63716872004,127600.0,127630.0,127655.0,127600.0,9341999.0
2024-04-15 14:10:00,127613.47473476767,127422.23955094662,127260.0,127605.0,127615.0,127250.0,12310598.0
2024-04-15 14:15:00,127606.03046233661,127403.96953766339,127410.0,127400.0,127445.0,127240.0,14455741.5
2024-04-15 14:20:00,127609.33569035032,127263.52145250681,127035.0,127395.0,127425.0,127035.0,16067106.0
2024-04-15 14:25:00,127562.95360140564,127157.04639859436,127030.0,127110.0,127115.0,126900.0,21677575.0
2024-04-15 14:30:00,127488.8064186121,127046.90786710219,126935.0,127035.0,127040.0,126855.0,22485974.0
2024-04-15 14:35:00,127376.06123292085,126958.22448136486,126900.0,127055.0,127075.0,126900.0,15441200.0
2024-04-15 14:40:00,127221.68980358307,126899.73876784551,126855.0,126975.0,127000.0,126815.0,12132365.5
2024-04-15 14:45:00,127157.59661125904,126852.40338874096,126870.0,126905.0,126905.0,126805.0,11163628.5
2024-04-15 14:50:00,127045.99533921422,126884.00466078578,127130.0,127110.0,127130.0,126815.0,12697822.5
2024-04-15 14:55:00,127100.76632709152,126880.66224433706,127215.0,127230.0,127250.0,127095.0,15562536.5
2024-04-15 15:00:00,127105.52169059384,126883.04973797758,127055.0,127185.0,127205.0,127035.0,14565819.0
2024-04-15 15:05:00,127114.30129000527,126895.69870999473,127010.0,127005.0,127080.0,126975.0,18684113.5
2024-04-15 15:10:00,127113.17505103408,126885.39637753734,126860.0,126950.0,127015.0,126850.0,14608925.5
2024-04-15 15:15:00,127124.96726914926,126920.74701656503,127020.0,127010.0,127040.0,126865.0,17442785.0
2024-04-15 15:20:00,127127.5947767081,126948.1195090062,126975.0,126970.0,127105.0,126955.0,16169630.0
2024-04-15 15:25:00,127113.28887502749,126943.85398211538,127065.0,127075.0,127090.0,126985.0,11232165.0
2024-04-15 15:30:00,127120.84029576881,126942.01684708832,127235.0,127185.0,127255.0,127030.0,14953769.5
2024-04-15 15:35:00,127140.02848064784,126948.54294792358,127145.0,127325.0,127350.0,127130.0,17140779.0
2024-04-15 15:40:00,127167.47755481447,126965.37958804266,127165.0,127125.0,127170.0,127095.0,21294975.0
2024-04-15 15:45:00,127167.74729712395,127025.10984573318,127070.0,127150.0,127165.0,127055.0,19017195.0
2024-04-15 15:50:00,127173.40154824343,127040.88416604228,127095.0,127080.0,127110.0,127025.0,18894401.0
2024-04-15 15:55:00,127176.07787028555,127081.06498685732,127125.0,127145.0,127180.0,127060.0,16232588.5
2024-04-15 16:00:00,127177.5016697477,127091.06975882372,127105.0,127205.0,127210.0,127090.0,13539251.5
2024-04-15 16:05:00,127145.5925093789,127094.4074906211,127135.0,127160.0,127170.0,127070.0,12927566.5
2024-04-15 16:10:00,127140.05303791912,127062.80410493801,127015.0,127105.0,127145.0,127005.0,14433619.5
2024-04-15 16:15:00,127121.62619032472,127025.51666681815,126970.0,127040.0,127045.0,126895.0,16672004.0
2024-04-15 16:20:00,127140.92147440006,127031.93566845707,127160.0,127130.0,127190.0,126950.0,15227119.5
2024-04-15 16:25:00,127146.42976385348,127034.9988075751,127125.0,127155.0,127180.0,127105.0,11519372.0
2024-04-15 16:30:00,127152.07849979406,127036.49292877736,127150.0,127220.0,127220.0,127110.0,14663096.0
2024-04-15 16:35:00,127183.02467026914,127041.26104401657,127230.0,127225.0,127245.0,127095.0,13683704.0
2024-04-15 16:40:00,127180.5165360316,127039.4834639684,127120.0,127250.0,127270.0,127115.0,15045319.5
2024-04-15 16:45:00,127219.06810013208,127070.93189986792,127260.0,127155.0,127265.0,127095.0,12768012.0
2024-04-15 16:50:00,127240.09897205514,127137.04388508773,127275.0,127240.0,127295.0,127180.0,12787394.0
2024-04-15 16:55:00,127262.54711072658,127148.881460702,127280.0,127335.0,127335.0,127265.0,10756906.0
2024-04-15 17:00:00,127265.57325336612,127165.85531806246,127195.0,127250.0,127300.0,127175.0,11703855.5
2024-04-15 17:05:00,127273.00015960456,127184.14269753831,127240.0,127200.0,127240.0,127160.0,9577309.0
2024-04-15 17:10:00,127272.3579225484,127133.35636316589,127050.0,127180.0,127225.0,127035.0,11414413.0
2024-04-15 17:15:00,127273.18722957431,127113.95562756856,127055.0,127055.0,127080.0,127020.0,10494200.5
2024-04-15 17:20:00,127250.73732095887,127057.83410761255,126985.0,127055.0,127070.0,126965.0,12788819.5
2024-04-15 17:25:00,127210.40895244722,127013.87676183849,126980.0,127000.0,127010.0,126970.0,13244831.5
2024-04-15 17:30:00,127154.0561588365,126984.51526973493,126980.0,127000.0,127040.0,126970.0,13385951.5
2024-04-15 17:35:00,127112.12299239213,126950.734150465,126930.0,126985.0,126995.0,126895.0,19002168.5
2024-04-15 17:40:00,127027.03004745465,126948.68423825964,126935.0,126920.0,126945.0,126900.0,13517091.5
2024-04-15 17:45:00,127006.42312794195,126936.43401491518,126935.0,126955.0,126960.0,126900.0,11956043.0
2024-04-15 17:50:00,126989.8655957193,126940.1344042807,127010.0,127030.0,127030.0,126950.0,16725733.5
2024-04-15 17:55:00,127001.20514350386,126940.22342792472,127025.0,127045.0,127070.0,126975.0,25735555.5
2024-04-16 10:00:00,127133.63379243456,126507.79477899402,125930.0,125955.0,125965.0,125840.0,13245660.0
2024-04-16 10:05:00,127071.63600927679,126278.36399072321,125960.0,126050.0,126060.0,125910.0,13857050.0
2024-04-16 10:10:00,126972.27706282541,126097.72293717459,125950.0,126005.0,126005.0,125910.0,13891843.5
2024-04-16 10:15:00,126837.96859053656,125959.17426660631,125980.0,126055.0,126085.0,125925.0,12751009.0
2024-04-16 10:20:00,126673.38892496614,125858.03964646244,126005.0,126025.0,126035.0,125905.0,13265238.0
2024-04-16 10:25:00,126436.0895083179,125801.05334882496,125980.0,126010.0,126020.0,125920.0,14863938.5
2024-04-16 10:30:00,126006.79883289625,125948.91545281804,126040.0,126135.0,126145.0,125910.0,12653643.5
2024-04-16 10:35:00,126020.44877247704,125896.69408466583,125795.0,126005.0,126060.0,125780.0,15661248.5
2024-04-16 10:40:00,126024.44911057179,125806.97946085679,125660.0,125840.0,125845.0,125545.0,15538140.5
2024-04-16 10:45:00,126010.28368182757,125711.14488960101,125565.0,125735.0,125740.0,125465.0,17517187.5
2024-04-16 10:50:00,125971.3617600869,125674.35252562739,125715.0,125755.0,125760.0,125560.0,16764019.5
2024-04-16 10:55:00,125934.19351124333,125664.3779173281,125840.0,125885.0,125915.0,125690.0,17285334.0
2024-04-16 11:00:00,125941.43262214192,125664.28166357237,126005.0,126010.0,126015.0,125770.0,15710580.5
2024-04-16 11:05:00,125944.67509998205,125663.89632858937,126050.0,126050.0,126090.0,125855.0,16841610.5
2024-04-16 11:10:00,126013.60269252479,125682.1115931895,126100.0,126065.0,126115.0,125990.0,15971725.5
2024-04-16 11:15:00,126090.32646118217,125745.38782453212,126150.0,126270.0,126270.0,126090.0,15217081.0
2024-04-16 11:20:00,126113.71536552986,125866.28463447014,126070.0,126185.0,126195.0,126015.0,15963665.0
2024-04-16 11:25:00,126115.815039833,125959.89924588129,126050.0,126110.0,126125.0,126005.0,15884099.0
2024-04-16 11:30:00,126102.60075454754,126024.54210259533,126020.0,126125.0,126130.0,125920.0,18399834.0
2024-04-16 11:35:00,126117.36994802507,126044.05862340351,126125.0,126170.0,126180.0,125960.0,13436814.5
2024-04-16 11:40:00,126208.07234851789,126037.6419371964,126345.0,126380.0,126400.0,126125.0,14835645.0
2024-04-16 11:45:00,126261.7681429063,126051.08899995084,126335.0,126425.0,126490.0,126315.0,18047123.0
2024-04-16 11:50:00,126315.4607352408,126064.5392647592,126385.0,126405.0,126470.0,126295.0,15027818.5
2024-04-16 11:55:00,126329.70283615623,126093.1543067009,126220.0,126350.0,126395.0,126180.0,14814786.5
2024-04-16 12:00:00,126372.13512488683,126146.43630368459,126385.0,126335.0,126400.0,126200.0,15090023.5
2024-04-16 12:05:00,126392.61433925836,126231.67137502735,126390.0,126365.0,126475.0,126355.0,16204502.0
2024-04-16 12:10:00,126391.16563515441,126297.40579341701,126350.0,126360.0,126450.0,126340.0,15786094.5
2024-04-16 12:15:00,126420.66687946922,126302.1902633879,126465.0,126495.0,126510.0,126345.0,19750146.5
2024-04-16 12:20:00,126434.29482403795,126312.84803310492,126420.0,126400.0,126470.0,126375.0,18002156.5
2024-04-16 12:25:00,126492.03834320995,126313.67594250434,126590.0,126570.0,126600.0,126415.0,17243416.5
2024-04-16 12:30:00,126504.784705176,126376.64386625258,126485.0,126565.0,126595.0,126425.0,14270823.5
2024-04-16 12:35:00,126529.58863388054,126396.12565183375,126540.0,126620.0,126635.0,126460.0,16161125.0
2024-04-16 12:40:00,126574.35786753864,126419.92784674707,126630.0,126650.0,126660.0,126520.0,15242086.5
2024-04-16 12:45:00,126613.9792445225,126470.3064697632,126665.0,126700.0,126720.0,126560.0,12700680.0
2024-04-16 12:50:00,126723.32926190984,126482.38502380445,126890.0,126845.0,126930.0,126655.0,15303049.0
2024-04-16 12:55:00,126766.76632978706,126543.23367021294,126785.0,126820.0,126895.0,126735.0,16459480.5
2024-04-16 13:00:00,126768.56022491415,126547.15406080014,126610.0,126710.0,126795.0,126545.0,14807719.5
2024-04-16 13:05:00,126772.86068750065,126584.28216964222,126630.0,126680.0,126685.0,126580.0,13333565.0
2024-04-16 13:10:00,126773.57909819094,126600.70661609477,126600.0,126625.0,126645.0,126495.0,15658801.5
2024-04-16 13:15:00,126774.79468319732,126603.7767453741,126645.0,126650.0,126685.0,126585.0,19439038.5
2024-04-16 13:20:00,126771.46354082237,126597.10788774905,126630.0,126680.0,126685.0,126585.0,15879005.0
2024-04-16 13:25:00,126693.32063502997,126579.53650782716,126555.0,126655.0,126660.0,126500.0,13279736.0
2024-04-16 13:30:00,126632.17366603835,126576.39776253307,126560.0,126540.0,126585.0,126440.0,15460907.5
2024-04-16 13:35:00,126629.81109989696,126548.76032867446,126505.0,126500.0,126555.0,126435.0,22020490.5
2024-04-16 13:40:00,126616.27727315585,126522.29415541557,126490.0,126540.0,126540.0,126450.0,12865256.5
2024-04-16 13:45:00,126622.10432087071,126523.60996484358,126625.0,126635.0,126640.0,126455.0,14740127.0
2024-04-16 13:50:00,126598.34315507376,126507.37113064053,126505.0,126630.0,126635.0,126500.0,18919991.0
2024-04-16 13:55:00,126579.04275754603,126505.24295673968,126555.0,126545.0,126560.0,126400.0,15986099.5
2024-04-16 14:00:00,126578.97103556732,126451.02896443268,126365.0,126565.0,126580.0,126350.0,17276090.5
2024-04-16 14:05:00,126566.65707266863,126441.91435590279,126485.0,126425.0,126485.0,126320.0,18176266.0
2024-04-16 14:10:00,126560.55698062478,126430.8715908038,126445.0,126405.0,126485.0,126370.0,17053554.5
2024-04-16 14:15:00,126561.96245992479,126432.32325436092,126500.0,126535.0,126550.0,126400.0,14888444.0
2024-04-16 14:20:00,126520.20575543052,126425.50853028377,126455.0,126440.0,126510.0,126375.0,14716456.5
2024-04-16 14:25:00,126510.90754418867,126379.09245581133,126310.0,126500.0,126500.0,126300.0,16097348.0
2024-04-16 14:30:00,126481.2373143284,126305.90554281446,126195.0,126295.0,126340.0,125990.0,15487926.0
2024-04-16 14:35:00,126478.8321861357,126301.1678138643,126340.0,126380.0,126400.0,126165.0,15495540.0
2024-04-16 14:40:00,126464.23934649685,126297.18922493173,126420.0,126415.0,126475.0,126340.0,15878263.5
2024-04-16 14:45:00,126444.21866089597,126224.35276767545,126120.0,126470.0,126480.0,126120.0,17188244.0
2024-04-16 14:50:00,126393.98293940169,126204.58848916974,126255.0,126230.0,126265.0,126015.0,15959930.0
2024-04-16 14:55:00,126367.43188772831,126203.99668370027,126360.0,126290.0,126375.0,126165.0,14518118.5
2024-04-16 15:00:00,126395.49657274464,126210.21771296965,126430.0,126430.0,126440.0,126315.0,15355889.5
2024-04-16 15:05:00,126545.98844278793,126225.44012864065,126775.0,126820.0,126890.0,126430.0,16021070.5
2024-04-16 15:10:00,126593.93853531631,126251.77575039798,126600.0,126870.0,126900.0,126590.0,17531296.0
2024-04-16 15:15:00,126591.2213470946,126248.7786529054,126400.0,126545.0,126610.0,126400.0,15988530.5
2024-04-16 15:20:00,126588.96399173338,126281.03600826662,126225.0,126400.0,126455.0,126200.0,14295329.0
2024-04-16 15:25:00,126588.86834470175,126279.70308386967,126250.0,126245.0,126285.0,126125.0,13945759.0
2024-04-16 15:30:00,126593.6098324472,126287.81873898138,126405.0,126395.0,126415.0,126190.0,15013661.5
2024-04-16 15:35:00,126597.93960250293,126292.06039749707,126460.0,126490.0,126490.0,126375.0,14414191.0
2024-04-16 15:40:00,126509.0445446882,126299.52688388323,126490.0,126565.0,126590.0,126380.0,13558541.5
2024-04-16 15:45:00,126461.22144828083,126298.77855171917,126430.0,126510.0,126525.0,126410.0,15605134.0
2024-04-16 15:50:00,126505.40616926314,126304.59383073686,126575.0,126610.0,126615.0,126435.0,15604452.5
2024-04-16 15:55:00,126549.61568354478,126366.09860216951,126595.0,126570.0,126615.0,126515.0,18516061.5
2024-04-16 16:00:00,126559.31738015728,126442.1111912713,126550.0,126660.0,126660.0,126515.0,16049693.5
2024-04-16 16:05:00,126560.77444888852,126462.08269396861,126480.0,126580.0,126585.0,126480.0,16056909.5
2024-04-16 16:10:00,126560.44147606113,126458.1299525103,126445.0,126480.0,126490.0,126385.0,13908877.0
2024-04-16 16:15:00,126563.57202515166,126462.14226056263,126515.0,126525.0,126530.0,126370.0,17234006.5
2024-04-16 16:20:00,126563.26855709757,126469.58858575956,126455.0,126520.0,126525.0,126430.0,13468756.0
2024-04-16 16:25:00,126543.76660166198,126450.51911262373,126440.0,126475.0,126490.0,126400.0,14794081.0
2024-04-16 16:30:00,126531.33335179205,126348.66664820795,126195.0,126415.0,126430.0,126170.0,14674359.0
2024-04-16 16:35:00,126498.13410753281,126329.00874961006,126365.0,126385.0,126385.0,126155.0,14319670.5
2024-04-16 16:40:00,126474.2147681344,126295.7852318656,126280.0,126360.0,126375.0,126275.0,13566806.5
2024-04-16 16:45:00,126457.34510106315,126282.65489893685,126340.0,126345.0,126355.0,126230.0,14196281.0
2024-04-16 16:50:00,126408.35969724556,126245.92601704015,126215.0,126335.0,126345.0,126200.0,14355227.0
2024-04-16 16:55:00,126366.21281742225,126198.07289686346,126140.0,126220.0,126235.0,126120.0,16816213.5
2024-04-16 17:00:00,126311.69949524551,126162.5862190402,126125.0,126170.0,126175.0,126105.0,21153631.5
2024-04-16 17:05:00,126310.31964379553,126119.68035620447,126040.0,126115.0,126120.0,126035.0,19630198.0
2024-04-16 17:10:00,126265.28056492643,126104.71943507357,126155.0,126175.0,126190.0,126010.0,20673767.5
2024-04-16 17:15:00,126239.73989600301,126093.11724685412,126150.0,126210.0,126220.0,126135.0,17411238.0
2024-04-16 17:20:00,126186.6225198427,126100.52033730017,126180.0,126210.0,126210.0,126145.0,16074882.5
2024-04-16 17:25:00,126177.82287182132,126100.7485567501,126185.0,126200.0,126200.0,126130.0,22116050.0
2024-04-16 17:30:00,126173.0438805839,126085.52754798753,126070.0,126165.0,126185.0,126070.0,17823487.5
2024-04-16 17:35:00,126169.08586625851,126076.62841945578,126080.0,126105.0,126110.0,126050.0,21105066.0
2024-04-16 17:40:00,126169.3960678967,126094.88964638901,126105.0,126115.0,126115.0,126060.0,14690017.0
2024-04-16 17:45:00,126164.15401564968,126051.56027006461,125985.0,126100.0,126105.0,125925.0,23885099.0
2024-04-16 17:50:00,126156.77308118518,125976.08406167195,125860.0,125975.0,125985.0,125820.0,18683947.0
2024-04-16 17:55:00,126120.03944460141,125948.53198397001,125955.0,125960.0,125975.0,125840.0,18447219.5
2024-04-17 10:00:00,126338.52716612826,125885.75854815745,126730.0,126690.0,126830.0,126650.0,13269010.0
2024-04-17 10:05:00,126507.22913502024,125914.19943640834,126760.0,126690.0,126845.0,126640.0,13281522.0
2024-04-17 10:10:00,126703.24176417784,125971.04395010787,126965.0,126735.0,127060.0,126710.0,13488383.0
2024-04-17 10:15:00,126787.72846742108,126050.84296115034,126680.0,126690.0,126990.0,126665.0,13000299.5
2024-04-17 10:20:00,126885.01105758331,126187.84608527382,126805.0,126690.0,126845.0,126615.0,13690628.5
2024-04-17 10:25:00,126930.73648374098,126410.6920876876,126800.0,126740.0,126875.0,126740.0,12526937.0
2024-04-17 10:30:00,126856.14650671268,126656.71063614445,126555.0,126690.0,126835.0,126460.0,13665538.5
2024-04-17 10:35:00,126848.61222264238,126609.95920592904,126540.0,126690.0,126770.0,126515.0,12818617.0
2024-04-17 10:40:00,126829.22861449911,126543.62852835802,126460.0,126650.0,126675.0,126355.0,13767485.0
2024-04-17 10:45:00,126733.53579156705,126469.32135129008,126370.0,126585.0,126585.0,126315.0,13821096.5
2024-04-17 10:50:00,126702.71839117253,126390.1387516846,126295.0,126560.0,126560.0,126275.0,13731096.0
2024-04-17 10:55:00,126619.35208358856,126282.07648784002,126135.0,126365.0,126365.0,126000.0,14734327.0
2024-04-17 11:00:00,126507.36184650443,126145.4952963527,125930.0,126150.0,126170.0,125820.0,14786858.0
2024-04-17 11:05:00,126434.26974453645,126094.30168403497,126120.0,126125.0,126140.0,125925.0,13564999.5
2024-04-17 11:10:00,126348.64030901884,126064.21683383829,126135.0,126200.0,126200.0,126035.0,13784462.0
2024-04-17 11:15:00,126267.83946047057,126042.16053952943,126100.0,126170.0,126185.0,125980.0,14110201.0
2024-04-17 11:20:00,126203.43577087825,126035.13565769317,126120.0,126120.0,126125.0,125950.0,13713377.5
2024-04-17 11:25:00,126140.65590235597,126013.62981192974,126000.0,126240.0,126240.0,125995.0,14151115.0
2024-04-17 11:30:00,126121.723372327,125966.84805624442,125905.0,126040.0,126045.0,125895.0,13781015.0
2024-04-17 11:35:00,126121.79293235748,125965.34992478539,125925.0,125965.0,125975.0,125785.0,13872952.5
2024-04-17 11:40:00,126099.52651217989,125950.47348782011,125990.0,126030.0,126040.0,125895.0,13742288.0
2024-04-17 11:45:00,126085.87188905073,125949.84239666356,126085.0,126155.0,126160.0,125955.0,13247059.5
2024-04-17 11:50:00,126063.94151901254,125940.34419527317,125990.0,126085.0,126085.0,125865.0,13428868.0
2024-04-17 11:55:00,126023.0069346318,125919.85020822533,125905.0,125980.0,126000.0,125865.0,12994547.0
2024-04-17 12:00:00,126130.38308985585,125901.04548157273,126310.0,126340.0,126340.0,125905.0,14406803.0
2024-04-17 12:05:00,126185.00518103596,125939.28053324975,126230.0,126320.0,126320.0,126120.0,13380570.5
2024-04-17 12:10:00,126220.84039997708,125983.44531430863,126205.0,126275.0,126275.0,126150.0,13529054.5
2024-04-17 12:15:00,126223.90881413306,125994.66261443836,126040.0,126230.0,126230.0,126025.0,13258933.5
2024-04-17 12:20:00,126223.90881413306,125994.66261443836,126085.0,126150.0,126150.0,125980.0,14547735.5
2024-04-17 12:25:00,126223.60450331993,125992.10978239436,125980.0,126085.0,126095.0,125955.0,13410865.0
2024-04-17 12:30:00,126222.74190823954,126000.1152346176,125930.0,126005.0,126005.0,125765.0,15132318.5
2024-04-17 12:35:00,126165.57735742514,125991.56549971773,126080.0,126110.0,126115.0,125945.0,14354402.5
2024-04-17 12:40:00,126120.58384254722,125982.27330030991,126040.0,126070.0,126090.0,125905.0,14907525.0
2024-04-17 12:45:00,126069.29246466955,125982.13610675903,126025.0,126100.0,126105.0,125975.0,14217435.5
2024-04-17 12:50:00,126089.23387573594,125985.05183854977,126120.0,126200.0,126200.0,125980.0,14979172.0
2024-04-17 12:55:00,126097.0633804045,125985.79376245262,126115.0,126205.0,126205.0,126055.0,15248674.5
2024-04-17 13:00:00,126097.21646940005,125987.06924488566,125985.0,126120.0,126125.0,125960.0,14291413.5
2024-04-17 13:05:00,126124.83500236816,125892.30785477471,125695.0,125975.0,125990.0,125645.0,15214817.0
2024-04-17 13:10:00,126099.41815970364,125803.4389831535,125680.0,125745.0,125780.0,125630.0,16077141.0
2024-04-17 13:15:00,126067.77211673291,125689.37074040996,125530.0,125665.0,125695.0,125500.0,15396946.5
2024-04-17 13:20:00,126014.72494791161,125613.8464806598,125575.0,125680.0,125685.0,125505.0,14867800.0
2024-04-17 13:25:00,125919.25231267569,125572.1762587529,125640.0,125710.0,125715.0,125570.0,13657722.5
2024-04-17 13:30:00,125791.20100488135,125554.51328083294,125605.0,125680.0,125690.0,125535.0,13313758.0
2024-04-17 13:35:00,125670.26612703151,125506.87673011135,125395.0,125600.0,125605.0,125390.0,13880992.0
2024-04-17 13:40:00,125635.70008423488,125454.29991576512,125390.0,125480.0,125480.0,125310.0,14220416.5
2024-04-17 13:45:00,125598.90971613409,125443.94742672304,125515.0,125520.0,125520.0,125280.0,14534064.0
2024-04-17 13:50:00,125596.72337232997,125441.84805624145,125515.0,125615.0,125615.0,125410.0,15763531.5
2024-04-17 13:55:00,125628.05831754059,125443.37025388799,125690.0,125715.0,125715.0,125475.0,15199944.0
2024-04-17 14:00:00,125778.88842050564,125412.54015092294,126060.0,126075.0,126075.0,125655.0,15495705.5
2024-04-17 14:05:00,125806.52545007378,125427.76026421193,125755.0,126010.0,126055.0,125700.0,14742818.5
2024-04-17 14:10:00,125839.20962292717,125490.79037707283,125730.0,125770.0,125780.0,125570.0,14858798.0
2024-04-17 14:15:00,125858.95335882879,125568.18949831408,125730.0,125825.0,125830.0,125690.0,14060001.5
2024-04-17 14:20:00,125879.548963179,125623.30817967813,125780.0,125870.0,125875.0,125715.0,14138844.0
2024-04-17 14:25:00,125896.84047690366,125698.87380881063,125840.0,125880.0,125895.0,125750.0,14217218.5
2024-04-17 14:30:00,125921.68581671808,125732.59989756763,125895.0,125920.0,125920.0,125825.0,13832282.5
2024-04-17 14:35:00,125948.18820361087,125724.66893924626,126125.0,126145.0,126150.0,125890.0,15993398.0
2024-04-17 14:40:00,125989.77616741555,125754.50954687016,126005.0,126205.0,126205.0,125990.0,14600955.5
2024-04-17 14:45:00,126025.29787607313,125800.41640964116,126015.0,126015.0,126020.0,125815.0,14519399.0
2024-04-17 14:50:00,126044.49408439065,125856.93448703793,125995.0,126045.0,126045.0,125925.0,13164095.0
2024-04-17 14:55:00,126057.40790079856,125911.16352777286,126015.0,126095.0,126100.0,125965.0,13559444.5
2024-04-17 15:00:00,126063.04506759341,125956.95493240659,126020.0,126070.0,126075.0,125995.0,13145614.0
2024-04-17 15:05:00,126060.36505853267,125988.20637003875,125995.0,126060.0,126065.0,125940.0,13531809.5
2024-04-17 15:10:00,126019.43805123476,126000.56194876524,126025.0,126070.0,126070.0,125935.0,13103919.0
2024-04-17 15:15:00,126034.68073948073,125945.31926051927,125865.0,126025.0,126030.0,125850.0,14305267.5
2024-04-17 15:20:00,126039.99260955636,125852.86453330077,125710.0,125890.0,125890.0,125670.0,14655033.0
2024-04-17 15:25:00,126019.27643919336,125813.58070366377,125785.0,125835.0,125845.0,125700.0,15343781.0
2024-04-17 15:30:00,125988.75938526627,125789.81204330515,125825.0,125850.0,125850.0,125730.0,15284180.5
2024-04-17 15:35:00,125956.95164706347,125780.1912100794,125875.0,125920.0,125920.0,125780.0,15869653.0
2024-04-17 15:40:00,125985.94417559457,125776.91296726256,126085.0,126125.0,126135.0,125880.0,15071477.5
2024-04-17 15:45:00,125978.98757856146,125776.72670715283,126000.0,126120.0,126120.0,125935.0,14756811.5
2024-04-17 15:50:00,125969.39712631909,125750.60287368091,125740.0,126020.0,126020.0,125710.0,14816834.5
2024-04-17 15:55:00,125969.40091098321,125752.02766044537,125715.0,125800.0,125810.0,125645.0,14883499.5
2024-04-17 16:00:00,125966.01766532726,125723.98233467274,125675.0,125745.0,125750.0,125615.0,14378551.0
2024-04-17 16:05:00,125958.64379271478,125709.92763585664,125750.0,125755.0,125760.0,125655.0,16129745.5
2024-04-17 16:10:00,125936.13364579168,125658.15206849403,125615.0,125765.0,125765.0,125565.0,14901413.0
2024-04-17 16:15:00,125844.43139753706,125652.71145960581,125745.0,125805.0,125815.0,125615.0,14937493.5
2024-04-17 16:20:00,125764.2217100636,125672.92114707927,125790.0,125825.0,125825.0,125665.0,14272464.0
2024-04-17 16:25:00,125781.84882686025,125675.29403028262,125810.0,125845.0,125850.0,125770.0,13637007.5
2024-04-17 16:30:00,125828.39296304845,125681.60703695155,125900.0,125935.0,125940.0,125800.0,14461988.0
2024-04-17 16:35:00,125857.23787439559,125708.4764113187,125870.0,125955.0,125955.0,125815.0,13382272.0
2024-04-17 16:40:00,125868.82729095097,125719.74413762045,125830.0,125915.0,125915.0,125795.0,12836766.0
2024-04-17 16:45:00,125861.68971207622,125779.73885935236,125800.0,125890.0,125900.0,125780.0,13653683.0
2024-04-17 16:50:00,125891.52112260395,125804.19316311034,125935.0,125975.0,125975.0,125710.0,14015798.0
2024-04-17 16:55:00,125918.31517373855,125823.11339769003,125950.0,125985.0,125985.0,125790.0,15548261.5
2024-04-17 17:00:00,125932.93816571575,125842.77611999854,125930.0,125965.0,125965.0,125875.0,14580578.5
2024-04-17 17:05:00,125936.74829267521,125844.68027875337,125920.0,125960.0,125960.0,125845.0,15271434.5
2024-04-17 17:10:00,125940.4942397731,125849.5057602269,125900.0,125940.0,125940.0,125895.0,14530765.0
2024-04-17 17:15:00,125941.26668139097,125858.73331860903,125865.0,125925.0,125925.0,125850.0,15546574.0
2024-04-17 17:20:00,125937.11519919045,125875.74194366668,125845.0,125875.0,125875.0,125810.0,13691082.5
2024-04-17 17:25:00,125932.85432484036,125830.00281801677,125760.0,125890.0,125890.0,125750.0,14494538.0
2024-04-17 17:30:00,125912.20076738679,125786.37066118463,125725.0,125785.0,125785.0,125705.0,14850334.0
2024-04-17 17:35:00,125886.4340283967,125742.13740017472,125685.0,125750.0,125750.0,125680.0,14030859.5
2024-04-17 17:40:00,125852.24477409908,125722.04094018663,125730.0,125750.0,125750.0,125660.0,11313186.5
2024-04-17 17:45:00,125815.89515424156,125709.81913147273,125730.0,125760.0,125760.0,125700.0,12258580.0
2024-04-17 17:50:00,125782.56148712676,125703.15279858753,125725.0,125745.0,125745.0,125680.0,11289420.0
2024-04-17 17:55:00,125741.55395549894,125705.58890164393,125710.0,125760.0,125760.0,125685.0,10788009.5
2024-04-18 10:00:00,125929.38706045569,125642.0415109729,126195.0,126220.0,126245.0,126105.0,14587176.0
2024-04-18 10:05:00,126066.3132952604,125662.25813331101,126275.0,126285.0,126295.0,126080.0,13641185.5
2024-04-18 10:10:00,126194.9751192276,125723.59630934382,126350.0,126370.0,126400.0,126185.0,14080232.5
2024-04-18 10:15:00,126280.1751622705,125801.25340915807,126300.0,126370.0,126610.0,126230.0,14779587.5
2024-04-18 10:20:00,126339.95701088152,125898.6144176899,126280.0,126370.0,126425.0,126230.0,14084785.0
2024-04-18 10:25:00,126377.14629014482,126025.7108527123,126300.0,126330.0,126330.0,126190.0,13005492.0
2024-04-18 10:30:00,126324.74605877134,126249.53965551437,126310.0,126370.0,126625.0,126190.0,13905605.5
2024-04-18 10:35:00,126339.43781458645,126203.41932827068,126085.0,126290.0,126330.0,126080.0,14586153.0
2024-04-18 10:40:00,126335.58000812525,126198.70570616046,126245.0,126335.0,126360.0,126010.0,13414494.5
2024-04-18 10:45:00,126402.17121123146,126187.82878876854,126545.0,126370.0,126645.0,126175.0,13827036.0
2024-04-18 10:50:00,126412.52975792815,126194.61309921472,126360.0,126370.0,126640.0,126330.0,13228566.5
2024-04-18 10:55:00,126480.7385522488,126210.69001917978,126575.0,126380.0,126625.0,126340.0,12993503.0
2024-04-18 11:00:00,126495.68033002298,126225.7482414056,126405.0,126370.0,126595.0,126360.0,14135687.5
2024-04-18 11:05:00,126571.93607868826,126250.92106416887,126665.0,126370.0,126705.0,126345.0,13706630.5
2024-04-18 11:10:00,126651.06285753287,126364.65142818142,126760.0,126590.0,126785.0,126585.0,13628874.0
2024-04-18 11:15:00,126695.2357770322,126454.7642229678,126715.0,126635.0,126785.0,126630.0,13950263.0
2024-04-18 11:20:00,126735.75743752051,126474.24256247949,126755.0,126680.0,126795.0,126680.0,13584941.5
2024-04-18 11:25:00,126771.65661000907,126558.34338999093,126780.0,126690.0,126795.0,126685.0,13408333.5
2024-04-18 11:30:00,126774.91131979763,126567.9458230595,126620.0,126565.0,126820.0,126565.0,14026272.0
2024-04-18 11:35:00,126755.74745357936,126658.53826070635,126655.0,126605.0,126795.0,126605.0,14001241.5
2024-04-18 11:40:00,126756.07913615885,126635.34943526973,126585.0,126515.0,126660.0,126515.0,15378790.0
2024-04-18 11:45:00,126735.40260569505,126591.74025144782,126535.0,126505.0,126640.0,126505.0,13452951.0
2024-04-18 11:50:00,126719.09353935014,126529.47788922128,126440.0,126370.0,126530.0,126360.0,14415811.5
2024-04-18 11:55:00,126685.17189374895,126423.39953482247,126265.0,126370.0,126450.0,126180.0,15031712.0
2024-04-18 12:00:00,126608.5031124015,126367.2111733128,126315.0,126370.0,126400.0,126260.0,14289801.0
2024-04-18 12:05:00,126564.71168106733,126325.28831893267,126320.0,126370.0,126375.0,126220.0,14360548.5
2024-04-18 12:10:00,126493.20026728157,126282.51401843272,126255.0,126370.0,126375.0,126240.0,13275036.5
2024-04-18 12:15:00,126427.22582199362,126218.48846372067,126130.0,126295.0,126295.0,126095.0,13920636.0
2024-04-18 12:20:00,126353.3758407391,126166.6241592609,126095.0,126220.0,126225.0,126075.0,14468706.5
2024-04-18 12:25:00,126296.12791641915,126092.44351215227,125980.0,126095.0,126100.0,125960.0,14077215.0
2024-04-18 12:30:00,126272.52047501861,126010.33666783852,125895.0,126040.0,126040.0,125810.0,14618344.5
2024-04-18 12:35:00,126219.51268680792,125981.91588462066,126030.0,126120.0,126130.0,125890.0,16346053.5
2024-04-18 12:40:00,126144.06715789133,125931.64712782296,125880.0,126045.0,126045.0,125835.0,14152019.0
2024-04-18 12:45:00,126068.17719360537,125880.39423496605,125810.0,125880.0,125885.0,125720.0,14819560.5
2024-04-18 12:50:00,126015.9554222678,125849.75886344649,125840.0,125870.0,125870.0,125745.0,14645048.5
2024-04-18 12:55:00,125959.84222957856,125810.15777042144,125760.0,125845.0,125850.0,125735.0,14478998.0
2024-04-18 13:00:00,125932.07298185099,125742.21273243472,125645.0,125790.0,125800.0,125615.0,14584514.0
2024-04-18 13:05:00,125914.6693918093,125651.044893905,125515.0,125700.0,125705.0,125450.0,15067667.0
2024-04-18 13:10:00,125831.002052846,125577.56937572542,125480.0,125525.0,125540.0,125460.0,15261164.0
2024-04-18 13:15:00,125774.37154141774,125541.34274429655,125555.0,125575.0,125580.0,125455.0,15740362.5
2024-04-18 13:20:00,125726.58955024996,125511.98187832146,125540.0,125600.0,125605.0,125520.0,15305060.5
2024-04-18 13:25:00,125649.7977049684,125494.48800931731,125510.0,125550.0,125565.0,125475.0,14522435.0
2024-04-18 13:30:00,125577.88427909372,125473.54429233486,125435.0,125610.0,125610.0,125390.0,14637659.0
2024-04-18 13:35:00,125548.86417904336,125478.27867809951,125560.0,125600.0,125600.0,125420.0,15517603.5
2024-04-18 13:40:00,125544.66184446034,125458.1952983968,125430.0,125570.0,125580.0,125395.0,14856198.0
2024-04-18 13:45:00,125551.52011083103,125397.05131774039,125290.0,125445.0,125450.0,125250.0,15616042.5
2024-04-18 13:50:00,125525.22893510149,125343.34249346993,125275.0,125360.0,125360.0,125185.0,15823085.0
2024-04-18 13:55:00,125489.92526742621,125307.21758971666,125290.0,125385.0,125385.0,125245.0,13845637.0
2024-04-18 14:00:00,125452.78862894521,125258.63994248337,125210.0,125310.0,125315.0,125185.0,14443222.0
2024-04-18 14:05:00,125427.67821419818,125236.60750008753,125270.0,125270.0,125275.0,125140.0,14749435.0
2024-04-18 14:10:00,125341.12019107601,125210.30838035257,125165.0,125285.0,125285.0,125120.0,14798712.0
2024-04-18 14:15:00,125284.44276193812,125181.27152377617,125130.0,125170.0,125185.0,125060.0,15927988.5
2024-04-18 14:20:00,125270.23851441468,125122.61862844245,125035.0,125200.0,125200.0,125000.0,15491028.5
2024-04-18 14:25:00,125260.94895657629,125120.47961485229,125235.0,125270.0,125270.0,124990.0,15952846.0
2024-04-18 14:30:00,125235.34103483213,125113.23039373929,125175.0,125285.0,125285.0,125160.0,15676463.0
2024-04-18 14:35:00,125231.54490353659,125111.31223932054,125190.0,125250.0,125250.0,125160.0,15649640.5
2024-04-18 14:40:00,125241.3999853926,125110.02858603597,125300.0,125320.0,125320.0,125065.0,15172359.0
2024-04-18 14:45:00,125282.39982095514,125119.02875047344,125340.0,125420.0,125430.0,125295.0,15320753.0
2024-04-18 14:50:00,125310.83802113066,125143.44769315505,125315.0,125375.0,125375.0,125250.0,14260858.5
2024-04-18 14:55:00,125341.32892478144,125214.38536093285,125390.0,125430.0,125435.0,125295.0,14655313.5
2024-04-18 15:00:00,125369.24180989774,125230.75819010226,125390.0,125445.0,125460.0,125340.0,14821514.0
2024-04-18 15:05:00,125373.08740584455,125265.48402272687,125310.0,125415.0,125420.0,125285.0,15192647.0
2024-04-18 15:10:00,125391.42342535166,125314.29086036263,125425.0,125435.0,125440.0,125260.0,15453610.0
2024-04-18 15:15:00,125446.46849117268,125324.9600802559,125530.0,125550.0,125550.0,125410.0,15810944.5
2024-04-18 15:20:00,125471.16150536912,125341.69563748801,125485.0,125630.0,125630.0,125465.0,15894889.5
2024-04-18 15:25:00,125491.32660415494,125371.5305387022,125490.0,125570.0,125575.0,125450.0,15249897.5
2024-04-18 15:30:00,125492.54378028506,125374.5990768578,125405.0,125510.0,125510.0,125360.0,16382697.5
2024-04-18 15:35:00,125494.63696993755,125379.64874434816,125415.0,125480.0,125480.0,125380.0,14775960.5
2024-04-18 15:40:00,125520.37146228079,125425.3428234335,125560.0,125605.0,125605.0,125405.0,14923528.5
2024-04-18 15:45:00,125530.32114755858,125439.67885244142,125510.0,125600.0,125605.0,125480.0,15052093.5
2024-04-18 15:50:00,125515.79829455547,125427.05884830166,125435.0,125510.0,125510.0,125430.0,14140273.0
2024-04-18 15:55:00,125507.9482752029,125407.76601051139,125390.0,125450.0,125450.0,125365.0,14773053.5
2024-04-18 16:00:00,125519.00480097173,125409.56662759969,125535.0,125595.0,125600.0,125390.0,13729271.0
2024-04-18 16:05:00,125546.07578250513,125429.63850320916,125570.0,125625.0,125625.0,125505.0,15141663.5
2024-04-18 16:10:00,125561.59453487529,125452.69117941042,125550.0,125630.0,125635.0,125530.0,14340410.5
2024-04-18 16:15:00,125593.68688592495,125450.59882836076,125665.0,125685.0,125690.0,125530.0,15975254.0
2024-04-18 16:20:00,125612.33836276026,125460.51878009687,125610.0,125685.0,125690.0,125545.0,15248121.0
2024-04-18 16:25:00,125642.91189445277,125494.2309626901,125660.0,125655.0,125660.0,125540.0,15813406.5
2024-04-18 16:30:00,125677.14258150499,125560.00027563788,125740.0,125765.0,125765.0,125645.0,16479986.5
2024-04-18 16:35:00,125724.31744269773,125585.68255730227,125790.0,125845.0,125850.0,125720.0,16718987.5
2024-04-18 16:40:00,125779.52117140878,125611.9074000198,125855.0,125885.0,125885.0,125780.0,17112911.0
2024-04-18 16:45:00,125804.65705051826,125661.05723519603,125810.0,125875.0,125875.0,125780.0,16418515.0
2024-04-18 16:50:00,125816.0642155211,125679.6500701932,125770.0,125910.0,125910.0,125770.0,15353476.0
2024-04-18 16:55:00,125813.72847621929,125710.55723806642,125710.0,125785.0,125785.0,125685.0,15201910.5
2024-04-18 17:00:00,125826.64803074147,125746.20911211566,125830.0,125860.0,125860.0,125690.0,14579415.5
2024-04-18 17:05:00,125839.99214775243,125761.43642367615,125840.0,125855.0,125855.0,125795.0,15174927.0
2024-04-18 17:10:00,125843.56357632381,125765.00785224761,125815.0,125855.0,125855.0,125795.0,13954519.5
2024-04-18 17:15:00,125829.48289221425,125759.08853635717,125785.0,125865.0,125865.0,125770.0,15702342.5
2024-04-18 17:20:00,125825.53729926486,125755.89127216372,125785.0,125790.0,125790.0,125725.0,15304942.5
2024-04-18 17:25:00,125824.15937422318,125744.41205434824,125725.0,125790.0,125790.0,125700.0,15617291.0
2024-04-18 17:30:00,125824.15937422318,125744.41205434824,125710.0,125720.0,125735.0,125670.0,15083931.0
2024-04-18 17:35:00,125810.9003466485,125707.67108192292,125655.0,125750.0,125750.0,125650.0,14608864.0
2024-04-18 17:40:00,125783.93501315445,125688.92212970268,125680.0,125690.0,125690.0,125645.0,12805698.0
2024-04-18 17:45:00,125757.4120562966,125668.30222941769,125650.0,125680.0,125680.0,125620.0,13645315.0
2024-04-18 17:50:00,125748.72569478572,125668.41716235715,125755.0,125765.0,125770.0,125630.0,12920513.5
2024-04-18 17:55:00,125747.03004746787,125668.68423824642,125780.0,125790.0,125795.0,125700.0,13439694.0
2024-04-19 10:00:00,125827.09933607854,125655.7578067786,125960.0,125835.0,125975.0,125835.0,14366887.0
2024-04-19 10:05:00,125886.7333614845,125670.40949565837,125970.0,125820.0,126000.0,125820.0,14288710.5
2024-04-19 10:10:00,125931.03419385813,125711.822948999,125955.0,125915.0,126105.0,125915.0,13397285.5
2024-04-19 10:15:00,126002.3097054936,125757.6902945064,126090.0,125925.0,126125.0,125925.0,14178994.0
2024-04-19 10:20:00,126073.37046420017,125835.20096437125,126170.0,126020.0,126195.0,126020.0,15079590.5
2024-04-19 10:25:00,126127.49065141259,125902.50934858741,126180.0,126055.0,126210.0,126055.0,14428855.0
2024-04-19 10:30:00,126244.20267971924,125971.51160599505,126430.0,126135.0,126485.0,126135.0,14202124.5
2024-04-19 10:35:00,126339.13429984904,126019.43712872238,126460.0,126325.0,126590.0,126325.0,14642520.5
2024-04-19 10:40:00,126406.57786895538,126089.1364167589,126450.0,126450.0,126595.0,126440.0,13460389.0
2024-04-19 10:45:00,126461.43527080973,126189.99330061885,126500.0,126425.0,126575.0,126420.0,14575670.5
2024-04-19 10:50:00,126567.19822414978,126264.2303472788,126720.0,126475.0,126770.0,126465.0,13586824.0
2024-04-19 10:55:00,126652.7798237507,126345.79160482073,126755.0,126710.0,126835.0,126695.0,13701610.5
2024-04-19 11:00:00,126694.48627675163,126459.79943753408,126725.0,126630.0,126800.0,126615.0,14215600.5
2024-04-19 11:05:00,126715.02431425935,126502.11854288352,126650.0,126660.0,126785.0,126645.0,14064842.5
2024-04-19 11:10:00,126717.97939705146,126526.30631723425,126555.0,126455.0,126715.0,126450.0,14086148.5
2024-04-19 11:15:00,126718.46101670619,126522.96755472239,126440.0,126435.0,126610.0,126430.0,14613246.5
2024-04-19 11:20:00,126736.29467531768,126557.99103896803,126685.0,126455.0,126790.0,126445.0,14820046.0
2024-04-19 11:25:00,126843.23338233275,126543.90947481012,127045.0,126595.0,127075.0,126590.0,15253730.0
2024-04-19 11:30:00,126895.51361894631,126553.05780962511,126970.0,126955.0,127140.0,126950.0,15868840.0
2024-04-19 11:35:00,126901.6645107665,126558.3354892335,126765.0,126735.0,127000.0,126725.0,15490402.0
2024-04-19 11:40:00,126951.97436951133,126592.31134477438,126945.0,126775.0,127015.0,126760.0,14491668.0
2024-04-19 11:45:00,127014.76044917553,126663.81097939589,127025.0,126920.0,127080.0,126915.0,14376722.0
2024-04-19 11:50:00,127059.1206879675,126812.30788346108,127115.0,127015.0,127160.0,127005.0,14931111.5
2024-04-19 11:55:00,127067.01453179873,126892.98546820127,126995.0,126990.0,127170.0,126985.0,15097929.5
2024-04-19 12:00:00,127063.8070513492,126891.90723436509,127030.0,126900.0,127090.0,126900.0,14199197.5
2024-04-19 12:05:00,127088.36987457835,126903.05869685023,127095.0,126975.0,127115.0,126970.0,14446533.0
2024-04-19 12:10:00,127086.10971633378,126992.46171223764,127070.0,127010.0,127135.0,127005.0,14232025.0
2024-04-19 12:15:00,127089.48807048258,126977.65478666029,126905.0,126875.0,127105.0,126870.0,13980954.5
2024-04-19 12:20:00,127087.6091557669,126928.10512994739,126845.0,126790.0,126950.0,126780.0,13575126.0
2024-04-19 12:25:00,127051.91628214752,126893.79800356677,126870.0,126835.0,126920.0,126810.0,12533735.5
2024-04-19 12:30:00,127040.64988664242,126877.921541929,126900.0,126850.0,126935.0,126850.0,12638896.0
2024-04-19 12:35:00,127022.09463933429,126866.47678923713,126925.0,126860.0,127005.0,126860.0,12590790.5
2024-04-19 12:40:00,126972.9092381224,126857.0907618776,126890.0,126815.0,126970.0,126810.0,14133220.0
2024-04-19 12:45:00,126932.38524687217,126869.0433245564,126970.0,126880.0,126970.0,126875.0,14785745.0
2024-04-19 12:50:00,126929.341215613,126864.9444986727,126880.0,126880.0,127015.0,126880.0,14216710.0
2024-04-19 12:55:00,126929.23127496283,126866.48301075146,126850.0,126840.0,126910.0,126830.0,13802895.5
2024-04-19 13:00:00,126928.78986724254,126858.35298990033,126840.0,126830.0,126920.0,126820.0,14094945.5
2024-04-19 13:05:00,126924.27906482162,126832.86379232125,126795.0,126740.0,126855.0,126740.0,14936461.5
2024-04-19 13:10:00,126917.52460696604,126762.47539303396,126655.0,126635.0,126810.0,126630.0,14447415.5
2024-04-19 13:15:00,126899.8206418047,126704.465072481,126625.0,126615.0,126700.0,126615.0,14920496.0
2024-04-19 13:20:00,126848.03178441725,126690.53964415417,126740.0,126640.0,126770.0,126625.0,13519032.5
2024-04-19 13:25:00,126813.81675638033,126673.32610076254,126700.0,126660.0,126755.0,126655.0,14089978.5
2024-04-19 13:30:00,126778.76593393007,126651.23406606993,126650.0,126580.0,126725.0,126580.0,15538732.5
2024-04-19 13:35:00,126735.0489886995,126626.37958272907,126600.0,126595.0,126670.0,126590.0,14334771.0
2024-04-19 13:40:00,126709.42133444006,126629.15009413136,126715.0,126610.0,126765.0,126595.0,15165541.5
2024-04-19 13:45:00,126735.25697217777,126636.17159925081,126770.0,126690.0,126775.0,126685.0,14193734.5
2024-04-19 13:50:00,126765.28954576736,126656.13902566122,126800.0,126775.0,126890.0,126760.0,14915616.5
2024-04-19 13:55:00,126790.40869876131,126658.16272981011,126835.0,126805.0,126910.0,126805.0,14042099.5
2024-04-19 14:00:00,126804.16761828189,126668.68952457524,126785.0,126740.0,126860.0,126730.0,14378227.5
2024-04-19 14:05:00,126812.82925997738,126691.45645430833,126760.0,126760.0,126850.0,126740.0,13617526.0
2024-04-19 14:10:00,126805.71734276143,126747.1398000957,126770.0,126715.0,126785.0,126700.0,14575566.0
2024-04-19 14:15:00,126816.63005145463,126769.08423425966,126830.0,126760.0,126885.0,126750.0,15027719.5
2024-04-19 14:20:00,126820.38519754715,126775.32908816714,126805.0,126740.0,126865.0,126740.0,14213062.0
2024-04-19 14:25:00,126820.00013741208,126748.57129115934,126705.0,126675.0,126855.0,126675.0,15175847.0
2024-04-19 14:30:00,126814.57768138646,126748.27946147067,126815.0,126710.0,126825.0,126700.0,14656418.5
2024-04-19 14:35:00,126814.36969156053,126707.05887986805,126640.0,126635.0,126830.0,126630.0,14548951.0
2024-04-19 14:40:00,126809.67105366862,126698.9003749028,126715.0,126625.0,126750.0,126625.0,14594837.0
2024-04-19 14:45:00,126837.20653380358,126702.79346619642,126880.0,126715.0,126885.0,126705.0,15557774.0
2024-04-19 14:50:00,126826.98595148347,126698.72833423082,126780.0,126775.0,126910.0,126775.0,15614326.0
2024-04-19 14:55:00,126820.41424660443,126695.30003910986,126770.0,126705.0,126815.0,126700.0,14312782.5
2024-04-19 15:00:00,126823.21460639371,126651.071107892,126560.0,126560.0,126780.0,126550.0,14870147.5
2024-04-19 15:05:00,126796.07950671049,126615.34906471809,126595.0,126470.0,126625.0,126470.0,14958747.0
2024-04-19 15:10:00,126794.97865327926,126573.59277529216,126490.0,126485.0,126615.0,126480.0,14376446.0
2024-04-19 15:15:00,126780.96222141643,126556.18063572644,126605.0,126385.0,126620.0,126385.0,17214377.0
2024-04-19 15:20:00,126722.17339519659,126552.11231908912,126660.0,126560.0,126675.0,126555.0,14585721.0
2024-04-19 15:25:00,126674.28002646231,126525.71997353769,126520.0,126465.0,126675.0,126465.0,14670653.0
2024-04-19 15:30:00,126611.44423463839,126517.12719393303,126520.0,126510.0,126625.0,126510.0,14403549.0
2024-04-19 15:35:00,126606.50590215027,126502.06552642115,126490.0,126480.0,126600.0,126480.0,14071625.5
2024-04-19 15:40:00,126592.40129243032,126486.1701361411,126490.0,126430.0,126520.0,126425.0,14532773.0
2024-04-19 15:45:00,126591.71119079266,126479.71738063592,126465.0,126355.0,126520.0,126355.0,14451945.5
2024-04-19 15:50:00,126570.40314291345,126466.73971422942,126485.0,126430.0,126525.0,126430.0,14076798.0
2024-04-19 15:55:00,126541.00143289939,126476.14142424348,126590.0,126470.0,126655.0,126470.0,15175987.5
2024-04-19 16:00:00,126564.35254293079,126477.07602849779,126605.0,126540.0,126665.0,126540.0,14280878.0
2024-04-19 16:05:00,126583.26111504616,126482.45317066813,126605.0,126530.0,126655.0,126530.0,13913353.0
2024-04-19 16:10:00,126645.44152134452,126491.70133579835,126740.0,126585.0,126795.0,126585.0,14643125.0
2024-04-19 16:15:00,126675.93644195414,126518.34927233157,126690.0,126670.0,126755.0,126665.0,14241970.5
2024-04-19 16:20:00,126680.51067297853,126552.3464698786,126600.0,126600.0,126710.0,126595.0,14147403.0
2024-04-19 16:25:00,126687.51352699369,126596.77218729202,126665.0,126580.0,126710.0,126580.0,14830108.5
2024-04-19 16:30:00,126696.4584779858,126612.11295058562,126675.0,126625.0,126725.0,126625.0,14162276.0
2024-04-19 16:35:00,126703.8466979041,126626.1533020959,126680.0,126580.0,126735.0,126580.0,15035221.5
2024-04-19 16:40:00,126703.93833467268,126633.20452247019,126630.0,126545.0,126700.0,126545.0,14662539.0
2024-04-19 16:45:00,126720.89558298799,126629.10441701201,126785.0,126635.0,126845.0,126635.0,15783023.5
2024-04-19 16:50:00,126767.92108195735,126627.79320375694,126850.0,126775.0,126870.0,126775.0,14800279.5
2024-04-19 16:55:00,126818.31874839331,126658.82410874956,126885.0,126845.0,126925.0,126840.0,16100588.0
2024-04-19 17:00:00,126831.88985809812,126679.53871333046,126785.0,126790.0,126880.0,126785.0,16297195.0
2024-04-19 17:05:00,126854.31528875933,126705.68471124067,126845.0,126785.0,126900.0,126785.0,16135661.5
2024-04-19 17:10:00,126854.81817126801,126713.75325730341,126710.0,126685.0,126875.0,126680.0,15239664.0
2024-04-19 17:15:00,126850.80514651295,126734.90913920134,126690.0,126630.0,126750.0,126630.0,16178419.0
2024-04-19 17:20:00,126845.11100261772,126716.31756881086,126700.0,126665.0,126730.0,126660.0,13859586.0
2024-04-19 17:25:00,126825.30281687528,126704.69718312472,126740.0,126690.0,126760.0,126685.0,15283185.5
2024-04-19 17:30:00,126783.9338484587,126693.20900868416,126700.0,126690.0,126745.0,126690.0,12847853.0
2024-04-19 17:35:00,126773.07300895853,126688.35556247005,126730.0,126670.0,126745.0,126670.0,15191721.0
2024-04-19 17:40:00,126746.26404527994,126696.59309757719,126780.0,126720.0,126820.0,126720.0,14717977.0
2024-04-19 17:45:00,126752.92478136384,126701.36093292187,126750.0,126740.0,126785.0,126740.0,13880223.5
2024-04-19 17:50:00,126752.92478136384,126701.36093292187,126690.0,126645.0,126760.0,126645.0,13137592.5
2024-04-19 17:55:00,126754.22517238259,126705.77482761741,126720.0,126685.0,126745.0,126685.0,12455973.0
2024-04-22 10:00:00,126795.31629094202,126700.39799477227,126865.0,126970.0,126970.0,126830.0,12679480.0
2024-04-22 10:05:00,126825.00074936911,126716.42782205947,126860.0,126975.0,126975.0,126785.0,13361036.0
2024-04-22 10:10:00,126823.64404349147,126700.64167079424,126670.0,126885.0,126890.0,126615.0,14132733.0
2024-04-22 10:15:00,126815.45611282901,126690.25817288528,126715.0,126840.0,126840.0,126625.0,14116805.0
2024-04-22 10:20:00,126813.45466303082,126627.97390839776,126525.0,126755.0,126755.0,126480.0,14157732.5
2024-04-22 10:25:00,126808.45579992207,126574.40134293506,126485.0,126570.0,126570.0,126415.0,14661362.5
2024-04-22 10:30:00,126796.87938794034,126461.69204063108,126285.0,126550.0,126550.0,126190.0,14765473.0
2024-04-22 10:35:00,126718.47850282499,126377.2357828893,126295.0,126325.0,126325.0,126210.0,13940204.0
2024-04-22 10:40:00,126611.16488133495,126308.83511866505,126245.0,126350.0,126350.0,126145.0,14443498.0
2024-04-22 10:45:00,126542.91823177385,126262.79605394044,126270.0,126310.0,126315.0,126125.0,14804640.5
2024-04-22 10:50:00,126428.52520598091,126238.61765116196,126230.0,126350.0,126350.0,126195.0,14028475.5
2024-04-22 10:55:00,126382.9876990184,126241.29801526731,126375.0,126390.0,126390.0,126220.0,14539294.0
2024-04-22 11:00:00,126340.88654060924,126250.54203081934,126370.0,126465.0,126465.0,126300.0,14153074.5
2024-04-22 11:05:00,126378.17365254606,126256.11206173965,126435.0,126500.0,126500.0,126335.0,15206017.5
2024-04-22 11:10:00,126489.6022053419,126250.3977946581,126665.0,126725.0,126730.0,126425.0,14926925.0
2024-04-22 11:15:00,126616.7406487702,126283.2593512298,126805.0,126840.0,126840.0,126640.0,14815462.0
2024-04-22 11:20:00,126712.03584995723,126343.67843575706,126815.0,126870.0,126875.0,126650.0,15220983.0
2024-04-22 11:25:00,126750.21831064859,126438.35311792283,126695.0,126840.0,126840.0,126615.0,14977306.5
2024-04-22 11:30:00,126767.21296788508,126495.64417497205,126635.0,126790.0,126790.0,126615.0,14267198.0
2024-04-22 11:35:00,126785.57520349129,126581.56765365158,126735.0,126785.0,126785.0,126595.0,14035843.5
2024-04-22 11:40:00,126771.959604325,126652.3261099607,126635.0,126785.0,126785.0,126610.0,14163643.5
2024-04-22 11:45:00,126774.41531470162,126658.44182815551,126695.0,126720.0,126725.0,126585.0,14401117.5
2024-04-22 11:50:00,126750.45485772927,126652.40228512786,126700.0,126800.0,126800.0,126615.0,15053515.0
2024-04-22 11:55:00,126708.8162827509,126649.75514582053,126660.0,126770.0,126785.0,126645.0,15725802.5
2024-04-22 12:00:00,126705.4477493878,126647.40939346934,126675.0,126740.0,126740.0,126610.0,14022749.5
2024-04-22 12:05:00,126705.4477493878,126647.40939346934,126635.0,126685.0,126690.0,126600.0,14487726.0
2024-04-22 12:10:00,126694.28648341628,126648.57065944085,126700.0,126735.0,126735.0,126585.0,14337442.5
2024-04-22 12:15:00,126696.13755388715,126658.14816039856,126675.0,126755.0,126760.0,126640.0,14101071.0
2024-04-22 12:20:00,126725.72632545113,126652.84510312029,126780.0,126785.0,126785.0,126660.0,13063646.0
2024-04-22 12:25:00,126760.19546914777,126652.66167370936,126820.0,126835.0,126835.0,126745.0,13273367.5
2024-04-22 12:30:00,126763.00693462559,126659.85020823154,126695.0,126815.0,126825.0,126695.0,13296608.5
2024-04-22 12:35:00,126762.39906140158,126657.60093859842,126665.0,126745.0,126750.0,126660.0,13025461.5
2024-04-22 12:40:00,126763.01580369376,126666.98419630624,126670.0,126690.0,126690.0,126610.0,14387600.0
2024-04-22 12:45:00,126759.5349046533,126647.60795248958,126620.0,126680.0,126685.0,126600.0,13474209.0
2024-04-22 12:50:00,126757.77335392078,126642.22664607922,126650.0,126695.0,126695.0,126610.0,12639467.0
2024-04-22 12:55:00,126782.13265157839,126639.29591985019,126855.0,126860.0,126860.0,126645.0,13838960.0
2024-04-22 13:00:00,126768.22336675497,126638.9194903879,126770.0,126855.0,126855.0,126765.0,13048314.5
2024-04-22 13:05:00,126808.29606143043,126647.41822428386,126865.0,126900.0,126900.0,126740.0,13997165.5
2024-04-22 13:10:00,126877.1122654438,126667.17344884192,126975.0,126990.0,126990.0,126810.0,13870101.0
2024-04-22 13:15:00,127009.44540565448,126689.12602291694,127210.0,127205.0,127245.0,126970.0,14652851.0
2024-04-22 13:20:00,127118.72380929167,126762.70476213691,127260.0,127290.0,127305.0,127165.0,14403588.5
2024-04-22 13:25:00,127227.36273039071,126858.35155532358,127365.0,127295.0,127365.0,127210.0,14051113.0
2024-04-22 13:30:00,127330.75509234126,126922.10205051587,127440.0,127295.0,127465.0,127265.0,14224475.5
2024-04-22 13:35:00,127391.87590382928,127042.40981045643,127405.0,127385.0,127485.0,127380.0,15369040.0
2024-04-22 13:40:00,127444.64043248785,127166.78813894073,127485.0,127385.0,127505.0,127380.0,15739077.0
2024-04-22 13:45:00,127465.46610436347,127293.10532420795,127490.0,127490.0,127595.0,127490.0,15279067.5
2024-04-22 13:50:00,127497.6033825216,127352.3966174784,127530.0,127445.0,127570.0,127445.0,15848715.0
2024-04-22 13:55:00,127543.23293485951,127409.62420799762,127620.0,127495.0,127625.0,127495.0,15650272.5
2024-04-22 14:00:00,127550.77704921,127442.08009364714,127505.0,127495.0,127655.0,127490.0,15373628.5
2024-04-22 14:05:00,127556.35531492294,127455.07325650564,127505.0,127470.0,127545.0,127470.0,14344664.5
2024-04-22 14:10:00,127556.29701850182,127482.2744100696,127500.0,127475.0,127560.0,127475.0,14702148.5
2024-04-22 14:15:00,127564.14877826445,127432.99407887842,127340.0,127325.0,127500.0,127320.0,15987047.5
2024-04-22 14:20:00,127559.93246540312,127384.35324888259,127305.0,127295.0,127345.0,127245.0,16038712.5
2024-04-22 14:25:00,127541.75705564536,127305.38580149751,127190.0,127295.0,127350.0,127175.0,16694535.0
2024-04-22 14:30:00,127476.34284709716,127270.80001004571,127270.0,127275.0,127285.0,127165.0,15787704.5
2024-04-22 14:35:00,127437.50510279003,127251.06632578139,127300.0,127295.0,127330.0,127235.0,15669375.0
2024-04-22 14:40:00,127383.86480315124,127226.13519684876,127230.0,127295.0,127305.0,127190.0,14979819.5
2024-04-22 14:45:00,127311.12348808082,127231.73365477631,127265.0,127295.0,127295.0,127210.0,15626217.0
2024-04-22 14:50:00,127287.81533729903,127216.47037698668,127205.0,127295.0,127345.0,127205.0,16293625.0
2024-04-22 14:55:00,127270.4598014812,127205.25448423308,127205.0,127220.0,127230.0,127120.0,15580149.5
2024-04-22 15:00:00,127271.95159775857,127215.1912593843,127230.0,127230.0,127255.0,127155.0,15914539.0
2024-04-22 15:05:00,127262.86019989908,127204.28265724379,127200.0,127225.0,127250.0,127145.0,15352802.5
2024-04-22 15:10:00,127238.22923901585,127196.05647526986,127185.0,127205.0,127230.0,127110.0,15349759.5
2024-04-22 15:15:00,127233.59874065607,127190.68697362964,127195.0,127205.0,127225.0,127155.0,15263120.5
2024-04-22 15:20:00,127250.21782753059,127185.4964581837,127305.0,127295.0,127330.0,127190.0,15920316.0
2024-04-22 15:25:00,127263.89496884459,127191.8193168697,127275.0,127295.0,127325.0,127265.0,14856600.0
2024-04-22 15:30:00,127274.11368972095,127200.17202456476,127270.0,127295.0,127305.0,127235.0,15782714.0
2024-04-22 15:35:00,127276.22616403503,127202.34526453639,127245.0,127295.0,127340.0,127200.0,15782772.5
2024-04-22 15:40:00,127282.41041558661,127213.30387012768,127260.0,127295.0,127300.0,127180.0,16223090.5
2024-04-22 15:45:00,127299.58440033645,127234.70131394926,127320.0,127295.0,127360.0,127225.0,15275570.0
2024-04-22 15:50:00,127303.47628455173,127260.80942973398,127300.0,127295.0,127325.0,127250.0,14766171.0
2024-04-22 15:55:00,127306.19894534774,127260.94391179513,127315.0,127290.0,127380.0,127290.0,16070521.5
2024-04-22 16:00:00,127331.08413228179,127263.20158200392,127370.0,127295.0,127395.0,127275.0,14578652.5
2024-04-22 16:05:00,127348.42681364206,127273.00175778652,127365.0,127295.0,127390.0,127285.0,15318798.5
2024-04-22 16:10:00,127366.13406507236,127295.29450635622,127385.0,127325.0,127400.0,127320.0,15041595.5
2024-04-22 16:15:00,127365.02449436628,127310.689791348,127310.0,127295.0,127385.0,127285.0,16539924.0
2024-04-22 16:20:00,127370.52067930966,127270.90789211892,127200.0,127295.0,127325.0,127155.0,15675254.0
2024-04-22 16:25:00,127372.259628112,127222.0260861737,127135.0,127210.0,127215.0,127105.0,16148590.5
2024-04-22 16:30:00,127366.55322590552,127142.0182026659,127015.0,127175.0,127180.0,126990.0,15745355.5
2024-04-22 16:35:00,127328.58388844633,127107.13039726796,127115.0,127120.0,127135.0,127010.0,16216279.5
2024-04-22 16:40:00,127285.05618098467,127086.37239044391,127140.0,127175.0,127175.0,127105.0,15765226.5
2024-04-22 16:45:00,127219.85340962204,127077.28944752083,127125.0,127150.0,127155.0,127085.0,15979448.0
2024-04-22 16:50:00,127164.29246465943,127077.13610676915,127115.0,127155.0,127165.0,127085.0,14962512.5
2024-04-22 16:55:00,127147.1481071787,127077.13760710701,127140.0,127160.0,127165.0,127050.0,16026739.5
2024-04-22 17:00:00,127139.79075506298,127070.20924493702,127085.0,127125.0,127140.0,127065.0,15899938.5
2024-04-22 17:05:00,127133.04822735245,127099.80891550468,127095.0,127140.0,127145.0,127085.0,17044749.0
2024-04-22 17:10:00,127134.06806701332,127077.36050441526,127040.0,127100.0,127110.0,127010.0,17635272.5
2024-04-22 17:15:00,127122.75342152698,127067.24657847302,127065.0,127075.0,127075.0,127025.0,15715926.0
2024-04-22 17:20:00,127113.94213956235,127061.77214615194,127075.0,127100.0,127105.0,127050.0,17294740.0
2024-04-22 17:25:00,127116.60418750253,127061.9672410689,127125.0,127145.0,127145.0,127050.0,16725150.0
2024-04-22 17:30:00,127129.33370579062,127059.2377227808,127175.0,127205.0,127205.0,127100.0,16819963.5
2024-04-22 17:35:00,127164.58799073253,127062.55486641034,127220.0,127230.0,127235.0,127175.0,16562107.5
2024-04-22 17:40:00,127196.95041752438,127071.62101104704,127240.0,127270.0,127275.0,127210.0,14773479.0
2024-04-22 17:45:00,127210.33753005063,127101.09104137795,127190.0,127245.0,127245.0,127185.0,12632942.5
2024-04-22 17:50:00,127213.2940313877,127123.84882575517,127155.0,127195.0,127195.0,127060.0,13092860.0
2024-04-22 17:55:00,127211.30379997863,127135.83905716424,127110.0,127155.0,127160.0,127085.0,11873836.5
2024-04-23 10:00:00,127330.59919383608,126765.11509187821,126245.0,126295.0,126315.0,126140.0,13757209.0
2024-04-23 10:05:00,127283.01716884787,126528.4114025807,126180.0,126280.0,126290.0,126180.0,14251256.0
2024-04-23 10:10:00,127170.98928822507,126330.43928320351,126135.0,126235.0,126245.0,125920.0,14526034.0
2024-04-23 10:15:00,127006.68086334177,126140.4619938011,126000.0,126165.0,126170.0,125960.0,14763746.0
2024-04-23 10:20:00,126811.13258987863,126031.7245529785,126125.0,126180.0,126180.0,125985.0,13391143.5
2024-04-23 10:25:00,126576.13088035013,125983.86911964987,126165.0,126165.0,126170.0,126015.0,13972474.5
2024-04-23 10:30:00,126204.87117244143,125996.55739898715,125855.0,126200.0,126200.0,125835.0,13621962.0
2024-04-23 10:35:00,126157.2029387404,125938.51134697389,125875.0,125920.0,125920.0,125785.0,14208076.0
2024-04-23 10:40:00,126119.85671118346,125920.14328881654,125985.0,125995.0,125995.0,125760.0,14274070.0
2024-04-23 10:45:00,126098.58191437711,125914.27522848002,126040.0,126265.0,126275.0,125970.0,14279910.0
2024-04-23 10:50:00,126174.71346281494,125922.42939432793,126295.0,126310.0,126310.0,125910.0,14373298.0
2024-04-23 10:55:00,126212.60333606004,125927.39666393996,126275.0,126350.0,126350.0,126095.0,13885473.0
2024-04-23 11:00:00,126238.02523019185,125931.97476980815,126270.0,126340.0,126340.0,126110.0,13179001.5
2024-04-23 11:05:00,126284.11139375587,126007.31717767271,126280.0,126465.0,126465.0,126265.0,13319889.0
2024-04-23 11:10:00,126335.1050989805,126102.03775816238,126385.0,126415.0,126415.0,126280.0,11802030.5
2024-04-23 11:15:00,126369.92358267987,126184.36213160584,126395.0,126475.0,126475.0,126345.0,12653541.5
2024-04-23 11:20:00,126353.35015631578,126255.22127225564,126230.0,126460.0,126465.0,126205.0,12963649.5
2024-04-23 11:25:00,126348.97532425952,126241.02467574048,126230.0,126345.0,126345.0,126200.0,13056500.0
2024-04-23 11:30:00,126395.352005604,126248.93370868171,126465.0,126485.0,126485.0,126215.0,13744698.0
2024-04-23 11:35:00,126407.35241701728,126264.0761544113,126365.0,126470.0,126475.0,126345.0,13334961.5
2024-04-23 11:40:00,126407.27305304406,126228.44123267023,126155.0,126400.0,126400.0,126105.0,13963035.5
2024-04-23 11:45:00,126383.43965529912,126199.417487558,126200.0,126270.0,126275.0,126135.0,13719449.0
2024-04-23 11:50:00,126360.3610164292,126191.06755499938,126285.0,126355.0,126355.0,126195.0,13033302.0
2024-04-23 11:55:00,126356.40993621443,126166.4472066427,126130.0,126300.0,126300.0,126045.0,13758486.5
2024-04-23 12:00:00,126353.9939220673,126161.720363647,126205.0,126240.0,126240.0,126075.0,14771914.5
2024-04-23 12:05:00,126294.7444964838,126165.2555035162,126270.0,126295.0,126300.0,126190.0,14467117.5
2024-04-23 12:10:00,126255.53720104344,126165.89137038514,126230.0,126370.0,126370.0,126220.0,14232929.5
2024-04-23 12:15:00,126291.20825003795,126183.07746424776,126340.0,126370.0,126370.0,126215.0,12918402.5
2024-04-23 12:20:00,126326.20196525643,126196.6551776007,126370.0,126395.0,126395.0,126285.0,13556944.5
2024-04-23 12:25:00,126326.20196525643,126196.6551776007,126285.0,126375.0,126375.0,126180.0,14191488.5
2024-04-23 12:30:00,126337.74220714641,126242.25779285359,126330.0,126380.0,126380.0,126235.0,13779626.5
2024-04-23 12:35:00,126369.99390421736,126270.00609578264,126415.0,126415.0,126415.0,126255.0,13936115.5
2024-04-23 12:40:00,126397.21646939672,126287.06924488899,126425.0,126520.0,126520.0,126360.0,13401987.0
2024-04-23 12:45:00,126456.48543655456,126319.22884915973,126550.0,126590.0,126590.0,126425.0,14826874.5
2024-04-23 12:50:00,126481.57913360972,126336.9922949617,126490.0,126580.0,126580.0,126435.0,13674767.5
2024-04-23 12:55:00,126500.80427094748,126352.05287190965,126490.0,126550.0,126550.0,126455.0,13548824.0
2024-04-23 13:00:00,126513.59627012764,126399.26087272949,126495.0,126515.0,126520.0,126425.0,13887030.5
2024-04-23 13:05:00,126533.16346197153,126445.40796659989,126560.0,126585.0,126590.0,126480.0,14146641.0
2024-04-23 13:10:00,126599.16609438336,126460.83390561664,126700.0,126710.0,126715.0,126540.0,15243043.0
2024-04-23 13:15:00,126675.51468955952,126488.77102472619,126790.0,126830.0,126835.0,126675.0,15158888.5
2024-04-23 13:20:00,126719.73109770395,126505.98318801034,126765.0,126775.0,126800.0,126725.0,14818330.0
2024-04-23 13:25:00,126806.21746510781,126543.78253489219,126925.0,126930.0,126930.0,126725.0,15929766.0
2024-04-23 13:30:00,126867.40050854762,126605.4566343095,126920.0,126960.0,126965.0,126890.0,16524791.5
2024-04-23 13:35:00,126925.9507093063,126688.33500497941,126990.0,127025.0,127040.0,126880.0,16121459.0
2024-04-23 13:40:00,126969.26605551217,126776.44823020212,127020.0,127025.0,127055.0,126945.0,17004007.5
2024-04-23 13:45:00,127010.13794550089,126835.5763402134,127050.0,127025.0,127065.0,126955.0,15547003.5
2024-04-23 13:50:00,127065.43047503386,126878.85523925185,127135.0,127050.0,127165.0,127040.0,16346726.0
2024-04-23 13:55:00,127087.87903917131,126954.97810368582,127110.0,127100.0,127220.0,127095.0,16949823.5
2024-04-23 14:00:00,127151.67897608012,126982.60673820559,127245.0,127115.0,127270.0,127105.0,15542195.5
2024-04-23 14:05:00,127221.9006893928,127028.0993106072,127325.0,127235.0,127435.0,127225.0,15787635.5
2024-04-23 14:10:00,127239.15040074209,127067.99245640078,127190.0,127185.0,127335.0,127180.0,16147826.5
2024-04-23 14:15:00,127250.51194179963,127106.63091534324,127195.0,127125.0,127230.0,127120.0,15859426.0
2024-04-23 14:20:00,127251.71469267258,127136.85673589884,127160.0,127145.0,127235.0,127140.0,14041182.5
2024-04-23 14:25:00,127254.75890685734,127146.66966457124,127180.0,127125.0,127205.0,127120.0,15565677.5
2024-04-23 14:30:00,127254.90528170796,127162.2375754349,127165.0,127160.0,127230.0,127160.0,14397510.5
2024-04-23 14:35:00,127242.48230208758,127148.946269341,127155.0,127130.0,127265.0,127130.0,14641150.0
2024-04-23 14:40:00,127186.1375538792,127148.1481604065,127125.0,127110.0,127220.0,127105.0,15643050.0
2024-04-23 14:45:00,127180.1175239875,127145.59676172679,127160.0,127115.0,127205.0,127110.0,15119501.0
2024-04-23 14:50:00,127169.04832351503,127138.09453362784,127130.0,127110.0,127205.0,127110.0,15206643.0
2024-04-23 14:55:00,127166.95592701617,127123.04407298383,127100.0,127040.0,127135.0,127040.0,16062247.0
2024-04-23 15:00:00,127158.77768838743,127094.0794544697,127050.0,127025.0,127140.0,127020.0,16162812.5
2024-04-23 15:05:00,127146.76160539601,127068.95268031828,127035.0,127025.0,127085.0,126975.0,16562240.0
2024-04-23 15:10:00,127135.69328044883,127021.44957669404,126950.0,127025.0,127050.0,126915.0,15887091.0
2024-04-23 15:15:00,127121.96911827892,127010.8880245782,127040.0,127025.0,127050.0,126945.0,15226562.5
2024-04-23 15:20:00,127098.81819103328,127008.32466610959,127070.0,127025.0,127090.0,127010.0,15170227.5
2024-04-23 15:25:00,127087.23017793732,127008.48410777697,127090.0,127040.0,127110.0,127040.0,15515714.5
2024-04-23 15:30:00,127081.9809546427,127008.0190453573,127080.0,127025.0,127115.0,127010.0,15401273.0
2024-04-23 15:35:00,127099.88957069401,127011.53900073457,127125.0,127080.0,127150.0,127075.0,14388580.5
2024-04-23 15:40:00,127134.77351254065,127019.51220174506,127185.0,127125.0,127235.0,127120.0,15708576.5
2024-04-23 15:45:00,127144.24926510705,127065.75073489295,127145.0,127075.0,127190.0,127070.0,15406814.5
2024-04-23 15:50:00,127152.09435876353,127086.4770698079,127140.0,127085.0,127165.0,127080.0,14937873.0
2024-04-23 15:55:00,127183.65369544517,127100.63201884054,127230.0,127110.0,127235.0,127110.0,15120008.5
2024-04-23 16:00:00,127184.02774658406,127104.54368198736,127105.0,127070.0,127230.0,127070.0,15068680.5
2024-04-23 16:05:00,127184.58984620852,127099.6958680772,127065.0,127045.0,127150.0,127045.0,14960529.0
2024-04-23 16:10:00,127182.28195807853,127092.00375620718,127090.0,127025.0,127120.0,127005.0,15424754.5
2024-04-23 16:15:00,127172.65408539289,127031.63162889282,126940.0,127025.0,127095.0,126920.0,15329317.0
2024-04-23 16:20:00,127162.70904087162,126950.14810198551,126825.0,126990.0,126990.0,126825.0,15089564.5
2024-04-23 16:25:00,127133.25223089934,126882.46205481495,126800.0,126855.0,126855.0,126775.0,16092224.0
2024-04-23 16:30:00,127057.90755714593,126820.6638714255,126750.0,126815.0,126820.0,126690.0,17061794.5
2024-04-23 16:35:00,127004.02784043495,126784.54358813647,126790.0,126860.0,126860.0,126745.0,16015580.0
2024-04-23 16:40:00,126953.9790764947,126768.87806636243,126835.0,126855.0,126855.0,126765.0,16155563.5
2024-04-23 16:45:00,126864.66740519018,126763.90402338124,126760.0,126830.0,126835.0,126685.0,15490516.0
2024-04-23 16:50:00,126831.33694504095,126771.52019781618,126850.0,126875.0,126875.0,126755.0,15255582.5
2024-04-23 16:55:00,126823.6346522724,126747.79391915617,126715.0,126860.0,126865.0,126700.0,15983974.5
2024-04-23 17:00:00,126821.7198795227,126698.2801204773,126620.0,126715.0,126715.0,126570.0,15930412.5
2024-04-23 17:05:00,126817.41875987739,126656.86695440832,126590.0,126640.0,126645.0,126560.0,15091587.5
2024-04-23 17:10:00,126797.65078683583,126606.63492744988,126545.0,126595.0,126600.0,126515.0,15755093.5
2024-04-23 17:15:00,126754.01083504678,126574.56059352464,126570.0,126595.0,126595.0,126540.0,16428716.0
2024-04-23 17:20:00,126725.0657437432,126554.9342562568,126590.0,126630.0,126635.0,126560.0,14685534.5
2024-04-23 17:25:00,126654.20916174003,126565.79083825997,126640.0,126660.0,126660.0,126585.0,15459420.5
2024-04-23 17:30:00,126626.29786573116,126570.84499141171,126635.0,126645.0,126645.0,126615.0,16158065.0
2024-04-23 17:35:00,126645.80710772987,126569.90717798442,126685.0,126700.0,126700.0,126630.0,15960426.0
2024-04-23 17:40:00,126650.52995247793,126575.18433323636,126625.0,126720.0,126720.0,126615.0,13781023.5
2024-04-23 17:45:00,126672.05173165743,126597.94826834257,126700.0,126735.0,126735.0,126620.0,14771236.5
2024-04-23 17:50:00,126690.01594029868,126619.98405970132,126710.0,126735.0,126735.0,126695.0,13114869.5
2024-04-23 17:55:00,126693.92168720235,126640.36402708336,126675.0,126715.0,126715.0,126650.0,13491552.5
2024-04-24 10:00:00,126728.14567654114,126646.14003774457,126780.0,126845.0,126850.0,126680.0,12993035.5
2024-04-24 10:05:00,126790.40807143571,126655.30621427858,126885.0,126940.0,126940.0,126775.0,13055384.0
2024-04-24 10:10:00,126820.5014860688,126670.92708535978,126845.0,126935.0,126935.0,126735.0,13405359.0
2024-04-24 10:15:00,126822.16103457438,126694.98182256849,126715.0,126865.0,126865.0,126665.0,13359308.0
2024-04-24 10:20:00,126822.40863379456,126696.16279477686,126705.0,126835.0,126835.0,126635.0,13144934.5
2024-04-24 10:25:00,126820.96097238269,126679.03902761731,126645.0,126725.0,126730.0,126595.0,12577543.0
2024-04-24 10:30:00,126820.69380030996,126676.4490568329,126665.0,126740.0,126740.0,126440.0,13366040.0
2024-04-24 10:35:00,126806.75216166375,126654.67640976483,126655.0,126720.0,126720.0,126540.0,13070623.5
2024-04-24 10:40:00,126752.14291312068,126627.85708687932,126600.0,126740.0,126740.0,126560.0,12677985.0
2024-04-24 10:45:00,126705.88685081294,126558.39886347277,126440.0,126645.0,126645.0,126375.0,13484477.5
2024-04-24 10:50:00,126678.5132956619,126532.91527576667,126530.0,126580.0,126585.0,126415.0,13346712.0
2024-04-24 10:55:00,126645.92368255834,126508.36203172737,126505.0,126550.0,126555.0,126390.0,13115039.0
2024-04-24 11:00:00,126627.164237981,126497.12147630472,126540.0,126645.0,126645.0,126470.0,13314328.0
2024-04-24 11:05:00,126638.50355355248,126495.78216073323,126700.0,126730.0,126730.0,126530.0,13818150.0
2024-04-24 11:10:00,126609.2178392669,126466.49644644739,126450.0,126740.0,126740.0,126385.0,14354834.5
2024-04-24 11:15:00,126604.76951776183,126465.23048223817,126580.0,126660.0,126660.0,126425.0,14290436.5
2024-04-24 11:20:00,126605.25002150534,126473.32140706608,126470.0,126650.0,126650.0,126440.0,15047602.0
2024-04-24 11:25:00,126599.33075744154,126437.81209970133,126385.0,126490.0,126510.0,126340.0,14717203.5
2024-04-24 11:30:00,126593.46689886054,126425.10452971088,126440.0,126605.0,126605.0,126395.0,13913183.5
2024-04-24 11:35:00,126579.65634512277,126406.05794059152,126425.0,126480.0,126485.0,126295.0,14891773.0
2024-04-24 11:40:00,126503.44261960963,126366.55738039037,126295.0,126430.0,126435.0,126280.0,15123200.0
2024-04-24 11:45:00,126501.10261576946,126364.61166994483,126435.0,126460.0,126465.0,126255.0,14003990.0
2024-04-24 11:50:00,126490.32162089145,126366.82123625142,126550.0,126560.0,126560.0,126405.0,14075922.0
2024-04-24 11:55:00,126486.3389840071,126365.08958742148,126450.0,126530.0,126550.0,126400.0,14583112.5
2024-04-24 12:00:00,126489.76274717656,126371.66582425202,126420.0,126470.0,126485.0,126340.0,14094046.0
2024-04-24 12:05:00,126482.28237739518,126359.1461940334,126370.0,126450.0,126455.0,126330.0,13232751.0
2024-04-24 12:10:00,126474.34382173057,126339.94189255514,126330.0,126415.0,126425.0,126320.0,14026908.0
2024-04-24 12:15:00,126474.68252013657,126359.60319414914,126365.0,126415.0,126420.0,126300.0,13824783.5
2024-04-24 12:20:00,126470.37897505038,126293.90673923533,126190.0,126380.0,126385.0,126155.0,13892665.0
2024-04-24 12:25:00,126414.91679680636,126235.08320319364,126150.0,126320.0,126325.0,126145.0,14188106.0
2024-04-24 12:30:00,126374.01206545091,126205.98793454909,126205.0,126215.0,126225.0,126115.0,14270774.5
2024-04-24 12:35:00,126330.48297650015,126172.37416635698,126150.0,126210.0,126220.0,126085.0,13889232.0
2024-04-24 12:40:00,126292.28897713353,126119.13959429505,126050.0,126145.0,126155.0,126015.0,13883106.5
2024-04-24 12:45:00,126251.22144828111,126088.77855171889,126080.0,126115.0,126120.0,126005.0,13993292.5
2024-04-24 12:50:00,126191.85596383447,126098.14403616553,126190.0,126205.0,126210.0,126070.0,14304369.0
2024-04-24 12:55:00,126180.6207980394,126092.23634481773,126130.0,126230.0,126230.0,126130.0,14447774.0
2024-04-24 13:00:00,126185.60926963601,126094.39073036399,126175.0,126225.0,126225.0,126135.0,13843152.5
2024-04-24 13:05:00,126172.17576878777,126092.10994549794,126150.0,126190.0,126190.0,126125.0,14080074.5
2024-04-24 13:10:00,126185.60926963601,126094.39073036399,126205.0,126210.0,126220.0,126095.0,13840523.5
2024-04-24 13:15:00,126217.37012920211,126124.05844222647,126265.0,126285.0,126285.0,126190.0,15021848.5
2024-04-24 13:20:00,126231.4424132062,126155.70044393667,126240.0,126315.0,126315.0,126205.0,14356698.0
2024-04-24 13:25:00,126242.23008141851,126160.62706143862,126245.0,126285.0,126295.0,126215.0,14304562.5
2024-04-24 13:30:00,126243.9392618724,126178.91788098474,126200.0,126250.0,126255.0,126175.0,14212581.5
2024-04-24 13:35:00,126256.08211901515,126191.06073812772,126260.0,126280.0,126285.0,126200.0,13306022.5
2024-04-24 13:40:00,126260.44297496794,126218.12845360348,126260.0,126305.0,126305.0,126215.0,13951297.5
2024-04-24 13:45:00,126261.26017215462,126225.88268498825,126235.0,126290.0,126295.0,126150.0,14113758.5
2024-04-24 13:50:00,126265.72606647125,126225.70250495733,126280.0,126330.0,126330.0,126240.0,14055464.5
2024-04-24 13:55:00,126322.84713754353,126217.15286245647,126410.0,126450.0,126450.0,126275.0,15540739.0
2024-04-24 14:00:00,126376.99296730438,126224.4356041242,126460.0,126520.0,126520.0,126365.0,15730818.5
2024-04-24 14:05:00,126405.13195157975,126257.72519127738,126415.0,126580.0,126580.0,126390.0,14649043.0
2024-04-24 14:10:00,126432.29449780178,126281.99121648393,126440.0,126485.0,126485.0,126390.0,15348986.5
2024-04-24 14:15:00,126456.36594101384,126313.63405898616,126455.0,126470.0,126480.0,126350.0,15157608.0
2024-04-24 14:20:00,126489.05940781972,126366.65487789457,126535.0,126575.0,126575.0,126410.0,15571863.0
2024-04-24 14:25:00,126487.25368021386,126421.31774835756,126465.0,126535.0,126540.0,126420.0,14962375.0
2024-04-24 14:30:00,126487.29121622635,126422.70878377365,126415.0,126495.0,126495.0,126390.0,14920028.0
2024-04-24 14:35:00,126483.40778378284,126416.59221621716,126425.0,126475.0,126475.0,126390.0,14614678.5
2024-04-24 14:40:00,126483.27106902956,126415.30035954186,126410.0,126475.0,126485.0,126365.0,15574087.0
2024-04-24 14:45:00,126482.4118072791,126387.5881927209,126340.0,126400.0,126410.0,126340.0,15164991.0
2024-04-24 14:50:00,126473.49442212633,126356.50557787367,126315.0,126400.0,126400.0,126305.0,15224816.5
2024-04-24 14:55:00,126453.71390483872,126359.14323801841,126475.0,126515.0,126520.0,126315.0,14741570.0
2024-04-24 15:00:00,126437.76323756693,126352.23676243307,126385.0,126495.0,126500.0,126365.0,15436447.5
2024-04-24 15:05:00,126431.76795833721,126346.80347023421,126375.0,126395.0,126400.0,126250.0,16045058.0
2024-04-24 15:10:00,126420.76949501022,126337.8019335612,126355.0,126425.0,126430.0,126345.0,15697678.5
2024-04-24 15:15:00,126410.05652237989,126325.6577633344,126330.0,126405.0,126420.0,126280.0,15554900.0
2024-04-24 15:20:00,126416.39346104265,126333.60653895735,126390.0,126435.0,126435.0,126295.0,14558740.5
2024-04-24 15:25:00,126449.29577561711,126352.13279581147,126495.0,126500.0,126505.0,126355.0,14425618.5
2024-04-24 15:30:00,126430.38881866387,126348.18260990756,126395.0,126520.0,126520.0,126370.0,14984826.5
2024-04-24 15:35:00,126435.32499610198,126351.8178610409,126415.0,126455.0,126460.0,126380.0,14917026.0
2024-04-24 15:40:00,126464.63469189742,126359.6510223883,126505.0,126515.0,126520.0,126380.0,14590534.5
2024-04-24 15:45:00,126468.08243969102,126370.4889888804,126405.0,126490.0,126505.0,126375.0,14793265.5
2024-04-24 15:50:00,126467.8683436529,126389.27451348997,126395.0,126425.0,126425.0,126350.0,14888558.0
2024-04-24 15:55:00,126467.44992171382,126383.97864971476,126370.0,126445.0,126450.0,126370.0,15966145.5
2024-04-24 16:00:00,126444.46622251756,126359.81949176815,126330.0,126440.0,126445.0,126320.0,15492487.0
2024-04-24 16:05:00,126446.58254185949,126361.98888671193,126410.0,126430.0,126430.0,126320.0,15506117.5
2024-04-24 16:10:00,126439.53782147361,126343.31932138352,126325.0,126430.0,126435.0,126320.0,14949928.0
2024-04-24 16:15:00,126397.26745235415,126341.30397621727,126350.0,126365.0,126365.0,126280.0,14451457.0
2024-04-24 16:20:00,126411.79362995598,126339.6349414726,126450.0,126490.0,126495.0,126355.0,15879217.5
2024-04-24 16:25:00,126425.947819691,126341.19503745186,126450.0,126470.0,126470.0,126410.0,16032508.5
2024-04-24 16:30:00,126449.97845195416,126348.59297661726,126480.0,126515.0,126515.0,126420.0,15997913.0
2024-04-24 16:35:00,126457.58811364674,126368.12617206755,126425.0,126490.0,126490.0,126390.0,14641147.0
2024-04-24 16:40:00,126478.9132755935,126373.94386726363,126505.0,126525.0,126525.0,126400.0,15630907.5
2024-04-24 16:45:00,126492.38710059394,126409.04147083464,126495.0,126560.0,126560.0,126475.0,15257211.5
2024-04-24 16:50:00,126500.72698257628,126447.84444599514,126515.0,126560.0,126560.0,126455.0,15711285.0
2024-04-24 16:55:00,126500.3510638151,126443.9346504706,126435.0,126555.0,126555.0,126400.0,14911646.0
2024-04-24 17:00:00,126508.16809862576,126397.54618708853,126315.0,126450.0,126450.0,126300.0,14975798.0
2024-04-24 17:05:00,126503.65505298562,126326.34494701438,126215.0,126320.0,126320.0,126200.0,16639656.0
2024-04-24 17:10:00,126492.86267607714,126267.13732392286,126180.0,126230.0,126235.0,126135.0,15681870.0
2024-04-24 17:15:00,126450.91123235683,126204.80305335746,126140.0,126190.0,126195.0,126115.0,15781913.5
2024-04-24 17:20:00,126395.69072888319,126160.0235568311,126145.0,126160.0,126165.0,126110.0,16169921.0
2024-04-24 17:25:00,126316.86472137609,126147.42099290963,126195.0,126200.0,126200.0,126125.0,13978568.5
2024-04-24 17:30:00,126244.90528171456,126152.23757542831,126200.0,126235.0,126235.0,126150.0,14802127.0
2024-04-24 17:35:00,126201.41144993075,126157.15997864067,126180.0,126210.0,126210.0,126165.0,12214742.0
2024-04-24 17:40:00,126189.78763579109,126151.6409356375,126155.0,126200.0,126200.0,126125.0,13235310.5
2024-04-24 17:45:00,126197.42815152522,126152.57184847478,126210.0,126230.0,126230.0,126150.0,13993787.0
2024-04-24 17:50:00,126213.40690242917,126163.7359547137,126235.0,126265.0,126265.0,126185.0,13404877.0
2024-04-24 17:55:00,126230.72698257913,126177.84444599229,126255.0,126265.0,126265.0,126210.0,14225806.0
2024-04-25 10:00:00,126254.59571648766,126075.40428351234,125920.0,125915.0,125970.0,125805.0,12677418.5
2024-04-25 10:05:00,126270.15016589161,125885.56411982268,125590.0,125915.0,125930.0,125560.0,13906095.0
2024-04-25 10:10:00,126234.77184997086,125720.94243574343,125480.0,125605.0,125605.0,125280.0,13886218.5
2024-04-25 10:15:00,126168.31670611331,125575.9690081724,125415.0,125510.0,125510.0,125310.0,13132387.5
2024-04-25 10:20:00,126056.6183058456,125471.95312272583,125455.0,125535.0,125535.0,125325.0,12566968.5
2024-04-25 10:25:00,125900.9228033781,125386.22005376477,125390.0,125495.0,125500.0,125300.0,11900011.5
2024-04-25 10:30:00,125667.61465085209,125339.52820629078,125275.0,125525.0,125525.0,125235.0,13415676.5
2024-04-25 10:35:00,125503.83472379363,125297.59384763495,125200.0,125390.0,125395.0,125185.0,13856494.5
2024-04-25 10:40:00,125454.08933296867,125294.48209560275,125405.0,125480.0,125485.0,125165.0,13710317.0
2024-04-25 10:45:00,125419.97099582563,125241.45757560295,125175.0,125445.0,125445.0,125100.0,13642982.0
2024-04-25 10:50:00,125391.54584163238,125184.16844408191,125115.0,125255.0,125255.0,125040.0,13703077.5
2024-04-25 10:55:00,125347.90967996599,125176.37603431972,125275.0,125280.0,125280.0,125065.0,13942855.5
2024-04-25 11:00:00,125333.99757228197,125176.00242771803,125340.0,125365.0,125365.0,125215.0,14006494.0
2024-04-25 11:05:00,125348.5116168293,125181.4883831707,125345.0,125465.0,125475.0,125320.0,13640885.5
2024-04-25 11:10:00,125390.55311685227,125205.16116886202,125430.0,125490.0,125490.0,125310.0,13369339.5
2024-04-25 11:15:00,125430.57722910911,125202.27991374802,125535.0,125625.0,125625.0,125380.0,14256467.5
2024-04-25 11:20:00,125469.83655268197,125248.73487588945,125475.0,125590.0,125590.0,125440.0,14108439.5
2024-04-25 11:25:00,125498.8426688508,125338.30018829207,125530.0,125630.0,125635.0,125465.0,13797880.0
2024-04-25 11:30:00,125517.96516500498,125386.32054928073,125510.0,125625.0,125625.0,125460.0,13193293.5
2024-04-25 11:35:00,125573.57349333352,125420.71222095219,125655.0,125690.0,125700.0,125500.0,13129139.0
2024-04-25 11:40:00,125587.08908161586,125472.91091838414,125575.0,125650.0,125655.0,125480.0,12768640.0
2024-04-25 11:45:00,125634.77168286037,125503.79974571105,125705.0,125745.0,125750.0,125550.0,13608714.5
2024-04-25 11:50:00,125686.39305949923,125516.4640833579,125760.0,125770.0,125785.0,125665.0,14257273.0
2024-04-25 11:55:00,125719.93838116023,125558.63304741119,125740.0,125805.0,125840.0,125695.0,14462374.0
2024-04-25 12:00:00,125760.7344338059,125594.97985190839,125800.0,125875.0,125890.0,125730.0,14331545.5
2024-04-25 12:05:00,125823.2838107311,125649.57333212603,125920.0,125915.0,125920.0,125780.0,14875095.0
2024-04-25 12:10:00,125881.79458831498,125676.77684025644,125955.0,125915.0,125990.0,125890.0,14974155.0
2024-04-25 12:15:00,125942.38026550862,125746.1911630628,126030.0,125915.0,126040.0,125910.0,14875981.0
2024-04-25 12:20:00,125993.25958446923,125792.45470124506,126045.0,125970.0,126085.0,125955.0,13570635.0
2024-04-25 12:25:00,126034.76565734335,125836.66291408523,126060.0,126015.0,126100.0,126010.0,13815295.0
2024-04-25 12:30:00,126043.33265776545,125899.52448509168,125990.0,125930.0,126080.0,125930.0,14453267.0
2024-04-25 12:35:00,126056.34816688376,125965.08040454482,126075.0,126005.0,126100.0,125990.0,13702048.0
2024-04-25 12:40:00,126079.24156109184,125996.47272462245,126110.0,126035.0,126115.0,126010.0,13261390.5
2024-04-25 12:45:00,126087.62325040938,126025.23389244775,126085.0,126075.0,126180.0,126045.0,14325814.0
2024-04-25 12:50:00,126091.24921864245,126031.60792421468,126065.0,126075.0,126175.0,126050.0,14299231.0
2024-04-25 12:55:00,126118.85996225932,126036.85432345497,126160.0,126045.0,126185.0,126030.0,13694037.5
2024-04-25 13:00:00,126126.45670548275,126043.54329451725,126110.0,126080.0,126190.0,126075.0,14177124.0
2024-04-25 13:05:00,126125.09282201905,126049.19289226666,126005.0,125990.0,126125.0,125980.0,14469048.0
2024-04-25 13:10:00,126129.18871749677,125997.9541396461,125910.0,125890.0,126005.0,125860.0,14521228.0
2024-04-25 13:15:00,126116.81636351693,125928.89792219736,125825.0,125910.0,125925.0,125795.0,14423431.0
2024-04-25 13:20:00,126095.09950575605,125904.90049424395,125925.0,125915.0,125955.0,125805.0,13710799.5
2024-04-25 13:25:00,126070.71879950423,125869.28120049577,125855.0,125855.0,125930.0,125840.0,13581493.0
2024-04-25 13:30:00,126006.40057840488,125847.88513588083,125860.0,125850.0,125875.0,125775.0,13955236.0
2024-04-25 13:35:00,125938.20911005272,125837.50517566157,125835.0,125825.0,125895.0,125785.0,14258704.5
2024-04-25 13:40:00,125894.10003631547,125828.75710654166,125820.0,125830.0,125855.0,125750.0,13750576.0
2024-04-25 13:45:00,125878.4592506709,125820.11217790052,125825.0,125840.0,125870.0,125810.0,13905204.5
2024-04-25 13:50:00,125883.1284847853,125826.8715152147,125865.0,125890.0,125905.0,125815.0,14512045.5
2024-04-25 13:55:00,125863.14292774555,125831.14278654016,125870.0,125890.0,125915.0,125810.0,14436573.0
2024-04-25 14:00:00,125881.7562023108,125829.67236911778,125915.0,125915.0,125945.0,125825.0,13883562.5
2024-04-25 14:05:00,125880.99876508965,125829.00123491035,125855.0,125880.0,125955.0,125855.0,14188511.0
2024-04-25 14:10:00,125881.46790951467,125812.81780477104,125780.0,125850.0,125905.0,125710.0,14131132.5
2024-04-25 14:15:00,125885.67224699905,125775.75632442953,125705.0,125785.0,125795.0,125655.0,14670647.5
2024-04-25 14:20:00,125881.29248145864,125738.70751854136,125680.0,125775.0,125795.0,125670.0,14384197.5
2024-04-25 14:25:00,125876.07459847284,125736.78254438429,125840.0,125875.0,125890.0,125675.0,13595288.5
2024-04-25 14:30:00,125883.72890564386,125737.69966578472,125900.0,125915.0,125935.0,125820.0,14626589.5
2024-04-25 14:35:00,125891.31631298193,125737.25511558949,125940.0,125895.0,126015.0,125885.0,15428885.0
2024-04-25 14:40:00,125892.32157404095,125737.67842595905,125860.0,125915.0,125945.0,125810.0,14941376.5
2024-04-25 14:45:00,125900.13416658944,125747.00869055343,125840.0,125820.0,125870.0,125780.0,14822802.5
2024-04-25 14:50:00,125912.9188042159,125782.7954814984,125875.0,125875.0,125900.0,125810.0,14612377.5
2024-04-25 14:55:00,125904.53043199115,125848.32671086598,125880.0,125915.0,125965.0,125845.0,15396799.5
2024-04-25 15:00:00,125904.53043199115,125848.32671086598,125840.0,125915.0,125920.0,125815.0,14512276.5
2024-04-25 15:05:00,125899.73362983127,125845.98065588302,125875.0,125875.0,125875.0,125765.0,14846256.0
2024-04-25 15:10:00,125907.95910649578,125843.4694649328,125960.0,125915.0,125995.0,125845.0,14607744.5
2024-04-25 15:15:00,125914.90583891698,125849.37987536873,125905.0,125915.0,126035.0,125875.0,14637334.0
2024-04-25 15:20:00,125938.70367913756,125862.72489229102,125970.0,125915.0,126010.0,125885.0,15089811.0
2024-04-25 15:25:00,125941.22616404592,125867.3452645255,125900.0,125915.0,126045.0,125885.0,14400257.0
2024-04-25 15:30:00,125947.96150238179,125874.89564047534,125930.0,125915.0,126000.0,125875.0,13752224.5
2024-04-25 15:35:00,125949.53795857709,125896.1763271372,125920.0,125915.0,125955.0,125870.0,13561133.5
2024-04-25 15:40:00,125949.31928182712,125904.96643245859,125905.0,125905.0,125975.0,125870.0,13109330.5
2024-04-25 15:45:00,125939.78763579392,125901.64093563466,125915.0,125915.0,125950.0,125850.0,16217120.5
2024-04-25 15:50:00,125939.74044372486,125893.11669913227,125875.0,125915.0,125925.0,125835.0,14111141.5
2024-04-25 15:55:00,125921.7540674057,125893.9602183086,125910.0,125915.0,125945.0,125845.0,14125751.5
2024-04-25 16:00:00,125924.71852401386,125896.71004741472,125920.0,125915.0,125980.0,125865.0,14014341.0
2024-04-25 16:05:00,125921.04930023875,125896.09355690412,125915.0,125915.0,125935.0,125865.0,13345815.0
2024-04-25 16:10:00,125917.70263704249,125893.7259343861,125900.0,125900.0,125915.0,125840.0,13456314.5
2024-04-25 16:15:00,125930.00006875588,125894.28564552983,125950.0,125915.0,125965.0,125815.0,14789767.5
2024-04-25 16:20:00,125984.9784519564,125883.59297661502,126070.0,125930.0,126155.0,125925.0,15857699.5
2024-04-25 16:25:00,126030.3951625972,125901.03340883138,126095.0,126030.0,126165.0,126025.0,13868550.0
2024-04-25 16:30:00,126045.61463906054,125918.67107522517,126025.0,126025.0,126110.0,126015.0,13564373.0
2024-04-25 16:35:00,126052.49843723213,125933.21584848216,125995.0,125980.0,126030.0,125975.0,13948759.5
2024-04-25 16:40:00,126053.49867872921,125942.21560698508,125950.0,125930.0,126010.0,125925.0,14536516.0
2024-04-25 16:45:00,126053.7182648725,125940.56744941321,125895.0,125915.0,125985.0,125885.0,13072658.5
2024-04-25 16:50:00,126052.57953120302,125928.84904022556,125905.0,125915.0,125925.0,125845.0,14980730.5
2024-04-25 16:55:00,126031.14690816055,125920.28166326803,125965.0,125915.0,125995.0,125905.0,13930634.5
2024-04-25 17:00:00,126031.14690816055,125920.28166326803,126095.0,125945.0,126115.0,125940.0,15528558.5
2024-04-25 17:05:00,126037.4850645225,125921.08636404893,126050.0,126000.0,126125.0,125995.0,16074741.5
2024-04-25 17:10:00,126038.3599004734,125921.6400995266,126000.0,125985.0,126060.0,125985.0,14064083.5
2024-04-25 17:15:00,126050.40092313626,125932.45621972087,126030.0,125990.0,126070.0,125990.0,14619612.5
2024-04-25 17:20:00,126051.14795096988,125950.2806204587,125960.0,125935.0,126055.0,125935.0,14676107.0
2024-04-25 17:25:00,126051.75615436638,125946.81527420504,125895.0,125915.0,125995.0,125870.0,14494217.0
2024-04-25 17:30:00,126049.99792527719,125930.00207472281,125900.0,125915.0,125950.0,125880.0,15298717.0
2024-04-25 17:35:00,126014.7713003813,125913.80012819012,125915.0,125915.0,125950.0,125895.0,13763201.5
2024-04-25 17:40:00,125985.74581920216,125891.39703794071,125870.0,125915.0,125930.0,125815.0,14098375.0
2024-04-25 17:45:00,125966.40095415621,125879.31333155808,125890.0,125915.0,125915.0,125840.0,11732014.5
2024-04-25 17:50:00,125925.96618000425,125881.17667713862,125895.0,125915.0,125935.0,125865.0,11972482.0
2024-04-25 17:55:00,125904.88201995815,125883.68940861327,125895.0,125900.0,125910.0,125880.0,9958133.5
2024-04-26 10:00:00,126299.68763498602,125750.31236501398,126810.0,126790.0,127025.0,126785.0,12615465.5
2024-04-26 10:05:00,126542.53545442031,125794.60740272255,126905.0,126750.0,126945.0,126730.0,11578622.0
2024-04-26 10:10:00,126689.46619773764,125890.53380226236,126765.0,126750.0,126985.0,126750.0,11570324.0
2024-04-26 10:15:00,126861.18414708476,126033.10156720095,126970.0,126775.0,127085.0,126765.0,12071062.0
2024-04-26 10:20:00,127008.89066718682,126216.82361852747,127050.0,126930.0,127155.0,126925.0,11966209.5
2024-04-26 10:25:00,127129.52089700331,126461.90767442527,127175.0,127030.0,127235.0,127030.0,12319631.5
2024-04-26 10:30:00,127276.55846280023,126810.58439434264,127630.0,127115.0,127630.0,127115.0,13154868.5
2024-04-26 10:35:00,127460.20909694412,126884.07661734159,127710.0,127500.0,127735.0,127500.0,13336675.5
2024-04-26 10:40:00,127617.70868480534,126976.57702948037,127780.0,127660.0,127805.0,127650.0,13257432.5
2024-04-26 10:45:00,127743.70568524304,127156.29431475696,127835.0,127715.0,127870.0,127705.0,14517010.0
2024-04-26 10:50:00,127824.01467039608,127314.55675817534,127805.0,127810.0,127920.0,127805.0,14652135.0
2024-04-26 10:55:00,127843.81936283293,127484.75206573849,127715.0,127705.0,127880.0,127705.0,14353968.5
2024-04-26 11:00:00,127812.72798810122,127697.27201189878,127810.0,127725.0,127865.0,127710.0,15337831.0
2024-04-26 11:05:00,127809.36836652915,127716.34591918514,127685.0,127615.0,127820.0,127610.0,14432868.0
2024-04-26 11:10:00,127812.73980371129,127685.83162486013,127615.0,127575.0,127725.0,127575.0,14805158.5
2024-04-26 11:15:00,127799.89885257695,127644.38686170876,127590.0,127545.0,127695.0,127545.0,14075364.5
2024-04-26 11:20:00,127764.59298886,127626.83558256859,127650.0,127540.0,127675.0,127540.0,13986452.5
2024-04-26 11:25:00,127732.54616721513,127617.45383278487,127660.0,127630.0,127715.0,127625.0,14821245.0
2024-04-26 11:30:00,127747.89836392472,127619.24449321815,127775.0,127595.0,127785.0,127595.0,14696993.0
2024-04-26 11:35:00,127709.59313730088,127616.12114841341,127665.0,127620.0,127805.0,127620.0,13985442.5
2024-04-26 11:40:00,127707.76242456085,127615.09471829628,127675.0,127655.0,127750.0,127650.0,14263733.5
2024-04-26 11:45:00,127728.98810084774,127631.01189915226,127745.0,127600.0,127775.0,127600.0,13103801.5
2024-04-26 11:50:00,127734.09144491605,127658.76569794108,127705.0,127695.0,127780.0,127690.0,12863358.5
2024-04-26 11:55:00,127742.71238500337,127673.00190071092,127730.0,127680.0,127750.0,127680.0,12758422.0
2024-04-26 12:00:00,127759.63144892483,127688.93997964659,127775.0,127650.0,127785.0,127645.0,13768807.5
2024-04-26 12:05:00,127744.5131246918,127682.62973245107,127700.0,127695.0,127800.0,127690.0,12442710.0
2024-04-26 12:10:00,127745.23821281151,127691.90464433136,127700.0,127615.0,127710.0,127615.0,14400519.0
2024-04-26 12:15:00,127745.96617997794,127701.17667716493,127710.0,127665.0,127750.0,127665.0,14417608.5
2024-04-26 12:20:00,127759.75782714039,127700.24217285961,127790.0,127695.0,127820.0,127690.0,14859286.5
2024-04-26 12:25:00,127786.51589221612,127707.76982206959,127825.0,127785.0,127860.0,127785.0,14034588.5
2024-04-26 12:30:00,127794.22502534073,127714.3464032307,127780.0,127765.0,127835.0,127765.0,13150140.0
2024-04-26 12:35:00,127812.65101084334,127715.92041772808,127845.0,127765.0,127860.0,127765.0,14200461.0
2024-04-26 12:40:00,127831.33299280859,127737.23843576283,127840.0,127815.0,127890.0,127815.0,14205054.0
2024-04-26 12:45:00,127867.43033638435,127763.99823504423,127920.0,127820.0,127945.0,127820.0,14400419.5
2024-04-26 12:50:00,127913.08992260613,127796.91007739387,127985.0,127890.0,127990.0,127885.0,13432463.0
2024-04-26 12:55:00,127944.10521875978,127818.75192409735,127975.0,127940.0,128010.0,127935.0,14127666.5
2024-04-26 13:00:00,127959.14496269182,127836.56932302247,127940.0,127900.0,127980.0,127885.0,14007151.5
2024-04-26 13:05:00,127957.65112457564,127859.49173256723,127855.0,127850.0,127955.0,127850.0,12868763.0
2024-04-26 13:10:00,127961.10582095466,127873.17989333105,127905.0,127870.0,127945.0,127855.0,14530740.0
2024-04-26 13:15:00,127962.3719213702,127891.91379291551,127910.0,127910.0,127955.0,127900.0,14455278.5
2024-04-26 13:20:00,127962.3719213702,127891.91379291551,127920.0,127880.0,127930.0,127880.0,15003240.5
2024-04-26 13:25:00,127979.80462777006,127888.76680080136,128035.0,127935.0,128050.0,127920.0,14655100.0
2024-04-26 13:30:00,127983.54739269798,127889.30975015915,127990.0,127980.0,128060.0,127975.0,14505118.5
2024-04-26 13:35:00,128005.69532179492,127894.30467820508,128035.0,127940.0,128090.0,127935.0,14746130.0
2024-04-26 13:40:00,128030.65526168673,127926.48759545614,128055.0,128020.0,128100.0,128015.0,15071738.5
2024-04-26 13:45:00,128056.15587298946,127950.98698415341,128080.0,128050.0,128110.0,128050.0,14229172.0
2024-04-26 13:50:00,128055.3554476816,127961.78740946126,127945.0,127960.0,128100.0,127935.0,15283252.5
2024-04-26 13:55:00,128054.1593742019,127974.41205436952,127960.0,127935.0,127985.0,127935.0,14331619.0
2024-04-26 14:00:00,128045.37659849877,127953.19483007265,127930.0,127880.0,127980.0,127870.0,14418451.5
2024-04-26 14:05:00,128042.2703287472,127946.30109982422,127955.0,127915.0,127980.0,127905.0,15148774.0
2024-04-26 14:10:00,128028.50707121732,127912.92150021126,127870.0,127865.0,127975.0,127865.0,13739124.5
2024-04-26 14:15:00,128000.39680584172,127885.31747987257,127860.0,127820.0,127910.0,127820.0,13911975.5
2024-04-26 14:20:00,127950.51303632726,127886.62982081561,127910.0,127870.0,127965.0,127865.0,15004670.5
2024-04-26 14:25:00,127941.80068821108,127878.19931178892,127885.0,127815.0,127925.0,127815.0,14501367.0
2024-04-26 14:30:00,127950.03257543311,127877.11028170976,127985.0,127890.0,128000.0,127880.0,16029453.0
2024-04-26 14:35:00,127978.57202514137,127877.14226057292,128030.0,127970.0,128030.0,127970.0,15130066.0
2024-04-26 14:40:00,128012.4400256431,127877.5599743569,128075.0,127970.0,128080.0,127960.0,14850438.0
2024-04-26 14:45:00,128038.75103958114,127902.67753184744,128050.0,128030.0,128085.0,128030.0,14393479.5
2024-04-26 14:50:00,128063.00881989642,127939.84832296071,128075.0,128030.0,128105.0,128030.0,14650531.0
2024-04-26 14:55:00,128070.5482423324,127965.16604338189,128025.0,128005.0,128080.0,128005.0,16070495.0
2024-04-26 15:00:00,128062.15555398443,128009.27301744415,128010.0,127965.0,128050.0,127965.0,16998538.5
2024-04-26 15:05:00,128063.22464765214,128023.91820949073,128040.0,127990.0,128090.0,127990.0,15389975.0
2024-04-26 15:10:00,128072.36120067844,128029.06737075014,128080.0,128030.0,128135.0,128025.0,15408067.5
2024-04-26 15:15:00,128079.81965948056,128028.75176909086,128100.0,128055.0,128140.0,128050.0,16907956.0
2024-04-26 15:20:00,128114.296706697,128028.56043616013,128170.0,128100.0,128180.0,128100.0,15941423.0
2024-04-26 15:25:00,128123.17003141463,128032.54425429966,128120.0,128100.0,128210.0,128095.0,16429632.5
2024-04-26 15:30:00,128135.08078185131,128049.2049324344,128125.0,128095.0,128165.0,128095.0,15798020.5
2024-04-26 15:35:00,128160.19931316566,128076.9435439772,128195.0,128125.0,128210.0,128125.0,14100156.0
2024-04-26 15:40:00,128170.46089518885,128103.82481909686,128170.0,128140.0,128220.0,128135.0,15433240.5
2024-04-26 15:45:00,128190.04854114488,128122.80860171226,128215.0,128145.0,128215.0,128140.0,15214710.0
2024-04-26 15:50:00,128193.67845684302,128139.17868601411,128170.0,128165.0,128220.0,128165.0,14190507.5
2024-04-26 15:55:00,128191.69992210642,128136.871506465,128155.0,128145.0,128250.0,128145.0,15191044.0
2024-04-26 16:00:00,128194.0560881911,128148.80105466604,128170.0,128130.0,128240.0,128130.0,13972773.5
2024-04-26 16:05:00,128193.85721341304,128161.85707230125,128170.0,128100.0,128195.0,128100.0,15108865.0
2024-04-26 16:10:00,128188.70598016016,128158.43687698271,128165.0,128140.0,128190.0,128140.0,12817069.0
2024-04-26 16:15:00,128187.516287731,128151.05514084041,128140.0,128135.0,128210.0,128135.0,13869190.0
2024-04-26 16:20:00,128172.07993726167,128136.49149130975,128110.0,128085.0,128170.0,128080.0,14094521.0
2024-04-26 16:25:00,128171.4102514474,128104.30403426688,128055.0,128050.0,128140.0,128050.0,18470271.5
2024-04-26 16:30:00,128170.88760101734,128051.96954183979,127970.0,127940.0,128070.0,127935.0,16896936.0
2024-04-26 16:35:00,128150.74839603718,128024.96588967711,128005.0,127975.0,128045.0,127960.0,16461914.0
2024-04-26 16:40:00,128124.07132341467,127984.50010515675,127935.0,127935.0,128020.0,127935.0,16151452.5
2024-04-26 16:45:00,128086.89394357333,127953.10605642667,127925.0,127895.0,127965.0,127895.0,16298053.5
2024-04-26 16:50:00,128046.31250656732,127917.97320771839,127875.0,127860.0,127940.0,127855.0,15373185.0
2024-04-26 16:55:00,128001.33834412057,127898.66165587943,127885.0,127855.0,127900.0,127850.0,16636796.5
2024-04-26 17:00:00,127964.05061031834,127883.09224682453,127870.0,127785.0,127890.0,127785.0,16797037.5
2024-04-26 17:05:00,127959.18339926425,127882.24517216433,127950.0,127865.0,127955.0,127860.0,17421725.0
2024-04-26 17:10:00,127942.22720354685,127884.91565359602,127955.0,127935.0,127980.0,127930.0,18055020.0
2024-04-26 17:15:00,127935.08434640405,127877.77279645308,127885.0,127850.0,127955.0,127850.0,17445319.5
2024-04-26 17:20:00,127930.78532729206,127874.92895842223,127900.0,127865.0,127915.0,127865.0,16997513.0
2024-04-26 17:25:00,127931.42312793249,127861.43401492464,127830.0,127825.0,127900.0,127825.0,14998169.5
2024-04-26 17:30:00,127931.99809928746,127862.28761499825,127890.0,127825.0,127900.0,127825.0,15664209.5
2024-04-26 17:35:00,127931.72132187424,127861.13582098289,127865.0,127855.0,127885.0,127850.0,14781675.0
2024-04-26 17:40:00,127913.93926185495,127848.91788100218,127845.0,127840.0,127880.0,127840.0,14729680.0
2024-04-26 17:45:00,127889.95559405591,127850.04440594409,127875.0,127840.0,127890.0,127840.0,15216610.5
2024-04-26 17:50:00,127903.29112912831,127849.56601372882,127930.0,127875.0,127965.0,127870.0,15506110.0
2024-04-26 17:55:00,127919.85312062805,127848.71830794337,127955.0,127910.0,127965.0,127910.0,14867822.5
2024-04-29 10:00:00,127973.45861909397,127859.39852376316,128055.0,127990.0,128090.0,127845.0,13422451.0
2024-04-29 10:05:00,128009.16609437639,127870.83390562361,128055.0,128025.0,128150.0,128015.0,13999870.5
2024-04-29 10:10:00,128011.28021972885,127880.14835169973,127905.0,127990.0,128055.0,127905.0,14268585.5
2024-04-29 10:15:00,128020.5540226536,127909.4459773464,127980.0,127990.0,128000.0,127860.0,13381302.5
2024-04-29 10:20:00,128021.29795424492,127925.84490289795,127935.0,127990.0,128070.0,127920.0,13706597.5
2024-04-29 10:25:00,128021.85596382132,127928.14403617868,127940.0,127990.0,127990.0,127860.0,13190674.5
2024-04-29 10:30:00,128023.54128710319,127930.74442718252,127970.0,127990.0,128010.0,127870.0,13292954.5
2024-04-29 10:35:00,128046.3703276156,127926.48681524153,128120.0,127990.0,128165.0,127925.0,14351935.5
2024-04-29 10:40:00,128045.07251585924,127926.35605556934,128050.0,127990.0,128145.0,127990.0,13678514.0
2024-04-29 10:45:00,128140.32785948113,127939.67214051887,128285.0,127990.0,128300.0,127980.0,13899116.0
2024-04-29 10:50:00,128199.63636414403,127963.2207787131,128270.0,128210.0,128350.0,128210.0,14353533.5
2024-04-29 10:55:00,128236.42747209982,128010.71538504305,128230.0,128170.0,128370.0,128170.0,13674763.0
2024-04-29 11:00:00,128247.1108026005,128061.46062597093,128155.0,128130.0,128335.0,128130.0,12978376.5
2024-04-29 11:05:00,128243.94388079453,128097.48469063405,128085.0,128030.0,128160.0,128030.0,14231844.0
2024-04-29 11:10:00,128243.60683322114,128096.39316677886,128115.0,128025.0,128145.0,128025.0,14576714.5
2024-04-29 11:15:00,128246.37935344293,128123.62064655707,128155.0,128080.0,128170.0,128080.0,13632789.0
2024-04-29 11:20:00,128233.39984419194,128123.74301295093,128240.0,128160.0,128295.0,128150.0,13347743.5
2024-04-29 11:25:00,128227.27813409516,128124.15043733342,128250.0,128180.0,128320.0,128180.0,13518765.0
2024-04-29 11:30:00,128211.95219954586,128115.190657597,128145.0,128100.0,128260.0,128100.0,13791121.0
2024-04-29 11:35:00,128210.29427832604,128112.5628645311,128140.0,128085.0,128175.0,128080.0,13491282.5
2024-04-29 11:40:00,128215.94801496911,128134.05198503089,128180.0,128115.0,128245.0,128115.0,13752904.5
2024-04-29 11:45:00,128252.44276555923,128151.84294872648,128305.0,128125.0,128340.0,128125.0,14679591.0
2024-04-29 11:50:00,128256.83153141664,128161.73989715478,128205.0,128195.0,128345.0,128195.0,14838649.0
2024-04-29 11:55:00,128276.99722461194,128163.00277538806,128315.0,128190.0,128405.0,128190.0,14409001.0
2024-04-29 12:00:00,128329.2611751534,128160.7388248466,128425.0,128240.0,128465.0,128240.0,14584070.5
2024-04-29 12:05:00,128351.89487004734,128192.39084423837,128335.0,128315.0,128455.0,128315.0,14328403.0
2024-04-29 12:10:00,128369.26580415553,128235.01991013018,128350.0,128260.0,128365.0,128260.0,13587738.5
2024-04-29 12:15:00,128372.047890915,128267.952109085,128305.0,128275.0,128375.0,128270.0,13640916.0
2024-04-29 12:20:00,128370.13144872051,128264.1542655652,128285.0,128250.0,128320.0,128245.0,13046079.0
2024-04-29 12:25:00,128367.68274310812,128292.31725689188,128295.0,128215.0,128315.0,128215.0,13892254.5
2024-04-29 12:30:00,128369.27961253824,128253.57753031889,128185.0,128155.0,128310.0,128155.0,13644286.0
2024-04-29 12:35:00,128335.91164447104,128195.51692695754,128105.0,128105.0,128230.0,128105.0,13919569.0
2024-04-29 12:40:00,128312.09638315863,128160.7607596985,128130.0,128100.0,128180.0,128100.0,13481303.5
2024-04-29 12:45:00,128274.12254585567,128127.3060255729,128100.0,128065.0,128160.0,128065.0,13387866.0
2024-04-29 12:50:00,128239.86025333552,128102.99688952162,128100.0,128085.0,128170.0,128085.0,14569043.0
2024-04-29 12:55:00,128204.43255057457,128091.28173513972,128120.0,128050.0,128170.0,128050.0,13362572.0
2024-04-29 13:00:00,128147.10699767644,128100.03585946643,128125.0,128090.0,128175.0,128090.0,13710497.5
2024-04-29 13:05:00,128133.17742785222,128103.96542929065,128150.0,128090.0,128155.0,128090.0,13106834.5
2024-04-29 13:10:00,128151.76387287049,128106.80755570093,128180.0,128140.0,128195.0,128140.0,13521963.0
2024-04-29 13:15:00,128156.63005143516,128109.08423427913,128155.0,128155.0,128220.0,128155.0,13921204.0
2024-04-29 13:20:00,128207.92110235088,128110.65032622054,128285.0,128165.0,128305.0,128160.0,13899634.0
2024-04-29 13:25:00,128261.07801783434,128126.06483930853,128340.0,128230.0,128345.0,128230.0,14060053.5
2024-04-29 13:30:00,128293.31974896547,128150.96596532024,128320.0,128290.0,128350.0,128290.0,13486149.5
2024-04-29 13:35:00,128352.37412526537,128180.48301759176,128435.0,128310.0,128475.0,128305.0,13816714.5
2024-04-29 13:40:00,128395.05175639094,128219.23395789477,128435.0,128375.0,128485.0,128375.0,13100335.5
2024-04-29 13:45:00,128418.52926761501,128260.04216095641,128405.0,128395.0,128455.0,128390.0,12637110.0
2024-04-29 13:50:00,128422.30116112299,128327.69883887701,128405.0,128400.0,128460.0,128400.0,13022648.0
2024-04-29 13:55:00,128447.29429718798,128358.41998852631,128480.0,128375.0,128480.0,128375.0,13342791.5
2024-04-29 14:00:00,128477.05109297998,128378.66319273431,128515.0,128455.0,128520.0,128455.0,14068909.0
2024-04-29 14:05:00,128493.49622020918,128417.9323512194,128515.0,128440.0,128520.0,128440.0,13323094.5
2024-04-29 14:10:00,128501.78674666595,128425.35611047692,128490.0,128475.0,128545.0,128475.0,13788605.0
2024-04-29 14:15:00,128514.44900819151,128435.55099180849,128515.0,128485.0,128560.0,128480.0,13751354.5
2024-04-29 14:20:00,128520.70752745347,128457.86390111795,128505.0,128495.0,128560.0,128490.0,14150065.5
2024-04-29 14:25:00,128522.3085769402,128493.4057087741,128535.0,128475.0,128570.0,128470.0,14703814.5
2024-04-29 14:30:00,128522.02804411024,128499.40052731834,128500.0,128485.0,128550.0,128485.0,13365149.0
2024-04-29 14:35:00,128535.8596645248,128498.4260497609,128560.0,128500.0,128585.0,128500.0,13895909.5
2024-04-29 14:40:00,128535.26497624055,128497.59216661658,128510.0,128510.0,128570.0,128505.0,13535244.0
2024-04-29 14:45:00,128539.81123178065,128505.90305393364,128535.0,128515.0,128550.0,128515.0,13766101.0
2024-04-29 14:50:00,128541.01759060347,128507.55383796795,128525.0,128525.0,128590.0,128520.0,14333314.5
2024-04-29 14:55:00,128545.05013027355,128513.52129829787,128540.0,128500.0,128555.0,128495.0,13418356.5
2024-04-29 15:00:00,128557.72129287045,128513.70727855813,128580.0,128490.0,128600.0,128490.0,13936037.5
2024-04-29 15:05:00,128570.15139373836,128525.56289197593,128585.0,128565.0,128630.0,128555.0,14105917.0
2024-04-29 15:10:00,128580.82131398101,128526.32154316186,128600.0,128540.0,128630.0,128530.0,14168689.0
2024-04-29 15:15:00,128590.5196010906,128540.90897033799,128595.0,128575.0,128630.0,128575.0,13889392.5
2024-04-29 15:20:00,128607.82369840331,128550.7477301681,128630.0,128590.0,128675.0,128585.0,15204274.0
2024-04-29 15:25:00,128617.54813105309,128569.59472608978,128625.0,128620.0,128690.0,128610.0,15604276.0
2024-04-29 15:30:00,128618.02197430046,128567.69231141383,128535.0,128455.0,128645.0,128455.0,15374119.0
2024-04-29 15:35:00,128627.99965071752,128512.00034928248,128420.0,128370.0,128560.0,128370.0,14450632.0
2024-04-29 15:40:00,128619.86678210045,128500.13321789955,128515.0,128425.0,128520.0,128410.0,15208273.5
2024-04-29 15:45:00,128611.78363910785,128495.35921803502,128555.0,128505.0,128570.0,128500.0,14730540.0
2024-04-29 15:50:00,128605.93384531263,128492.6375832588,128565.0,128550.0,128600.0,128550.0,13153308.5
2024-04-29 15:55:00,128583.51008738542,128485.061341186,128525.0,128525.0,128590.0,128525.0,13524247.0
2024-04-29 16:00:00,128557.19509648744,128435.66204636969,128360.0,128290.0,128530.0,128290.0,14702153.5
2024-04-29 16:05:00,128542.34205885368,128400.51508400345,128360.0,128260.0,128390.0,128260.0,14243480.5
2024-04-29 16:10:00,128543.07049493572,128402.64379077857,128430.0,128315.0,128470.0,128310.0,13724599.0
2024-04-29 16:15:00,128533.01210293967,128395.55932563175,128455.0,128395.0,128495.0,128395.0,12947340.5
2024-04-29 16:20:00,128523.84496146135,128394.72646711007,128520.0,128435.0,128550.0,128435.0,12874599.5
2024-04-29 16:25:00,128504.57636623361,128393.99506233781,128495.0,128475.0,128565.0,128475.0,13711593.5
2024-04-29 16:30:00,128518.58768304944,128392.84088837914,128570.0,128495.0,128575.0,128490.0,13213024.0
2024-04-29 16:35:00,128528.68330051124,128421.31669948876,128495.0,128485.0,128575.0,128485.0,13007468.5
2024-04-29 16:40:00,128530.60947306483,128459.39052693517,128500.0,128465.0,128555.0,128465.0,14971925.5
2024-04-29 16:45:00,128539.97748847422,128481.45108295436,128540.0,128495.0,128560.0,128495.0,12685961.0
2024-04-29 16:50:00,128565.69596572909,128498.58974855662,128605.0,128535.0,128605.0,128530.0,13409860.5
2024-04-29 16:55:00,128570.04854114099,128502.80860171614,128550.0,128515.0,128615.0,128515.0,14629539.0
2024-04-29 17:00:00,128593.98134889013,128516.01865110987,128625.0,128540.0,128635.0,128540.0,16087102.0
2024-04-29 17:05:00,128630.44232001444,128515.27196569985,128695.0,128630.0,128720.0,128630.0,17011714.0
2024-04-29 17:10:00,128668.1103159279,128540.46111264352,128715.0,128665.0,128730.0,128665.0,17914467.0
2024-04-29 17:15:00,128671.35478810318,128565.78806903969,128600.0,128595.0,128720.0,128595.0,15348847.5
2024-04-29 17:20:00,128676.50129128581,128586.35585157132,128630.0,128595.0,128645.0,128595.0,14122118.5
2024-04-29 17:25:00,128677.9411516716,128589.20170547126,128620.0,128570.0,128630.0,128565.0,14185441.5
2024-04-29 17:30:00,128676.89605714676,128598.81822856753,128580.0,128560.0,128625.0,128560.0,13926289.0
2024-04-29 17:35:00,128674.28010691416,128590.00560737155,128585.0,128550.0,128615.0,128550.0,13321147.5
2024-04-29 17:40:00,128656.72094158661,128584.70762984197,128615.0,128560.0,128635.0,128560.0,12513205.0
2024-04-29 17:45:00,128618.01640392469,128587.6978817896,128590.0,128555.0,128620.0,128555.0,12344413.5
2024-04-29 17:50:00,128632.36120066982,128589.06737075876,128655.0,128580.0,128680.0,128580.0,12747902.5
2024-04-29 17:55:00,128634.90231389015,128589.38340039556,128640.0,128620.0,128665.0,128620.0,10497950.5
2024-04-30 10:00:00,128673.53834251249,128437.89022891609,128225.0,128270.0,128270.0,128185.0,14759186.5
2024-04-30 10:05:00,128655.82482855847,128369.88945715582,128280.0,128320.0,128375.0,128220.0,14753338.5
2024-04-30 10:10:00,128624.55159642253,128302.59126072034,128240.0,128315.0,128315.0,128105.0,14694158.5
2024-04-30 10:15:00,128571.97623895927,128226.59518961216,128165.0,128320.0,128340.0,128160.0,14875433.5
2024-04-30 10:20:00,128508.40602447763,128124.4511183795,128010.0,128195.0,128195.0,127960.0,14819686.5
2024-04-30 10:25:00,128393.27861332361,128035.29281524781,127940.0,128110.0,128115.0,127940.0,15145736.5
2024-04-30 10:30:00,128231.14900843448,127993.13670585123,127925.0,128060.0,128065.0,127885.0,14422295.5
2024-04-30 10:35:00,128192.28074340828,127944.86211373459,127920.0,128100.0,128100.0,127840.0,14586262.5
2024-04-30 10:40:00,128140.17105627053,127939.82894372947,128080.0,128170.0,128170.0,127900.0,14366204.0
2024-04-30 10:45:00,128093.32188563852,127942.39240007577,128085.0,128185.0,128185.0,128045.0,13708642.5
2024-04-30 10:50:00,128042.04586034421,127910.81128251292,127875.0,128110.0,128115.0,127825.0,13323492.5
2024-04-30 10:55:00,128027.59403697633,127879.54882016654,127850.0,127925.0,127925.0,127815.0,13539952.0
2024-04-30 11:00:00,128024.38119120646,127819.90452307925,127720.0,128010.0,128010.0,127690.0,14109065.5
2024-04-30 11:05:00,128011.92353109768,127768.07646890232,127700.0,127850.0,127850.0,127660.0,13645633.5
2024-04-30 11:10:00,127993.74700982127,127737.68156160731,127750.0,127775.0,127775.0,127670.0,13705545.0
2024-04-30 11:15:00,127952.3437884473,127736.22764012413,127930.0,127955.0,127955.0,127725.0,14584387.0
2024-04-30 11:20:00,127871.34914083783,127735.79371630504,127800.0,127970.0,127970.0,127760.0,14295821.5
2024-04-30 11:25:00,127847.06007194743,127702.93992805257,127675.0,127835.0,127835.0,127650.0,14089130.0
2024-04-30 11:30:00,127821.67215641217,127674.04212930212,127660.0,127730.0,127730.0,127625.0,14133831.5
2024-04-30 11:35:00,127816.99301969806,127655.86412315907,127640.0,127665.0,127670.0,127580.0,14269256.0
2024-04-30 11:40:00,127812.56129532027,127626.01013325115,127580.0,127675.0,127675.0,127545.0,14344589.5
2024-04-30 11:45:00,127795.66228714341,127581.48056999946,127535.0,127665.0,127665.0,127525.0,13601419.5
2024-04-30 11:50:00,127706.2682479287,127555.16032349988,127525.0,127575.0,127575.0,127480.0,14142412.0
2024-04-30 11:55:00,127645.614639052,127518.67107523371,127460.0,127550.0,127550.0,127430.0,14255046.0
2024-04-30 12:00:00,127616.66438459944,127504.76418682914,127525.0,127525.0,127525.0,127435.0,13793742.0
2024-04-30 12:05:00,127587.91586298158,127449.22699416129,127365.0,127550.0,127550.0,127345.0,14426284.5
2024-04-30 12:10:00,127551.66520388065,127385.47765326222,127290.0,127360.0,127385.0,127260.0,14742847.0
2024-04-30 12:15:00,127514.52117140005,127346.90740002853,127315.0,127350.0,127350.0,127275.0,14284595.0
2024-04-30 12:20:00,127480.13774824937,127317.0051088935,127310.0,127355.0,127360.0,127285.0,14335631.5
2024-04-30 12:25:00,127441.14979277854,127301.70735007859,127335.0,127360.0,127370.0,127305.0,13344905.0
2024-04-30 12:30:00,127413.64173447924,127284.92969409218,127305.0,127370.0,127370.0,127260.0,14563406.5
2024-04-30 12:35:00,127341.8389926762,127268.1610073238,127215.0,127310.0,127315.0,127200.0,14621207.0
2024-04-30 12:40:00,127321.62022426799,127252.66549001772,127240.0,127250.0,127255.0,127155.0,14183992.0
2024-04-30 12:45:00,127320.89508124998,127251.96206160715,127285.0,127295.0,127325.0,127230.0,14663030.5
2024-04-30 12:50:00,127322.0731837596,127252.21253052611,127320.0,127330.0,127330.0,127250.0,13606508.0
2024-04-30 12:55:00,127316.23816154816,127248.04755273755,127275.0,127350.0,127355.0,127275.0,14030217.5
2024-04-30 13:00:00,127298.7261773635,127236.9881083508,127235.0,127270.0,127280.0,127170.0,14414861.0
2024-04-30 13:05:00,127300.10026053476,127237.04259660811,127310.0,127330.0,127340.0,127210.0,13363478.0
2024-04-30 13:10:00,127303.22933958723,127252.48494612706,127280.0,127310.0,127320.0,127235.0,13452710.0
2024-04-30 13:15:00,127306.71596431943,127263.28403568057,127290.0,127310.0,127315.0,127270.0,13021596.0
2024-04-30 13:20:00,127316.9918154881,127265.86532736903,127330.0,127350.0,127360.0,127245.0,13903137.0
2024-04-30 13:25:00,127329.34121560714,127264.94449867857,127360.0,127380.0,127390.0,127315.0,13689626.5
2024-04-30 13:30:00,127329.3048193182,127246.40946639609,127210.0,127330.0,127350.0,127200.0,14688617.5
2024-04-30 13:35:00,127329.8585167124,127251.57005471618,127255.0,127280.0,127290.0,127205.0,13858231.0
2024-04-30 13:40:00,127324.68252013052,127209.60319415519,127145.0,127265.0,127265.0,127115.0,14411844.0
2024-04-30 13:45:00,127317.49933751757,127199.6435196253,127220.0,127240.0,127245.0,127130.0,13647653.0
2024-04-30 13:50:00,127306.88024529966,127188.83404041463,127215.0,127260.0,127265.0,127210.0,12646881.0
2024-04-30 13:55:00,127279.85994452982,127168.7114840416,127165.0,127230.0,127230.0,127115.0,14334543.5
2024-04-30 14:00:00,127232.77061201022,127174.37224513265,127215.0,127255.0,127255.0,127160.0,13891107.0
2024-04-30 14:05:00,127244.54511059143,127176.88346083715,127260.0,127265.0,127265.0,127170.0,13305615.0
2024-04-30 14:10:00,127238.26546513496,127176.02024915075,127230.0,127275.0,127285.0,127200.0,14530969.5
2024-04-30 14:15:00,127237.454088204,127181.11734036742,127160.0,127225.0,127235.0,127155.0,14131227.0
2024-04-30 14:20:00,127239.43529131771,127181.99328011087,127230.0,127265.0,127265.0,127160.0,13943329.0
2024-04-30 14:25:00,127252.42437232946,127184.7184848134,127270.0,127335.0,127335.0,127230.0,14218021.5
2024-04-30 14:30:00,127295.13316950988,127197.72397334725,127360.0,127370.0,127385.0,127255.0,14757015.5
2024-04-30 14:35:00,127326.2106297945,127209.50365591979,127365.0,127400.0,127400.0,127345.0,14635673.5
2024-04-30 14:40:00,127324.99972434987,127207.85741850726,127250.0,127370.0,127380.0,127230.0,14995195.0
2024-04-30 14:45:00,127347.89720400465,127222.10279599535,127360.0,127355.0,127370.0,127225.0,14625675.0
2024-04-30 14:50:00,127353.28552049046,127262.42876522383,127320.0,127355.0,127365.0,127280.0,13953865.0
2024-04-30 14:55:00,127372.57528111702,127288.85329031156,127390.0,127410.0,127410.0,127305.0,15182293.5
2024-04-30 15:00:00,127377.52865687669,127305.32848598044,127345.0,127380.0,127395.0,127330.0,15027929.5
2024-04-30 15:05:00,127375.68297051695,127304.31702948305,127350.0,127360.0,127365.0,127300.0,14070328.5
2024-04-30 15:10:00,127379.18448607025,127305.10122821546,127380.0,127445.0,127445.0,127345.0,13530176.5
2024-04-30 15:15:00,127376.1492024027,127339.5650833116,127360.0,127425.0,127430.0,127350.0,14039067.0
2024-04-30 15:20:00,127377.9424354719,127340.62899309953,127370.0,127415.0,127420.0,127340.0,14547358.5
2024-04-30 15:25:00,127381.60418749703,127326.9672410744,127285.0,127385.0,127385.0,127275.0,15686937.5
2024-04-30 15:30:00,127389.3146694167,127326.3996162976,127415.0,127435.0,127440.0,127290.0,14390984.5
2024-04-30 15:35:00,127415.7619380101,127331.38091913277,127455.0,127485.0,127485.0,127405.0,14260267.0
2024-04-30 15:40:00,127426.8652584748,127340.27759866806,127420.0,127460.0,127460.0,127390.0,13660984.5
2024-04-30 15:45:00,127422.48230208448,127328.9462693441,127325.0,127425.0,127425.0,127320.0,14546587.0
2024-04-30 15:50:00,127420.30281687083,127299.69718312917,127250.0,127330.0,127335.0,127225.0,14356281.0
2024-04-30 15:55:00,127411.76005177904,127282.52566250667,127280.0,127295.0,127300.0,127230.0,14699250.0
2024-04-30 16:00:00,127411.39998537823,127280.02858605035,127275.0,127335.0,127340.0,127260.0,14397767.5
2024-04-30 16:05:00,127392.75302110436,127270.10412175277,127315.0,127305.0,127325.0,127240.0,14114924.5
2024-04-30 16:10:00,127349.13372110558,127252.294850323,127240.0,127345.0,127350.0,127230.0,15696016.5
2024-04-30 16:15:00,127302.92478135393,127251.36093293178,127255.0,127270.0,127275.0,127200.0,14263797.0
2024-04-30 16:20:00,127286.41144991203,127242.15997865939,127235.0,127315.0,127315.0,127200.0,15169482.0
2024-04-30 16:25:00,127288.72050181146,127245.56521247425,127270.0,127290.0,127290.0,127230.0,14507458.5
2024-04-30 16:30:00,127287.74444767789,127245.11269517924,127275.0,127315.0,127320.0,127260.0,15185402.5
2024-04-30 16:35:00,127286.87154637762,127244.55702505096,127270.0,127280.0,127280.0,127205.0,14684840.0
2024-04-30 16:40:00,127277.81201901406,127246.47369527165,127290.0,127350.0,127355.0,127255.0,14794735.5
2024-04-30 16:45:00,127323.20028921127,127243.9425679316,127390.0,127390.0,127400.0,127255.0,15518858.5
2024-04-30 16:50:00,127353.4979100881,127253.64494705477,127395.0,127555.0,127555.0,127350.0,15074891.0
2024-04-30 16:55:00,127365.03118200813,127274.96881799187,127350.0,127385.0,127400.0,127300.0,15434144.5
2024-04-30 17:00:00,127367.08392271871,127282.91607728129,127305.0,127465.0,127465.0,127300.0,14927827.5
2024-04-30 17:05:00,127367.82455710408,127287.88972861021,127295.0,127360.0,127365.0,127270.0,15747403.5
2024-04-30 17:10:00,127370.97101071005,127301.88613214708,127330.0,127330.0,127335.0,127250.0,13442189.5
2024-04-30 17:15:00,127371.44918197706,127307.12224659436,127310.0,127385.0,127390.0,127260.0,14069917.0
2024-04-30 17:20:00,127356.89040899032,127303.10959100968,127325.0,127335.0,127335.0,127250.0,14130716.5
2024-04-30 17:25:00,127334.47730956944,127305.52269043056,127325.0,127345.0,127345.0,127290.0,14119328.5
2024-04-30 17:30:00,127338.20512575436,127304.65201710277,127360.0,127370.0,127370.0,127275.0,13942325.0
2024-04-30 17:35:00,127349.95559406265,127310.04440593735,127365.0,127375.0,127375.0,127330.0,14531348.0
2024-04-30 17:40:00,127353.14292771315,127321.14278657256,127345.0,127390.0,127390.0,127325.0,14505060.0
2024-04-30 17:45:00,127366.10412388352,127323.89587611648,127385.0,127390.0,127395.0,127315.0,12812095.0
2024-04-30 17:50:00,127389.53043197279,127333.32671088434,127425.0,127445.0,127445.0,127375.0,13695052.5
2024-04-30 17:55:00,127411.01754145375,127344.69674426054,127440.0,127475.0,127475.0,127405.0,14170065.0
2024-05-02 10:00:00,128877.75158931717,126857.96269639712,130755.0,130740.0,130800.0,130740.0,3465387.0
2024-05-02 10:05:00,129635.89997241512,127054.10002758488,130700.0,130790.0,130820.0,130700.0,11807523.0
2024-05-02 10:10:00,130206.26126338575,127413.73873661425,130620.0,130725.0,130725.0,130600.0,1306485.0
2024-05-02 10:15:00,130702.62817252039,127903.0861131939,130795.0,130800.0,130880.0,130685.0,2667613.0
2024-05-02 10:20:00,131034.89275169968,128502.25010544319,130645.0,130685.0,130795.0,130645.0,2026127.5
2024-05-02 10:25:00,131205.86429191098,129252.70713666045,130650.0,130655.0,130655.0,130640.0,8360857.5
2024-05-02 10:30:00,130747.8647446151,130570.70668395632,130450.0,130595.0,130725.0,130450.0,6707611.5
2024-05-02 10:35:00,130716.8946757797,130544.53389564888,130555.0,130540.0,130555.0,130490.0,5886466.5
2024-05-02 10:40:00,130692.03124453532,130509.39732689326,130490.0,130575.0,130610.0,130490.0,1175225.0
2024-05-02 10:45:00,130678.04570762087,130480.52572095055,130470.0,130550.0,130580.0,130470.0,2349460.0
2024-05-02 10:50:00,130599.40750896945,130452.02106245913,130420.0,130465.0,130465.0,130385.0,1877831.0
2024-05-02 10:55:00,130559.25878268592,130419.3126458855,130390.0,130365.0,130405.0,130330.0,2111973.0
2024-05-02 11:00:00,130508.2643641882,130356.02135009751,130250.0,130305.0,130305.0,130215.0,4128845.0
2024-05-02 11:05:00,130520.11746885552,130208.4539597159,129975.0,130295.0,130295.0,129965.0,7180261.5
2024-05-02 11:10:00,130456.99799095732,130118.71629475697,130020.0,129985.0,130040.0,129970.0,8087308.5
2024-05-02 11:15:00,130389.3392481328,130033.51789472433,129955.0,130025.0,130040.0,129920.0,1989029.5
2024-05-02 11:20:00,130313.1589012626,130003.98395588026,130100.0,130040.0,130110.0,129930.0,1300275.0
2024-05-02 11:25:00,130245.10523280723,129994.89476719277,130150.0,130225.0,130245.0,130115.0,2044197.5
2024-05-02 11:30:00,130230.61043623573,129997.96099233569,130350.0,130330.0,130350.0,130200.0,3622660.0
2024-05-02 11:35:00,130230.61043623573,129997.96099233569,130250.0,130325.0,130325.0,130250.0,2865650.0
2024-05-02 11:40:00,130244.23382905533,130032.90902808754,130145.0,130220.0,130225.0,130145.0,6158747.0
2024-05-02 11:45:00,130309.29194793124,130072.13662349734,130385.0,130390.0,130410.0,130350.0,1668736.0
2024-05-02 11:50:00,130361.2168482114,130154.49743750288,130425.0,130450.0,130450.0,130385.0,2933767.5
2024-05-02 11:55:00,130383.15878996256,130203.98406718031,130350.0,130375.0,130375.0,130350.0,521430.0
2024-05-02 12:00:00,130390.00942662275,130241.41914480583,130305.0,130400.0,130400.0,130305.0,2697633.5
2024-05-02 12:05:00,130402.22714172192,130244.91571542095,130405.0,130360.0,130405.0,130360.0,2581724.0
2024-05-02 12:10:00,130418.63369405952,130267.08059165477,130385.0,130385.0,130385.0,130385.0,521540.0
2024-05-02 12:15:00,130403.25056977173,130336.74943022827,130335.0,130345.0,130345.0,130335.0,912395.0
2024-05-02 12:25:00,130401.48258248328,130335.66027465959,130375.0,130375.0,130375.0,130375.0,130375.0
2024-05-02 12:30:00,130383.03793836564,130314.10491877723,130285.0,130305.0,130305.0,130285.0,3804572.0
2024-05-02 12:35:00,130380.53136345698,130283.75435082873,130235.0,130235.0,130235.0,130235.0,130235.0
2024-05-02 12:50:00,130390.9625871865,130293.32312709921,130375.0,130375.0,130375.0,130375.0,651875.0
2024-05-02 12:55:00,130372.17622519482,130283.53806051947,130305.0,130325.0,130365.0,130305.0,651740.0
2024-05-02 13:00:00,130353.3811404602,130268.04743096838,130265.0,130260.0,130265.0,130260.0,521070.0
2024-05-02 13:05:00,130344.27194576069,130237.15662566789,130195.0,130240.0,130240.0,130180.0,2578109.0
2024-05-02 13:10:00,130322.08472421684,130176.48670435458,130085.0,130175.0,130175.0,130085.0,1170935.0
2024-05-02 13:15:00,130309.59680947602,130163.26033338111,130195.0,130150.0,130195.0,130150.0,260345.0
2024-05-02 13:20:00,130302.9885250268,130151.29718925891,130170.0,130180.0,130230.0,130155.0,3646280.0
2024-05-02 13:30:00,130251.37935343257,130128.62064656743,130115.0,130100.0,130115.0,130100.0,260215.0
2024-05-02 13:35:00,130215.77279089966,130122.79863767176,130160.0,130085.0,130160.0,130050.0,8326025.0
2024-05-02 13:40:00,130199.32567436312,130124.96003992259,130215.0,130185.0,130215.0,130185.0,260400.0
2024-05-02 13:45:00,130246.23079892057,130118.05491536514,130335.0,130275.0,130335.0,130235.0,911935.0
2024-05-02 13:50:00,130333.0778766666,130139.77926619053,130465.0,130380.0,130500.0,130310.0,2387023.0
2024-05-02 13:55:00,130355.85708182654,130157.00006103059,130335.0,130420.0,130420.0,130335.0,1043210.0
2024-05-02 14:00:00,130391.61552697938,130186.95590159204,130400.0,130400.0,130400.0,130400.0,130400.0
2024-05-02 14:05:00,130471.08105468644,130241.77608817069,130585.0,130485.0,130585.0,130445.0,5089630.0
2024-05-02 14:10:00,130545.32587860471,130306.10269282387,130645.0,130660.0,130675.0,130620.0,3801898.5
2024-05-02 14:15:00,130568.24038411958,130374.61675873755,130535.0,130620.0,130625.0,130535.0,4413632.0
2024-05-02 14:20:00,130583.31979459722,130413.82306254565,130525.0,130545.0,130545.0,130525.0,783185.0
2024-05-02 14:25:00,130595.76242841945,130425.66614300913,130550.0,130480.0,130550.0,130460.0,9694357.0
2024-05-02 14:30:00,130597.454861203,130479.68799593986,130530.0,130515.0,130535.0,130515.0,261065.0
2024-05-02 14:35:00,130593.64222720663,130526.35777279337,130550.0,130550.0,130550.0,130550.0,2611000.0
2024-05-02 14:40:00,130587.53370682115,130522.46629317885,130550.0,130550.0,130550.0,130550.0,130550.0
2024-05-02 14:45:00,130570.44297490148,130528.12845366994,130605.0,130625.0,130660.0,130595.0,4284870.0
2024-05-02 14:50:00,130586.98766210639,130533.01233789361,130610.0,130610.0,130610.0,130610.0,130610.0
2024-05-02 14:55:00,130594.40588758334,130544.16554098808,130590.0,130580.0,130595.0,130580.0,2154777.5
2024-05-02 15:00:00,130593.78949675293,130537.63907467565,130525.0,130560.0,130560.0,130525.0,2871605.0
2024-05-02 15:05:00,130599.03197908706,130548.11087805581,130585.0,130585.0,130585.0,130585.0,261180.0
2024-05-02 15:10:00,130599.08682625207,130538.0560308908,130515.0,130545.0,130545.0,130495.0,587297.5
2024-05-02 15:15:00,130597.88557540193,130529.25728174094,130515.0,130475.0,130530.0,130475.0,261045.0
2024-05-02 15:20:00,130585.68666840807,130498.59904587764,130455.0,130455.0,130455.0,130405.0,3391520.0
2024-05-02 15:30:00,130579.87569689933,130498.6957316721,130590.0,130595.0,130600.0,130515.0,1696980.0
2024-05-02 15:35:00,130609.86436148772,130494.42135279799,130680.0,130645.0,130695.0,130625.0,3135200.0
2024-05-02 15:40:00,130661.98253149797,130503.73175421632,130740.0,130700.0,130765.0,130675.0,1568630.0
2024-05-02 15:45:00,130722.85684331322,130510.00029954391,130820.0,130770.0,130840.0,130770.0,4865442.0
2024-05-02 15:50:00,130785.34467639771,130544.65532360229,130855.0,130805.0,130855.0,130805.0,850427.5
2024-05-02 15:55:00,130845.27265373415,130594.72734626585,130900.0,130865.0,130900.0,130850.0,916130.0
2024-05-02 16:00:00,130893.30384337329,130689.55329948384,130955.0,130905.0,130975.0,130905.0,851165.0
2024-05-02 16:05:00,130951.8466002386,130758.1533997614,131035.0,130980.0,131035.0,130980.0,1441085.0
2024-05-02 16:10:00,130966.05756211332,130813.94243788668,130925.0,131035.0,131035.0,130910.0,4098856.5
2024-05-02 16:15:00,130977.08424113102,130864.34433029756,130955.0,130945.0,130990.0,130945.0,2881505.0
2024-05-02 16:20:00,130978.81541981078,130889.75600876064,130915.0,130905.0,130915.0,130890.0,654525.0
2024-05-02 16:25:00,130983.67330454351,130866.32669545649,130790.0,130845.0,130890.0,130790.0,7193815.0
2024-05-02 16:30:00,130987.21830256093,130802.78169743907,130690.0,130740.0,130780.0,130690.0,4210541.0
2024-05-02 16:35:00,130965.34988999832,130738.93582428739,130655.0,130650.0,130655.0,130630.0,4729265.0
2024-05-02 16:40:00,130903.89304470718,130686.10695529282,130635.0,130655.0,130675.0,130620.0,2482730.0
2024-05-02 16:45:00,130861.34480201581,130650.08376941277,130650.0,130615.0,130650.0,130615.0,1437100.0
2024-05-02 16:50:00,130794.44916753753,130629.83654674818,130650.0,130600.0,130650.0,130600.0,1136270.0
2024-05-02 16:55:00,130715.15109542977,130616.27747599881,130590.0,130600.0,130600.0,130570.0,2063312.0
2024-05-02 17:00:00,130667.96192277622,130596.3237915095,130555.0,130580.0,130580.0,130555.0,652810.0
2024-05-02 17:05:00,130665.64574357944,130511.49711356343,130385.0,130550.0,130560.0,130385.0,1435155.0
2024-05-02 17:10:00,130642.38611695358,130481.89959733213,130470.0,130445.0,130470.0,130445.0,3261635.0
2024-05-02 17:15:00,130617.21266613275,130451.35876243867,130440.0,130460.0,130460.0,130435.0,1695760.0
2024-05-02 17:20:00,130579.21344201316,130423.64370084397,130420.0,130400.0,130420.0,130385.0,808464.0
2024-05-02 17:25:00,130527.73980369781,130400.83162487361,130390.0,130420.0,130420.0,130390.0,1630170.0
2024-05-02 17:30:00,130490.09150589115,130398.47992268027,130450.0,130450.0,130450.0,130450.0,260900.0
2024-05-02 17:35:00,130453.72138276265,130403.42147438021,130445.0,130445.0,130445.0,130445.0,130445.0
2024-05-02 17:40:00,130469.33883180658,130417.80402533629,130490.0,130445.0,130490.0,130445.0,391445.0
2024-05-02 17:45:00,130479.68200847022,130417.46084867265,130505.0,130505.0,130505.0,130505.0,130505.0
2024-05-02 17:50:00,130479.14765820617,130416.56662750812,130435.0,130495.0,130515.0,130435.0,2061927.0
2024-05-02 17:55:00,130486.20514346643,130425.22342796215,130475.0,130475.0,130500.0,130475.0,521950.0
2024-05-03 10:00:00,131154.55031622175,130222.59254092113,132020.0,132155.0,132300.0,132020.0,8829665.0
2024-05-03 10:05:00,131481.35831076163,130317.2131178098,131925.0,132025.0,132030.0,131890.0,5054509.0
2024-05-03 10:10:00,131748.74459246467,130482.68397896392,131960.0,131950.0,132090.0,131930.0,5148507.5
2024-05-03 10:15:00,131954.85785618014,130690.85642953412,131940.0,131940.0,132065.0,131820.0,5645666.5
2024-05-03 10:20:00,132089.62640180005,130938.94502677137,131845.0,131880.0,131890.0,131825.0,857212.5
2024-05-03 10:25:00,132169.7709631842,131288.80046538723,131940.0,131960.0,131960.0,131865.0,1055490.0
2024-05-03 10:30:00,131977.2342859106,131858.47999980365,131795.0,131845.0,132110.0,131795.0,4749179.5
2024-05-03 10:35:00,131944.50124764332,131815.49875235668,131755.0,131770.0,131845.0,131725.0,2965032.5
2024-05-03 10:40:00,131932.2007673535,131806.37066121792,131850.0,131880.0,131930.0,131725.0,1845735.0
2024-05-03 10:45:00,131902.2766190443,131784.86623809853,131780.0,131835.0,131835.0,131700.0,3241515.0
2024-05-03 10:50:00,131869.8937528439,131755.82053287036,131725.0,131780.0,131780.0,131670.0,4913271.0
2024-05-03 10:55:00,131913.56232214865,131755.00910642277,131995.0,131725.0,131995.0,131725.0,2635575.0
2024-05-03 11:00:00,131878.411387083,131714.44575577416,131675.0,132010.0,132080.0,131675.0,4469385.0
2024-05-03 11:05:00,131888.82474732443,131721.17525267557,131855.0,131875.0,131875.0,131855.0,1582365.0
2024-05-03 11:10:00,131906.18164821775,131738.104066068,131875.0,131855.0,131875.0,131855.0,527320.0
2024-05-03 11:15:00,131892.2414335736,131716.32999499782,131725.0,131730.0,131730.0,131725.0,395150.0
2024-05-03 11:20:00,131886.43279793332,131700.71005920952,131705.0,131600.0,131705.0,131575.0,9216255.0
2024-05-03 11:25:00,131883.88390056285,131681.8303851514,131650.0,131615.0,131650.0,131615.0,2237980.0
2024-05-03 11:30:00,131811.1873595204,131671.66978333675,131705.0,131700.0,131795.0,131700.0,790585.0
2024-05-03 11:35:00,131814.86400289886,131682.27885424398,131725.0,131730.0,131730.0,131725.0,395085.0
2024-05-03 11:45:00,131793.57916920542,131680.70654508032,131775.0,131675.0,131775.0,131675.0,263450.0
2024-05-03 11:50:00,131765.4578973553,131687.39924550185,131800.0,131755.0,131800.0,131755.0,1054490.0
2024-05-03 11:55:00,131789.61827360193,131691.81029782665,131825.0,131825.0,131825.0,131825.0,131835.0
2024-05-03 12:05:00,131824.30235087636,131704.26907769506,131870.0,131930.0,131975.0,131870.0,1846685.0
2024-05-03 12:15:00,131840.58547633918,131743.70023794656,131845.0,131885.0,131885.0,131845.0,922990.0
2024-05-03 12:20:00,131841.3554328012,131764.35885291305,131780.0,131830.0,131830.0,131780.0,659055.0
2024-05-03 12:25:00,131840.04854110937,131772.8086017478,131750.0,131780.0,131780.0,131750.0,790530.0
2024-05-03 12:30:00,131848.60268734163,131782.82588408695,131840.0,131840.0,131840.0,131840.0,659200.0
2024-05-03 12:35:00,131850.29868600416,131785.4155997101,131815.0,131790.0,131845.0,131790.0,1384145.0
2024-05-03 12:40:00,131845.39034040473,131766.03823102385,131740.0,131790.0,131790.0,131740.0,856435.0
2024-05-03 12:45:00,131825.38216887714,131758.9035454086,131775.0,131785.0,131785.0,131775.0,922455.0
2024-05-03 12:55:00,131809.88278970847,131754.40292457727,131775.0,131775.0,131775.0,131775.0,131775.0
2024-05-03 13:05:00,131863.7792908672,131749.07785198995,131950.0,131890.0,131950.0,131890.0,659675.0
2024-05-03 13:10:00,131921.04993269662,131764.66435301764,132005.0,131895.0,132010.0,131895.0,3681872.5
2024-05-03 13:15:00,131946.98582834454,131774.44274308404,131965.0,131970.0,131970.0,131965.0,263940.0
2024-05-03 13:20:00,131962.89078878786,131789.9663540693,131925.0,131925.0,131925.0,131925.0,527710.0
2024-05-03 13:35:00,131974.52423411445,131829.7614801713,131920.0,131905.0,131920.0,131905.0,619979.0
2024-05-03 13:40:00,131975.7203997353,131858.56531455045,131880.0,131875.0,131895.0,131865.0,3125841.5
2024-05-03 13:45:00,131971.24302848137,131875.89982866147,131820.0,131835.0,131860.0,131820.0,1898535.0
2024-05-03 13:50:00,131963.5968359392,131827.83173548937,131755.0,131810.0,131825.0,131755.0,4771394.5
2024-05-03 13:55:00,131929.45959054274,131774.826123743,131700.0,131755.0,131760.0,131700.0,5953720.0
2024-05-03 14:00:00,131893.16453238908,131722.54975332518,131655.0,131670.0,131670.0,131635.0,3752442.0
2024-05-03 14:05:00,131854.1197813458,131683.02307579704,131650.0,131670.0,131670.0,131650.0,658350.0
2024-05-03 14:10:00,131805.16585086644,131667.69129199072,131695.0,131630.0,131695.0,131600.0,4896449.0
2024-05-03 14:15:00,131759.10254648526,131665.18316780048,131710.0,131710.0,131710.0,131710.0,131710.0
2024-05-03 14:25:00,131751.58254181794,131666.98888675348,131800.0,131760.0,131800.0,131760.0,263560.0
2024-05-03 14:30:00,131766.3550529173,131666.50208993987,131805.0,131790.0,131805.0,131790.0,2741460.0
2024-05-03 14:35:00,131787.29833988403,131675.55880297313,131805.0,131835.0,131845.0,131795.0,5167468.0
2024-05-03 14:40:00,131825.66502532098,131700.04926039328,131875.0,131830.0,131875.0,131830.0,527530.0
2024-05-03 14:45:00,131845.7214777154,131738.56423657035,131855.0,131855.0,131855.0,131855.0,263710.0
2024-05-03 14:50:00,131871.1447086945,131771.71243416265,131900.0,131900.0,131900.0,131815.0,2729564.0
2024-05-03 14:55:00,131890.52496633233,131812.33217652483,131920.0,131935.0,131935.0,131905.0,3535124.0
2024-05-03 15:00:00,131910.56231075528,131829.43768924472,131930.0,131910.0,131970.0,131910.0,923565.0
2024-05-03 15:05:00,131958.06619202215,131846.2195222636,132030.0,132025.0,132030.0,131915.0,1649782.5
2024-05-03 15:10:00,131971.57555454987,131878.42444545013,131965.0,131970.0,131970.0,131965.0,923685.0
2024-05-03 15:15:00,131981.04618699595,131893.23952728978,131960.0,131945.0,131960.0,131945.0,3430740.0
2024-05-03 15:20:00,131982.11338064552,131915.02947649732,131935.0,131935.0,131935.0,131935.0,1187430.0
2024-05-03 15:25:00,131984.13502338066,131925.86497661934,131945.0,132005.0,132015.0,131945.0,1689287.0
2024-05-03 15:30:00,131984.25226979298,131927.1763016356,131925.0,131905.0,131980.0,131905.0,1187505.0
2024-05-03 15:35:00,131983.81093261918,131921.90335309508,131910.0,131910.0,131910.0,131910.0,791490.0
2024-05-03 15:40:00,131953.46712986383,131920.8185844219,131920.0,131920.0,131920.0,131920.0,791520.0
2024-05-03 15:45:00,131944.18141557832,131911.53287013594,131900.0,131900.0,131900.0,131900.0,659500.0
2024-05-03 15:50:00,131932.94889922734,131907.05110077266,131905.0,131905.0,131960.0,131905.0,1451085.0
2024-05-03 15:55:00,131930.62205730457,131906.52079983827,131925.0,131905.0,131925.0,131905.0,395735.0
2024-05-03 16:00:00,131934.47730946788,131905.52269053212,131955.0,131990.0,131990.0,131925.0,1187660.0
2024-05-03 16:05:00,131954.92205893423,131903.6493696372,131990.0,131995.0,132005.0,131990.0,659985.0
2024-05-03 16:10:00,131959.30137524562,131909.2700533258,131945.0,131915.0,131980.0,131915.0,1543781.5
2024-05-03 16:15:00,131966.65540372726,131914.77316770132,131965.0,131975.0,131980.0,131960.0,395930.0
2024-05-03 16:20:00,131966.63005138226,131919.084234332,131915.0,131955.0,131955.0,131915.0,2506445.0
2024-05-03 16:25:00,131969.03392283007,131929.53750574135,131950.0,131950.0,131950.0,131950.0,527720.0
2024-05-03 16:30:00,131969.37100682175,131932.05756460683,131935.0,131940.0,131940.0,131935.0,263875.0
2024-05-03 16:35:00,131966.35096406494,131923.64903593506,131915.0,131900.0,131920.0,131900.0,1081673.0
2024-05-03 16:45:00,131950.6777163663,131912.17942649085,131895.0,131890.0,131900.0,131890.0,527580.0
2024-05-03 16:50:00,131971.29094703784,131910.13762439074,132010.0,132010.0,132010.0,131980.0,1319945.0
2024-05-03 16:55:00,131967.3369714168,131908.37731429745,131945.0,131940.0,131975.0,131940.0,395880.0
2024-05-03 17:00:00,131973.18858238557,131915.38284618585,131960.0,131925.0,131960.0,131900.0,527725.0
2024-05-03 17:05:00,131984.89232400744,131917.96481884972,132000.0,132000.0,132015.0,132000.0,158418.0
2024-05-03 17:10:00,132011.58108292808,131924.13320278618,132050.0,132025.0,132060.0,132025.0,1003746.0
2024-05-03 17:15:00,132046.75038624692,131940.39247089592,132095.0,132095.0,132095.0,132095.0,1849265.0
2024-05-03 17:20:00,132073.0763278781,131974.06652926473,132105.0,132100.0,132120.0,132095.0,4425540.0
2024-05-03 17:25:00,132094.62845557186,131982.51440157098,132115.0,132155.0,132165.0,132115.0,2682330.5
2024-05-03 17:30:00,132111.89106264163,132013.82322307263,132115.0,132140.0,132140.0,132115.0,5667733.5
2024-05-03 17:35:00,132127.8907958048,132050.68063276663,132145.0,132135.0,132150.0,132135.0,5061320.0
2024-05-03 17:40:00,132124.8525590941,132078.00458376305,132085.0,132080.0,132085.0,132070.0,924555.0
2024-05-03 17:45:00,132123.87810885918,132093.26474828366,132100.0,132100.0,132100.0,132100.0,396300.0
2024-05-03 17:50:00,132124.64005340982,132082.50280373302,132060.0,132060.0,132060.0,132060.0,528240.0
2024-05-03 17:55:00,132121.9918154272,132070.86532742996,132055.0,132070.0,132080.0,132055.0,264125.0
2024-05-06 10:05:00,132169.7149204994,131881.7136509292,131620.0,131675.0,131685.0,131605.0,3159250.0
2024-05-06 10:10:00,132139.57838450663,131761.85018692195,131590.0,131600.0,131655.0,131570.0,1381835.0
2024-05-06 10:15:00,132076.21925294114,131705.20931848744,131725.0,131695.0,131765.0,131695.0,1752110.5
2024-05-06 10:20:00,132026.4785474848,131680.66430965805,131825.0,131770.0,131825.0,131685.0,1185890.0
2024-05-06 10:25:00,131964.99917974032,131665.00082025968,131830.0,131795.0,131855.0,131795.0,2900185.0
2024-05-06 10:30:00,131924.44929878233,131664.1221297891,131915.0,131850.0,131985.0,131790.0,9207864.0
2024-05-06 10:35:00,131922.689922908,131664.45293423484,132050.0,131970.0,132050.0,131910.0,4356001.0
2024-05-06 10:40:00,131990.79707972292,131722.06006313424,132060.0,131995.0,132130.0,131995.0,6035513.5
2024-05-06 10:45:00,132058.71073346474,131814.14640939242,132150.0,132060.0,132150.0,131990.0,4319210.0
2024-05-06 10:50:00,132126.50287381653,131884.92569761205,132210.0,132090.0,132210.0,132080.0,8402776.0
2024-05-06 10:55:00,132203.4385092109,131943.70434793195,132300.0,132245.0,132315.0,132220.0,3544824.5
2024-05-06 11:00:00,132239.72857209083,132027.41428505201,132250.0,132265.0,132305.0,132190.0,11137268.5
2024-05-06 11:05:00,132263.82626402107,132104.74516455035,132270.0,132315.0,132335.0,132270.0,4458585.5
2024-05-06 11:10:00,132320.7695726262,132147.80185594523,132400.0,132330.0,132405.0,132320.0,5175512.5
2024-05-06 11:15:00,132343.66294437295,132209.1941984842,132355.0,132305.0,132400.0,132305.0,6154922.5
2024-05-06 11:20:00,132342.04317157218,132227.95682842782,132210.0,132305.0,132305.0,132210.0,3425410.0
2024-05-06 11:25:00,132345.39023606773,132243.1811925037,132275.0,132300.0,132350.0,132275.0,3506100.0
2024-05-06 11:30:00,132358.97028148393,132248.17257565891,132365.0,132345.0,132365.0,132340.0,5624955.0
2024-05-06 11:35:00,132361.35478807962,132255.78806906322,132285.0,132320.0,132360.0,132285.0,5491167.5
2024-05-06 11:40:00,132370.14979173153,132266.9930654113,132340.0,132295.0,132340.0,132280.0,5754942.5
2024-05-06 11:45:00,132371.7061994589,132266.86522911253,132405.0,132335.0,132405.0,132310.0,5108374.5
2024-05-06 11:50:00,132366.87004745068,132264.5585239779,132330.0,132335.0,132460.0,132280.0,8272115.0
2024-05-06 11:55:00,132367.5943225598,132296.69139172594,132325.0,132280.0,132350.0,132280.0,3043070.0
2024-05-06 12:00:00,132371.51702794246,132275.62582920038,132215.0,132275.0,132275.0,132215.0,1679543.0
2024-05-06 12:05:00,132357.32978870833,132259.8130684345,132260.0,132205.0,132260.0,132195.0,4058741.5
2024-05-06 12:10:00,132361.68067857486,132265.46217856798,132320.0,132265.0,132355.0,132265.0,1323020.0
2024-05-06 12:15:00,132357.24574085206,132262.75425914794,132315.0,132370.0,132380.0,132310.0,2911430.0
2024-05-06 12:20:00,132324.85630293487,132235.14369706513,132195.0,132300.0,132300.0,132170.0,1586915.0
2024-05-06 12:25:00,132310.3164781871,132193.96923609864,132135.0,132200.0,132200.0,132135.0,1519885.0
2024-05-06 12:30:00,132287.2606849371,132178.45360077717,132190.0,132180.0,132190.0,132180.0,396535.0
2024-05-06 12:35:00,132284.43255055047,132171.2817351638,132180.0,132155.0,132185.0,132155.0,3700990.0
2024-05-06 12:40:00,132279.85994450067,132168.71148407075,132235.0,132220.0,132235.0,132210.0,661095.0
2024-05-06 12:45:00,132275.13144869593,132169.1542655898,132305.0,132295.0,132305.0,132285.0,1058445.0
2024-05-06 12:50:00,132264.4361050374,132169.84960924834,132280.0,132270.0,132285.0,132270.0,396830.0
2024-05-06 12:55:00,132290.3177220134,132179.6822779866,132320.0,132330.0,132350.0,132320.0,7145355.0
2024-05-06 13:00:00,132296.6225197937,132210.52033734915,132265.0,132335.0,132335.0,132265.0,1455200.0
2024-05-06 13:05:00,132296.6225197937,132210.52033734915,132190.0,132250.0,132260.0,132190.0,2578080.0
2024-05-06 13:10:00,132297.5942065397,132203.83436488887,132160.0,132150.0,132195.0,132150.0,660900.0
2024-05-06 13:15:00,132294.5632952752,132194.0081332962,132190.0,132205.0,132205.0,132190.0,793170.0
2024-05-06 13:20:00,132274.23921017503,132171.47507553923,132155.0,132175.0,132185.0,132155.0,528685.0
2024-05-06 13:25:00,132255.4633408077,132154.5366591923,132155.0,132160.0,132175.0,132120.0,964761.0
2024-05-06 13:30:00,132213.4638569454,132133.67900019744,132100.0,132105.0,132150.0,132100.0,1255290.0
2024-05-06 13:35:00,132202.41223535515,132136.15919321627,132235.0,132255.0,132255.0,132100.0,2233393.5
2024-05-06 13:40:00,132201.40288053858,132135.73997660427,132185.0,132190.0,132245.0,132185.0,727137.5
2024-05-06 13:45:00,132199.33595434515,132130.66404565485,132135.0,132100.0,132160.0,132100.0,1321230.0
2024-05-06 13:50:00,132190.23806645712,132109.76193354288,132085.0,132090.0,132090.0,132085.0,396275.0
2024-05-06 13:55:00,132184.50776775062,132092.63508939222,132075.0,132100.0,132100.0,132055.0,924550.0
2024-05-06 14:00:00,132178.37158049963,132085.9141337861,132110.0,132095.0,132125.0,132060.0,1188945.0
2024-05-06 14:05:00,132179.39714139674,132053.46000146042,131990.0,132010.0,132095.0,131985.0,1174979.0
2024-05-06 14:10:00,132140.35464476398,132011.0739266646,131950.0,131955.0,132000.0,131920.0,1847270.0
2024-05-06 14:15:00,132108.58113744148,131948.56171970136,131855.0,131900.0,131935.0,131855.0,1582940.0
2024-05-06 14:20:00,132075.63258183806,131885.79598959052,131800.0,131870.0,131875.0,131800.0,1318410.5
2024-05-06 14:25:00,132040.38007277384,131839.61992722616,131800.0,131835.0,131870.0,131800.0,5630008.0
2024-05-06 14:30:00,131996.21665594843,131806.64048690873,131805.0,131825.0,131840.0,131790.0,2807312.0
2024-05-06 14:35:00,131925.0399197068,131803.53150886463,131850.0,131950.0,131950.0,131825.0,1977540.0
2024-05-06 14:40:00,131880.20575539256,131785.5085303217,131770.0,131765.0,131875.0,131765.0,3994986.0
2024-05-06 14:45:00,131838.12151421636,131790.44991435506,131820.0,131800.0,131835.0,131800.0,764543.0
2024-05-06 14:50:00,131843.19342135076,131789.6637215064,131870.0,131825.0,131870.0,131795.0,527275.0
2024-05-06 14:55:00,131850.12075958998,131795.59352612428,131845.0,131860.0,131900.0,131845.0,3098942.5
2024-05-06 15:00:00,131874.67151398052,131802.47134316232,131910.0,131905.0,131910.0,131880.0,1319040.0
2024-05-06 15:05:00,131885.07341927217,131813.49800929925,131880.0,131850.0,131935.0,131850.0,1450830.0
2024-05-06 15:10:00,131912.10625156498,131816.46517700644,131955.0,131990.0,131990.0,131890.0,5711282.0
2024-05-06 15:25:00,131927.60075449696,131849.54210264588,131940.0,131940.0,131940.0,131940.0,1847160.0
2024-05-06 15:55:00,131928.51698919636,131865.76872508938,131880.0,131885.0,131885.0,131880.0,131880.0
2024-05-06 16:00:00,131928.64384165365,131851.35615834635,131820.0,131805.0,131825.0,131805.0,395450.0
2024-05-06 16:05:00,131928.7725807507,131852.6559906779,131850.0,131850.0,131850.0,131850.0,131850.0
2024-05-06 16:10:00,131920.72401007704,131829.27598992296,131800.0,131775.0,131805.0,131775.0,988517.5
2024-05-06 16:15:00,131915.13605447355,131799.1496598122,131755.0,131775.0,131775.0,131755.0,263530.0
2024-05-06 16:25:00,131882.57502710356,131765.99640146786,131725.0,131760.0,131760.0,131715.0,961654.5
2024-05-06 16:30:00,131841.94446405087,131743.7698216634,131720.0,131730.0,131730.0,131705.0,1317150.0
2024-05-06 16:35:00,131824.74639968766,131743.82502888376,131820.0,131830.0,131830.0,131820.0,395470.0
2024-05-06 16:40:00,131829.83601967245,131744.4496946133,131840.0,131840.0,131840.0,131840.0,263645.0
2024-05-06 16:45:00,131815.3900962466,131741.75276089623,131790.0,131780.0,131790.0,131780.0,395355.0
2024-05-06 16:50:00,131808.24723910386,131734.6099037533,131750.0,131750.0,131750.0,131750.0,2200225.0
2024-05-06 17:00:00,131814.04275749865,131740.2429567871,131795.0,131855.0,131860.0,131795.0,2504285.0
2024-05-06 17:05:00,131815.54006131095,131750.1742244033,131765.0,131765.0,131765.0,131765.0,790590.0
2024-05-06 17:10:00,131815.26601591223,131751.8768412306,131725.0,131725.0,131725.0,131725.0,395175.0
2024-05-06 17:15:00,131803.2654650891,131741.02024919665,131740.0,131740.0,131750.0,131740.0,263480.0
2024-05-06 17:20:00,131778.58811256604,131734.26903029112,131730.0,131725.0,131730.0,131725.0,2239400.0
2024-05-06 17:35:00,131775.72835269148,131734.27164730852,131780.0,131780.0,131780.0,131780.0,131780.0
2024-05-06 17:40:00,131786.67507811612,131737.61063616961,131800.0,131805.0,131805.0,131800.0,263600.0
2024-05-06 17:45:00,131786.67507811612,131737.61063616961,131795.0,131790.0,131795.0,131790.0,2372245.0
2024-05-06 17:50:00,131808.56598503975,131738.5768721031,131845.0,131795.0,131845.0,131795.0,4613225.0
2024-05-06 17:55:00,131851.04394856657,131750.384622862,131915.0,131900.0,131915.0,131880.0,263815.0
2024-05-07 10:00:00,132096.89522854632,131705.96191431084,132445.0,132270.0,132445.0,132270.0,4725500.0
2024-05-07 10:05:00,132245.31122515537,131761.83163198747,132445.0,132490.0,132525.0,132405.0,4211987.5
2024-05-07 10:10:00,132357.4149769083,131839.72788023454,132445.0,132500.0,132550.0,132445.0,7458740.0
2024-05-07 10:15:00,132430.54035506892,131935.17393064534,132390.0,132450.0,132450.0,132390.0,794460.0
2024-05-07 10:20:00,132499.36993476542,132062.05863666316,132480.0,132430.0,132480.0,132430.0,927110.0
2024-05-07 10:25:00,132545.30877960287,132213.26264896855,132535.0,132495.0,132555.0,132485.0,1855390.0
2024-05-07 10:30:00,132495.46202116006,132424.53797883994,132480.0,132550.0,132600.0,132390.0,6556920.0
2024-05-07 10:35:00,132503.5423620813,132430.74335220444,132495.0,132355.0,132495.0,132355.0,1059565.0
2024-05-07 10:40:00,132560.83691120925,132432.0202316479,132650.0,132470.0,132650.0,132470.0,1683959.0
2024-05-07 10:45:00,132575.7795316679,132448.50618261783,132555.0,132650.0,132650.0,132530.0,3513142.5
2024-05-07 10:50:00,132576.0285897178,132479.68569599645,132500.0,132505.0,132505.0,132455.0,900905.0
2024-05-07 10:55:00,132577.53716807018,132453.8914033584,132395.0,132470.0,132470.0,132395.0,2251395.0
2024-05-07 11:00:00,132570.64579952214,132393.6399147636,132300.0,132385.0,132385.0,132300.0,860175.0
2024-05-07 11:05:00,132565.35176590437,132386.0768055242,132435.0,132410.0,132435.0,132410.0,397280.0
2024-05-07 11:10:00,132566.19122620864,132386.66591664852,132500.0,132495.0,132500.0,132490.0,1722425.0
2024-05-07 11:15:00,132552.84761655077,132388.5809548778,132610.0,132520.0,132610.0,132520.0,3048850.0
2024-05-07 11:20:00,132566.47841603073,132389.23586968353,132605.0,132595.0,132650.0,132595.0,2055795.0
2024-05-07 11:25:00,132646.91655980976,132390.22629733308,132785.0,132695.0,132790.0,132645.0,2269500.0
2024-05-07 11:30:00,132684.9126940291,132430.80159168516,132670.0,132775.0,132775.0,132665.0,6701327.5
2024-05-07 11:35:00,132758.0797177401,132519.06313940274,132865.0,132755.0,132925.0,132755.0,8875795.0
2024-05-07 11:40:00,132825.93686059702,132586.92028226014,132910.0,132860.0,132930.0,132830.0,6511424.5
2024-05-07 11:45:00,132854.7779701488,132655.2220298512,132840.0,132820.0,132855.0,132800.0,3985015.0
2024-05-07 11:50:00,132890.99047774856,132703.29523653717,132905.0,132900.0,132930.0,132830.0,3786592.5
2024-05-07 11:55:00,132899.745335614,132767.39752152885,132860.0,132910.0,132910.0,132860.0,2126235.0
2024-05-07 12:00:00,132917.42894868983,132783.99962273875,132905.0,132885.0,132990.0,132885.0,4679324.0
2024-05-07 12:05:00,132917.07956317934,132861.49186539208,132940.0,132920.0,132955.0,132920.0,6247940.0
2024-05-07 12:10:00,132920.0409913491,132867.10186579375,132895.0,132885.0,132940.0,132870.0,8372610.0
2024-05-07 12:15:00,132913.54891699462,132855.0225115768,132845.0,132860.0,132890.0,132835.0,13953245.0
2024-05-07 12:20:00,132914.5451105359,132846.88346089268,132815.0,132915.0,132925.0,132785.0,4516835.0
2024-05-07 12:25:00,132911.56209183042,132845.58076531242,132890.0,132805.0,132890.0,132805.0,1394757.5
2024-05-07 12:30:00,132911.90635455816,132820.950788299,132775.0,132790.0,132790.0,132740.0,2363447.0
2024-05-07 12:35:00,132901.08065083658,132776.06220630626,132710.0,132785.0,132785.0,132710.0,8071780.0
2024-05-07 12:40:00,132867.77509631327,132759.36776082957,132765.0,132740.0,132765.0,132740.0,4686127.0
2024-05-07 12:45:00,132842.30116109113,132747.69883890887,132765.0,132750.0,132805.0,132750.0,7170262.5
2024-05-07 12:50:00,132827.5295049074,132738.18478080686,132760.0,132800.0,132820.0,132760.0,3107393.5
2024-05-07 12:55:00,132815.50826739913,132717.34887545803,132700.0,132740.0,132740.0,132700.0,2628320.0
2024-05-07 13:00:00,132773.66489431603,132724.9065342554,132770.0,132755.0,132770.0,132755.0,265525.0
2024-05-07 13:05:00,132798.77919702092,132721.22080297908,132850.0,132790.0,132850.0,132790.0,265640.0
2024-05-07 13:10:00,132813.63465221817,132737.7939192104,132820.0,132825.0,132825.0,132810.0,1593855.0
2024-05-07 13:20:00,132811.5158921729,132732.76982211284,132740.0,132810.0,132810.0,132740.0,1460555.0
2024-05-07 13:25:00,132810.92498857522,132731.93215428194,132760.0,132765.0,132765.0,132760.0,995725.0
2024-05-07 13:30:00,132808.5272753231,132725.75843896263,132730.0,132750.0,132750.0,132730.0,265480.0
2024-05-07 13:35:00,132808.29585645735,132730.27557211407,132715.0,132720.0,132720.0,132715.0,265435.0
2024-05-07 13:40:00,132803.5156222438,132712.19866347045,132690.0,132740.0,132740.0,132680.0,570617.0
2024-05-07 13:45:00,132771.645862482,132688.354137518,132655.0,132745.0,132745.0,132655.0,1459830.0
2024-05-07 13:50:00,132745.78532723343,132689.92895848083,132735.0,132735.0,132735.0,132735.0,1062015.0
2024-05-07 13:55:00,132768.98583614288,132688.15702099996,132815.0,132805.0,132825.0,132805.0,863277.5
2024-05-07 14:00:00,132771.33011977328,132688.66988022672,132770.0,132790.0,132790.0,132770.0,796720.0
2024-05-07 14:05:00,132776.5825418084,132691.98888676302,132760.0,132750.0,132760.0,132750.0,2323175.0
2024-05-07 14:10:00,132785.01972226638,132699.26599201935,132770.0,132780.0,132780.0,132750.0,3982800.0
2024-05-07 14:15:00,132785.98024684226,132705.44832458632,132715.0,132750.0,132765.0,132690.0,8294325.0
2024-05-07 14:20:00,132784.86559563936,132735.13440436064,132755.0,132765.0,132765.0,132730.0,2920335.0
2024-05-07 14:25:00,132788.34396013097,132741.65603986903,132770.0,132780.0,132780.0,132770.0,2124400.0
2024-05-07 14:30:00,132773.52630461226,132742.187981102,132765.0,132765.0,132765.0,132765.0,132765.0
2024-05-07 14:35:00,132769.4233488794,132730.5766511206,132715.0,132715.0,132715.0,132715.0,398145.0
2024-05-07 14:40:00,132765.15139367417,132720.5628920401,132710.0,132690.0,132715.0,132690.0,1327000.0
2024-05-07 14:45:00,132758.09664689505,132696.1890673907,132660.0,132710.0,132710.0,132660.0,530760.0
2024-05-07 14:50:00,132756.29701845357,132682.27441011785,132660.0,132620.0,132675.0,132615.0,795850.0
2024-05-07 14:55:00,132745.80132611786,132648.48438816788,132600.0,132600.0,132600.0,132560.0,424265.0
2024-05-07 15:00:00,132723.13481427153,132638.29375715705,132655.0,132655.0,132655.0,132655.0,265310.0
2024-05-07 15:05:00,132693.61426747823,132620.6714468075,132600.0,132600.0,132600.0,132600.0,132600.0
2024-05-07 15:10:00,132677.49839064377,132616.78732364197,132645.0,132625.0,132645.0,132620.0,9152240.0
2024-05-07 15:15:00,132659.88730473738,132617.25555240546,132650.0,132650.0,132650.0,132650.0,2122400.0
2024-05-07 15:20:00,132652.74444759462,132610.11269526253,132610.0,132610.0,132615.0,132605.0,1591320.0
2024-05-07 15:25:00,132643.30869702715,132598.11987440143,132585.0,132590.0,132590.0,132585.0,4110140.0
2024-05-07 15:30:00,132663.3690846307,132519.48805822644,132395.0,132475.0,132600.0,132395.0,5841189.0
2024-05-07 15:35:00,132647.87645679337,132437.8378289209,132315.0,132375.0,132395.0,132300.0,3110406.5
2024-05-07 15:40:00,132625.4590119887,132407.39813086845,132415.0,132340.0,132415.0,132340.0,2978425.0
2024-05-07 15:45:00,132584.75930418703,132378.09783867013,132400.0,132400.0,132400.0,132400.0,529600.0
2024-05-07 16:00:00,132532.07688470322,132359.35168672536,132400.0,132395.0,132400.0,132370.0,1456300.0
2024-05-07 16:05:00,132479.330115586,132349.24131298542,132390.0,132390.0,132390.0,132390.0,397175.0
2024-05-07 16:10:00,132422.6023900123,132363.11189570196,132435.0,132435.0,132435.0,132435.0,198652.5
2024-05-07 16:15:00,132418.93177381225,132355.3539404735,132355.0,132350.0,132375.0,132350.0,3573960.0
2024-05-07 16:20:00,132422.47009559872,132381.81561868702,132420.0,132420.0,132420.0,132310.0,14177884.0
2024-05-07 16:25:00,132419.8238724456,132380.1761275544,132400.0,132400.0,132400.0,132400.0,5693410.0
2024-05-07 16:35:00,132417.9247812879,132366.36093299784,132345.0,132350.0,132350.0,132345.0,529415.0
2024-05-07 16:40:00,132417.09409803007,132365.7630448271,132395.0,132395.0,132395.0,132370.0,2819968.5
2024-05-07 16:45:00,132418.63906700216,132367.0752187121,132400.0,132395.0,132450.0,132390.0,926930.0
2024-05-07 16:50:00,132418.63906700216,132367.0752187121,132435.0,132425.0,132435.0,132415.0,1191835.0
2024-05-07 16:55:00,132419.2864833298,132373.57065952735,132380.0,132370.0,132410.0,132370.0,3706850.0
2024-05-07 17:00:00,132415.00986109674,132372.1329960461,132400.0,132400.0,132400.0,132400.0,397230.0
2024-05-07 17:05:00,132420.58281752016,132373.70289676558,132425.0,132420.0,132425.0,132410.0,1324270.0
2024-05-07 17:10:00,132422.1282961157,132392.15741817004,132415.0,132465.0,132465.0,132415.0,4502210.0
2024-05-07 17:15:00,132427.81201890475,132396.473695381,132430.0,132415.0,132430.0,132415.0,3906690.0
2024-05-07 17:25:00,132433.46712985047,132400.81858443527,132435.0,132435.0,132435.0,132435.0,397305.0
2024-05-07 17:30:00,132437.8014759437,132400.7699526277,132450.0,132435.0,132460.0,132435.0,2648960.0
2024-05-07 17:35:00,132450.2911250152,132413.99458927053,132470.0,132455.0,132475.0,132455.0,1324585.0
2024-05-07 17:40:00,132450.44785062844,132420.98072080014,132425.0,132425.0,132425.0,132425.0,1191915.0
2024-05-07 17:45:00,132450.18393025806,132419.81606974194,132420.0,132390.0,132420.0,132390.0,2317092.5
2024-05-07 17:55:00,132452.05832363106,132425.08453351178,132440.0,132440.0,132440.0,132405.0,1059475.0
2024-05-08 10:00:00,132617.49753776458,131939.64531937827,131310.0,131350.0,131385.0,131295.0,4794267.5
2024-05-08 10:05:00,132558.05248093573,131664.80466192143,131265.0,131290.0,131290.0,131255.0,787810.0
2024-05-08 10:10:00,132433.6099561457,131447.8186152829,131255.0,131255.0,131260.0,131245.0,3937495.0
2024-05-08 10:15:00,132257.98868131527,131277.725604399,131260.0,131230.0,131330.0,131195.0,3189143.5
2024-05-08 10:20:00,132060.339929337,131179.660070663,131390.0,131370.0,131405.0,131295.0,2009977.5
2024-05-08 10:25:00,131823.70898606986,131143.43387107298,131465.0,131405.0,131465.0,131385.0,3680212.5
2024-05-08 10:30:00,131547.67891323337,131236.60680105237,131800.0,131740.0,131800.0,131505.0,4949221.0
2024-05-08 10:35:00,131696.34192320233,131262.2295053691,131920.0,131770.0,131920.0,131760.0,5036419.0
2024-05-08 10:40:00,131869.04026706525,131329.53116150617,132105.0,131920.0,132105.0,131920.0,19698780.0
2024-05-08 10:45:00,132004.28628025792,131444.2851483135,132130.0,132120.0,132145.0,132100.0,6434075.0
2024-05-08 10:50:00,132089.3163546563,131599.25507391512,132100.0,132010.0,132130.0,131980.0,10607286.0
2024-05-08 10:55:00,132167.24981712864,131755.60732572852,132210.0,132140.0,132210.0,132140.0,1321660.0
2024-05-08 11:00:00,132194.54455810008,131946.8840133285,132230.0,132210.0,132295.0,132150.0,5580540.0
2024-05-08 11:05:00,132224.39079215965,132045.60920784035,132250.0,132215.0,132255.0,132215.0,1983725.0
2024-05-08 11:10:00,132256.28280928946,132126.5743335677,132315.0,132265.0,132330.0,132265.0,4392009.0
2024-05-08 11:15:00,132284.62298649902,132155.37701350098,132305.0,132255.0,132305.0,132255.0,1984100.0
2024-05-08 11:20:00,132331.92018970964,132183.79409600463,132395.0,132380.0,132435.0,132380.0,31948948.5
2024-05-08 11:25:00,132350.7198973967,132240.7086740319,132365.0,132390.0,132390.0,132365.0,7479672.5
2024-05-08 11:30:00,132377.77509631656,132269.36776082628,132405.0,132360.0,132405.0,132355.0,2117830.0
2024-05-08 11:35:00,132377.59248055806,132285.2646622991,132285.0,132325.0,132385.0,132220.0,1389187.5
2024-05-08 11:40:00,132390.18846091075,132312.6686819464,132390.0,132355.0,132390.0,132355.0,794255.0
2024-05-08 11:45:00,132390.03118197157,132299.96881802843,132270.0,132270.0,132270.0,132270.0,529080.0
2024-05-08 11:50:00,132392.82232645783,132265.7491021136,132195.0,132205.0,132250.0,132175.0,1586270.0
2024-05-08 12:00:00,132370.87520138302,132226.26765575982,132180.0,132215.0,132215.0,132180.0,3437100.0
2024-05-08 12:05:00,132354.93678050148,132217.92036235568,132280.0,132200.0,132280.0,132200.0,3280266.0
2024-05-08 12:10:00,132315.2263363843,132199.05937790143,132200.0,132180.0,132200.0,132165.0,2604190.5
2024-05-08 12:15:00,132307.50062213387,132192.49937786613,132235.0,132230.0,132240.0,132230.0,132235.0
2024-05-08 12:20:00,132290.13090872427,132197.01194841857,132345.0,132300.0,132350.0,132295.0,2726052.0
2024-05-08 12:25:00,132328.52006392108,132195.76565036466,132400.0,132415.0,132420.0,132380.0,1059055.0
2024-05-08 12:30:00,132435.93152501626,132204.06847498374,132600.0,132430.0,132600.0,132430.0,3021550.0
2024-05-08 12:35:00,132469.57555937776,132248.99586919366,132455.0,132505.0,132550.0,132390.0,2795137.5
2024-05-08 12:40:00,132490.7915962843,132273.49411800143,132440.0,132440.0,132440.0,132440.0,132440.0
2024-05-08 12:45:00,132509.4200958122,132330.5799041878,132465.0,132440.0,132475.0,132395.0,2251365.0
2024-05-08 12:50:00,132509.90964867317,132385.8046370411,132430.0,132420.0,132445.0,132415.0,1191850.0
2024-05-08 12:55:00,132513.62365834066,132412.0906273736,132450.0,132430.0,132450.0,132425.0,927060.0
2024-05-08 13:00:00,132520.09150587526,132428.47992269616,132480.0,132480.0,132480.0,132465.0,2914260.0
2024-05-08 13:05:00,132464.65715870488,132435.34284129512,132430.0,132450.0,132450.0,132430.0,1655475.0
2024-05-08 13:10:00,132461.97615012902,132428.02384987098,132420.0,132415.0,132420.0,132415.0,2515895.0
2024-05-08 13:15:00,132463.3605702468,132429.49657261037,132450.0,132410.0,132460.0,132410.0,264860.0
2024-05-08 13:20:00,132460.8957013688,132401.96144148835,132360.0,132450.0,132450.0,132360.0,768056.0
2024-05-08 13:25:00,132460.24485411332,132401.18371731526,132425.0,132365.0,132425.0,132365.0,2779725.0
2024-05-08 13:30:00,132477.2060807931,132401.3653477783,132510.0,132475.0,132510.0,132475.0,662395.0
2024-05-08 13:35:00,132471.5019906938,132399.92658073478,132455.0,132435.0,132455.0,132435.0,529865.0
2024-05-08 13:40:00,132472.88870514306,132401.39700914267,132440.0,132440.0,132440.0,132440.0,132440.0
2024-05-08 13:45:00,132481.76780610482,132408.23219389518,132475.0,132475.0,132475.0,132475.0,132475.0
2024-05-08 13:50:00,132481.0127804266,132407.55864814483,132445.0,132445.0,132445.0,132445.0,264865.0
2024-05-08 14:00:00,132485.46731395254,132391.6755431903,132320.0,132355.0,132355.0,132320.0,291139.0
2024-05-08 14:05:00,132488.1004560762,132394.75668678095,132445.0,132330.0,132445.0,132330.0,529565.0
2024-05-08 14:10:00,132466.08407693906,132382.48735163236,132390.0,132390.0,132390.0,132390.0,132390.0
2024-05-08 14:20:00,132454.70511824588,132361.00916746838,132340.0,132345.0,132345.0,132320.0,7768514.0
2024-05-08 14:25:00,132448.34315502943,132357.37113068483,132405.0,132390.0,132405.0,132390.0,264795.0
2024-05-08 14:30:00,132436.05743202617,132356.799710831,132430.0,132400.0,132430.0,132395.0,264855.0
2024-05-08 14:35:00,132432.20608079337,132356.36534777805,132430.0,132420.0,132430.0,132420.0,926990.0
2024-05-08 14:40:00,132431.61721575874,132374.09706995552,132380.0,132385.0,132385.0,132360.0,529495.0
2024-05-08 14:45:00,132418.3323891923,132367.38189652195,132375.0,132380.0,132395.0,132375.0,661925.0
2024-05-08 14:50:00,132417.09055808646,132345.7665847707,132310.0,132340.0,132340.0,132280.0,793765.0
2024-05-08 15:00:00,132417.1635809492,132338.55070476505,132315.0,132315.0,132315.0,132315.0,264630.0
2024-05-08 15:05:00,132408.5124045154,132304.34473834175,132255.0,132325.0,132325.0,132255.0,793745.0
2024-05-08 15:10:00,132384.6174811636,132271.09680455067,132230.0,132245.0,132255.0,132230.0,1520782.5
2024-05-08 15:15:00,132378.19303176526,132271.80696823474,132410.0,132420.0,132420.0,132370.0,238356.0
2024-05-08 15:20:00,132382.12124506102,132272.16446922472,132395.0,132365.0,132395.0,132365.0,794340.0
2024-05-08 15:30:00,132383.3100170916,132272.40426862266,132380.0,132390.0,132390.0,132380.0,2515230.0
2024-05-08 15:35:00,132429.87722708564,132280.12277291436,132500.0,132430.0,132500.0,132430.0,2689490.0
2024-05-08 15:40:00,132487.91509550205,132294.9420473551,132570.0,132530.0,132570.0,132515.0,3737405.0
2024-05-08 15:45:00,132513.01223921165,132338.41633221693,132495.0,132505.0,132510.0,132495.0,1987615.0
2024-05-08 15:50:00,132526.87358185468,132410.26927528816,132530.0,132520.0,132530.0,132520.0,795170.0
2024-05-08 15:55:00,132534.69856313427,132425.30143686573,132490.0,132515.0,132515.0,132490.0,9500326.0
2024-05-08 16:00:00,132548.6442701679,132452.7843012607,132540.0,132490.0,132555.0,132465.0,6413387.0
2024-05-08 16:05:00,132572.40360779696,132497.59639220304,132620.0,132570.0,132625.0,132570.0,3275347.0
2024-05-08 16:10:00,132622.94226798028,132504.20058916256,132700.0,132640.0,132700.0,132640.0,4843267.5
2024-05-08 16:15:00,132630.29810933355,132508.27331923787,132610.0,132695.0,132695.0,132610.0,4443690.0
2024-05-08 16:20:00,132661.1899060004,132533.09580828535,132690.0,132640.0,132710.0,132640.0,4630321.0
2024-05-08 16:25:00,132672.26541468527,132552.02029960047,132635.0,132660.0,132660.0,132635.0,4907855.0
2024-05-08 16:30:00,132701.04313804038,132594.6711476739,132740.0,132635.0,132740.0,132635.0,928825.0
2024-05-08 16:35:00,132698.92380825485,132616.7904774594,132610.0,132620.0,132690.0,132595.0,3806209.0
2024-05-08 16:40:00,132700.25805501675,132621.17051641183,132640.0,132600.0,132640.0,132590.0,10873780.0
2024-05-08 16:45:00,132686.8796597805,132598.83462593376,132575.0,132580.0,132585.0,132575.0,2041705.0
2024-05-08 16:50:00,132687.2268357736,132599.91602136925,132615.0,132555.0,132615.0,132550.0,1590780.0
2024-05-08 16:55:00,132673.87058257122,132558.98656028594,132500.0,132495.0,132545.0,132495.0,2915635.0
2024-05-08 17:00:00,132663.5194896295,132535.0519389419,132515.0,132485.0,132525.0,132470.0,2212904.0
2024-05-08 17:05:00,132624.35777862684,132538.49936423032,132615.0,132615.0,132615.0,132615.0,530460.0
2024-05-08 17:10:00,132622.33220756243,132537.66779243757,132600.0,132600.0,132600.0,132600.0,132600.0
2024-05-08 17:15:00,132607.51261719197,132533.9159542366,132575.0,132575.0,132575.0,132575.0,132575.0
2024-05-08 17:20:00,132605.4611846162,132531.68167252664,132560.0,132560.0,132560.0,132560.0,530240.0
2024-05-08 17:25:00,132594.57768132788,132528.27946152928,132565.0,132560.0,132565.0,132560.0,265125.0
2024-05-08 17:30:00,132612.30241583608,132549.1261555925,132635.0,132635.0,132635.0,132635.0,265270.0
2024-05-08 17:35:00,132646.18177139873,132568.103942887,132700.0,132660.0,132705.0,132640.0,875762.0
2024-05-08 17:40:00,132658.43192855615,132571.56807144385,132670.0,132715.0,132715.0,132650.0,5374295.0
2024-05-08 17:50:00,132667.4120562426,132578.30222947165,132655.0,132655.0,132655.0,132655.0,265310.0
2024-05-09 10:00:00,132855.69077148187,132000.0235142324,131210.0,131200.0,131210.0,131200.0,1180840.0
2024-05-09 10:05:00,132800.06713772466,131625.6471479896,131055.0,131240.0,131275.0,131025.0,8135172.5
2024-05-09 10:10:00,132663.68148523368,131259.17565762348,130805.0,131010.0,131010.0,130785.0,5889818.0
2024-05-09 10:15:00,132430.84137749625,130937.73005107518,130695.0,130735.0,130870.0,130695.0,11967278.5
2024-05-09 10:20:00,132097.41718782106,130685.43995503611,130650.0,130705.0,130720.0,130625.0,7776152.5
2024-05-09 10:25:00,131668.9473216052,130522.48124982338,130600.0,130660.0,130695.0,130600.0,6467330.0
2024-05-09 10:30:00,130995.99410261978,130628.29161166593,130670.0,130630.0,130810.0,130630.0,7163764.5
2024-05-09 10:35:00,130855.72806761024,130608.55764667547,130650.0,130700.0,130700.0,130550.0,3736622.5
2024-05-09 10:40:00,130724.2658041412,130590.0199101445,130530.0,130605.0,130655.0,130530.0,2612175.0
2024-05-09 10:45:00,130670.1510954256,130571.27747600299,130550.0,130615.0,130615.0,130550.0,1240640.0
2024-05-09 10:50:00,130690.12610466329,130568.44532390813,130755.0,130690.0,130755.0,130635.0,3489633.0
2024-05-09 10:55:00,130679.03120545625,130545.25450882946,130530.0,130600.0,130625.0,130500.0,2702331.5
2024-05-09 11:00:00,130672.91189442611,130524.23096271676,130505.0,130505.0,130540.0,130445.0,6394775.0
2024-05-09 11:05:00,130657.92108193589,130517.7932037784,130595.0,130500.0,130595.0,130500.0,3263595.0
2024-05-09 11:10:00,130638.82801046337,130502.6005609652,130530.0,130590.0,130590.0,130530.0,1305480.0
2024-05-09 11:15:00,130691.43348318612,130517.1379453853,130765.0,130745.0,130800.0,130470.0,16000857.5
2024-05-09 11:20:00,130744.91131978316,130537.94582307397,130810.0,130790.0,130810.0,130790.0,3767289.0
2024-05-09 11:25:00,130734.09292713852,130535.90707286148,130710.0,130810.0,130835.0,130705.0,4772882.0
2024-05-09 11:30:00,130744.90076245491,130560.81352325938,130655.0,130635.0,130680.0,130635.0,10975125.0
2024-05-09 11:35:00,130758.91551026599,130605.37020401972,130710.0,130710.0,130710.0,130710.0,6666245.0
2024-05-09 11:40:00,130765.55367930458,130624.44632069542,130685.0,130735.0,130755.0,130685.0,1437795.0
2024-05-09 11:45:00,130761.49744553387,130679.93112589471,130710.0,130755.0,130755.0,130705.0,4731937.0
2024-05-09 11:50:00,130746.52055543949,130662.05087313193,130650.0,130645.0,130685.0,130640.0,2116780.0
2024-05-09 11:55:00,130744.50115906965,130662.64169807322,130805.0,130700.0,130805.0,130700.0,1542745.0
2024-05-09 12:00:00,130778.41266150847,130664.44448134866,130835.0,130835.0,130895.0,130800.0,2459782.5
2024-05-09 12:05:00,130834.06592286479,130683.07693427808,130915.0,130895.0,130940.0,130895.0,4582505.0
2024-05-09 12:10:00,130905.01253957066,130697.84460328647,131010.0,131000.0,131075.0,130970.0,1702930.0
2024-05-09 12:15:00,130944.69494912475,130736.73362230383,130960.0,131025.0,131025.0,130915.0,2842505.0
2024-05-09 12:20:00,130959.3542962579,130772.07427517069,130885.0,130990.0,131015.0,130885.0,1047800.0
2024-05-09 12:25:00,130953.920846099,130841.79343961529,130875.0,130950.0,130955.0,130875.0,2749390.0
2024-05-09 12:30:00,130953.7754906701,130854.79593790132,130850.0,130850.0,130850.0,130850.0,785100.0
2024-05-09 12:35:00,130956.46107973391,130869.25320598038,130895.0,130880.0,130895.0,130880.0,785355.0
2024-05-09 12:40:00,130955.74679401962,130868.53892026609,130910.0,130910.0,130910.0,130910.0,3272750.0
2024-05-09 12:45:00,130919.79787918771,130861.63069224087,130860.0,130850.0,130860.0,130850.0,4187460.0
2024-05-09 12:50:00,130911.80582091337,130791.05132194376,130685.0,130755.0,130820.0,130685.0,12157962.0
2024-05-09 12:55:00,130897.89853985459,130763.53003157399,130740.0,130730.0,130740.0,130730.0,3922000.0
2024-05-09 13:00:00,130896.85476701273,130763.14523298727,130870.0,130760.0,130870.0,130760.0,3860382.5
2024-05-09 13:05:00,130894.3920421919,130761.32224352239,130835.0,130840.0,130840.0,130830.0,1373740.0
2024-05-09 13:10:00,130874.2096499133,130747.21892151528,130775.0,130815.0,130815.0,130775.0,5401207.5
2024-05-09 13:15:00,130844.90230716478,130737.95483569235,130775.0,130810.0,130830.0,130775.0,1961895.0
2024-05-09 13:30:00,130822.06338037169,130710.79376248544,130685.0,130695.0,130740.0,130685.0,2875785.0
2024-05-09 13:35:00,130824.80934238162,130728.04780047551,130755.0,130755.0,130755.0,130755.0,653705.0
2024-05-09 13:40:00,130838.08243965752,130740.4889889139,130830.0,130755.0,130830.0,130685.0,9678900.0
2024-05-09 13:45:00,130816.25527139091,130736.60187146622,130780.0,130850.0,130865.0,130780.0,1635267.5
2024-05-09 13:50:00,130816.25527139091,130736.60187146622,130835.0,130830.0,130850.0,130830.0,2446546.0
2024-05-09 13:55:00,130816.97895351915,130737.30676076656,130780.0,130755.0,130830.0,130755.0,2746490.0
2024-05-09 14:00:00,130814.24431375941,130732.89854338346,130750.0,130755.0,130790.0,130750.0,5361365.0
2024-05-09 14:05:00,130814.24173091781,130761.47255479648,130785.0,130735.0,130845.0,130715.0,7154713.0
2024-05-09 14:10:00,130818.59053357311,130735.6951807126,130680.0,130700.0,130795.0,130680.0,15623782.5
2024-05-09 14:15:00,130801.6659347135,130706.90549385792,130670.0,130645.0,130720.0,130645.0,914840.0
2024-05-09 14:20:00,130794.59313727557,130701.12114843872,130735.0,130670.0,130735.0,130670.0,1045815.0
2024-05-09 14:25:00,130792.91595366847,130701.36976061724,130830.0,130770.0,130830.0,130755.0,10856890.0
2024-05-09 14:35:00,130791.8487095532,130701.00843330393,130775.0,130800.0,130800.0,130775.0,1177075.0
2024-05-09 14:40:00,130798.32445681846,130704.53268603867,130785.0,130815.0,130815.0,130785.0,784740.0
2024-05-09 14:45:00,130809.79705792811,130705.91722778618,130830.0,130835.0,130855.0,130830.0,654235.0
2024-05-09 14:50:00,130836.75615433337,130731.81527423805,130865.0,130865.0,130865.0,130815.0,6149357.5
2024-05-09 14:55:00,130901.49268861937,130762.79302566634,131005.0,130900.0,131030.0,130860.0,3823432.0
2024-05-09 15:00:00,130977.20592406491,130788.50836164938,131090.0,131005.0,131090.0,130975.0,7340515.0
2024-05-09 15:05:00,131070.04379259935,130804.24192168636,131210.0,131040.0,131215.0,131040.0,23983800.5
2024-05-09 15:10:00,131160.64718044252,130856.49567670035,131275.0,131210.0,131275.0,131205.0,2952580.0
2024-05-09 15:15:00,131237.6602980702,130930.91113050122,131315.0,131295.0,131315.0,131295.0,787790.0
2024-05-09 15:20:00,131310.58411019633,131016.5587469465,131385.0,131335.0,131400.0,131320.0,1943833.5
2024-05-09 15:25:00,131390.4808562507,131119.5191437493,131505.0,131475.0,131510.0,131400.0,3811790.0
2024-05-09 15:30:00,131406.28536945424,131198.0003448315,131335.0,131345.0,131460.0,131335.0,2167651.5
2024-05-09 15:35:00,131409.5609940989,131263.29614875827,131330.0,131295.0,131345.0,131270.0,577818.0
2024-05-09 15:40:00,131419.36206902258,131302.066502406,131380.0,131410.0,131410.0,131365.0,1313930.0
2024-05-09 15:55:00,131455.66502532057,131330.0492603937,131500.0,131500.0,131525.0,131455.0,5260120.0
2024-05-09 16:00:00,131477.2381954845,131355.61894737266,131480.0,131500.0,131500.0,131480.0,394485.0
2024-05-09 16:05:00,131486.12252172636,131365.30604970222,131450.0,131450.0,131450.0,131450.0,262900.0
2024-05-09 16:10:00,131468.9267634202,131361.0732365798,131430.0,131390.0,131430.0,131375.0,656945.0
2024-05-09 16:15:00,131475.43340563955,131383.13802293187,131435.0,131435.0,131435.0,131435.0,262925.0
2024-05-09 16:25:00,131472.77440335762,131407.22559664238,131405.0,131400.0,131440.0,131385.0,2036837.5
2024-05-09 16:30:00,131481.3050794916,131372.98063479413,131290.0,131415.0,131415.0,131270.0,9586512.5
2024-05-09 16:35:00,131457.49646176954,131355.36068108762,131355.0,131305.0,131355.0,131305.0,433371.5
2024-05-09 16:40:00,131434.2217100166,131342.92114712624,131355.0,131355.0,131380.0,131320.0,919427.5
2024-05-09 16:45:00,131417.50166129266,131336.78405299308,131370.0,131370.0,131370.0,131370.0,131370.0
2024-05-09 16:50:00,131411.09492004127,131336.04793710157,131405.0,131320.0,131405.0,131300.0,1838840.0
2024-05-09 16:55:00,131393.01189160242,131331.27382268332,131355.0,131355.0,131355.0,131355.0,131355.0
2024-05-09 17:00:00,131378.74145087224,131318.4014062706,131310.0,131325.0,131325.0,131305.0,1050515.0
2024-05-09 17:05:00,131378.74145087224,131318.4014062706,131290.0,131340.0,131340.0,131290.0,787790.0
2024-05-09 17:10:00,131375.53991787758,131314.46008212242,131330.0,131330.0,131330.0,131330.0,393990.0
2024-05-09 17:20:00,131415.7557681191,131311.38708902374,131485.0,131385.0,131485.0,131375.0,1577070.0
2024-05-09 17:25:00,131453.61935324752,131314.9520753239,131515.0,131505.0,131530.0,131490.0,3985013.0
2024-05-09 17:30:00,131503.9055652304,131317.52300619817,131590.0,131560.0,131590.0,131560.0,855305.0
2024-05-09 17:35:00,131540.32785946864,131339.67214053136,131560.0,131560.0,131560.0,131560.0,131560.0
2024-05-09 17:40:00,131581.3641186004,131382.92159568533,131605.0,131595.0,131605.0,131575.0,789525.0
2024-05-09 17:45:00,131601.46980123705,131448.53019876295,131590.0,131595.0,131620.0,131590.0,657990.0
2024-05-09 17:50:00,131588.43192856174,131501.56807143826,131470.0,131495.0,131495.0,131465.0,1577790.0
2024-05-09 17:55:00,131588.44250010574,131502.98607132284,131490.0,131440.0,131500.0,131440.0,1446240.0
2024-05-10 10:00:00,131589.6823595898,131506.03192612447,131530.0,131485.0,131530.0,131460.0,1630524.5
2024-05-10 10:05:00,131580.59192045164,131502.26522240552,131545.0,131580.0,131580.0,131455.0,2367795.0
2024-05-10 10:10:00,131642.8413769923,131494.30148015055,131750.0,131535.0,131750.0,131525.0,5147862.5
2024-05-10 10:15:00,131696.75586107236,131494.67271035622,131795.0,131845.0,132010.0,131770.0,3337070.0
2024-05-10 10:20:00,131748.22047782262,131507.49380789165,131815.0,131900.0,131900.0,131805.0,922780.0
2024-05-10 10:25:00,131840.41423613977,131556.72862100307,131965.0,131885.0,131965.0,131825.0,791210.0
2024-05-10 10:30:00,131856.7084603051,131613.2915396949,131745.0,131790.0,132045.0,131720.0,2452980.0
2024-05-10 10:35:00,131869.1288106732,131672.29976075538,131780.0,131790.0,131890.0,131780.0,1489697.0
2024-05-10 10:40:00,131885.77061388368,131614.22938611632,131400.0,131635.0,131700.0,131380.0,1683677.5
2024-05-10 10:45:00,131869.3548717374,131560.6451282626,131505.0,131480.0,131535.0,131480.0,1183595.0
2024-05-10 10:50:00,131835.70038122518,131504.29961877482,131480.0,131480.0,131480.0,131480.0,262960.0
2024-05-10 10:55:00,131784.91051468896,131437.9466281682,131405.0,131400.0,131430.0,131385.0,1603220.0
2024-05-10 11:00:00,131661.34799834344,131404.36628737082,131415.0,131435.0,131435.0,131160.0,6239310.0
2024-05-10 11:10:00,131593.14463002936,131376.85536997064,131410.0,131410.0,131410.0,131275.0,1746450.5
2024-05-10 11:15:00,131468.93926181496,131403.9178810422,131440.0,131425.0,131470.0,131425.0,591507.5
2024-05-10 11:20:00,131483.79761936987,131416.20238063013,131495.0,131505.0,131505.0,131495.0,263000.0
2024-05-10 11:30:00,131481.06998207516,131337.50144649626,131220.0,131160.0,131220.0,131065.0,3422120.0
2024-05-10 11:35:00,131461.22502028575,131267.34640828567,131165.0,131180.0,131180.0,131165.0,131165.0
2024-05-10 11:40:00,131442.99199602765,131204.1508611152,131120.0,131120.0,131125.0,131120.0,1311225.0
2024-05-10 11:45:00,131409.51046539165,131144.7752488941,131090.0,131060.0,131090.0,131000.0,458695.0
2024-05-10 11:50:00,131368.7450975516,131034.11204530553,130880.0,131070.0,131070.0,130880.0,2750857.0
2024-05-10 11:55:00,131289.9852654537,130975.72902026057,130960.0,130985.0,131030.0,130960.0,523935.0
2024-05-10 12:00:00,131160.32802283383,130972.5291200233,131030.0,131025.0,131030.0,131025.0,262005.0
2024-05-10 12:05:00,131108.77754794937,130939.79388062206,130925.0,130990.0,130990.0,130925.0,523835.0
2024-05-10 12:10:00,131061.918481133,130915.22437600986,130915.0,130930.0,130955.0,130915.0,2880250.0
2024-05-10 12:15:00,131016.92596958707,130885.93117327006,130860.0,130965.0,130975.0,130860.0,2356700.0
2024-05-10 12:20:00,130967.07683453897,130867.20887974674,130850.0,130885.0,130885.0,130850.0,1963225.0
2024-05-10 12:25:00,130965.84573441527,130859.86855129902,130850.0,130830.0,130850.0,130795.0,6801850.0
2024-05-10 12:30:00,130953.08551503015,130805.48591354127,130725.0,130700.0,130725.0,130680.0,1686037.5
2024-05-10 12:35:00,130901.45490020541,130762.8308140803,130700.0,130660.0,130700.0,130605.0,2508655.0
2024-05-10 12:40:00,130872.94500298673,130707.05499701327,130630.0,130645.0,130645.0,130630.0,783795.0
2024-05-10 12:45:00,130831.28890708614,130675.85395005673,130660.0,130650.0,130670.0,130650.0,6572514.5
2024-05-10 12:50:00,130795.87966774064,130636.9774751165,130600.0,130655.0,130660.0,130600.0,2717038.0
2024-05-10 12:55:00,130756.5570075971,130627.7287066886,130680.0,130615.0,130680.0,130615.0,783755.0
2024-05-10 13:00:00,130733.44540717565,130633.69744996722,130790.0,130670.0,130790.0,130660.0,3242546.0
2024-05-10 13:05:00,130766.58685425558,130631.98457431584,130835.0,130775.0,130835.0,130750.0,2131835.5
2024-05-10 13:10:00,130806.52099800557,130639.19328770872,130865.0,130805.0,130875.0,130780.0,8150648.5
2024-05-10 13:15:00,130837.04270051573,130670.10015662714,130845.0,130860.0,130885.0,130845.0,1373982.5
2024-05-10 13:20:00,130862.41466827397,130700.44247458316,130855.0,130835.0,130860.0,130835.0,3467552.5
2024-05-10 13:25:00,130881.16461906038,130767.40680951104,130900.0,130840.0,130900.0,130840.0,261740.0
2024-05-10 13:30:00,130876.49782715522,130823.50217284478,130860.0,130795.0,130860.0,130795.0,261650.0
2024-05-10 13:40:00,130885.85655911856,130845.57201231002,130900.0,130860.0,130935.0,130860.0,1086265.0
2024-05-10 13:45:00,130917.25368016327,130851.31774840815,130965.0,130950.0,130965.0,130870.0,1440065.0
2024-05-10 13:50:00,130965.23581314847,130853.33561542296,131040.0,130960.0,131040.0,130960.0,288208.0
2024-05-10 13:55:00,130989.36290719612,130874.92280708959,131005.0,131005.0,131005.0,131005.0,1965075.0
2024-05-10 14:00:00,130991.54206848613,130888.45793151387,130910.0,130945.0,130945.0,130910.0,261855.0
2024-05-10 14:05:00,130990.38547219508,130881.0430992335,130870.0,130885.0,130885.0,130870.0,327175.0
2024-05-10 14:10:00,130990.80978241606,130873.47593186965,130835.0,130820.0,130840.0,130775.0,1831065.0
2024-05-10 14:15:00,130988.14226938316,130859.00058775971,130840.0,130840.0,130840.0,130840.0,130840.0
2024-05-10 14:20:00,130972.23243613845,130834.91042100442,130825.0,130825.0,130825.0,130825.0,523300.0
2024-05-10 14:25:00,130938.26934519954,130836.01636908617,130925.0,130880.0,130925.0,130880.0,418910.0
2024-05-10 14:30:00,130912.01701731764,130840.84012553949,130930.0,130930.0,130930.0,130930.0,130930.0
2024-05-10 14:35:00,130923.27326949159,130841.01244479412,130950.0,130965.0,130965.0,130945.0,1833320.0
2024-05-10 14:40:00,130956.06551779433,130846.7916250628,131005.0,130970.0,131005.0,130970.0,1178840.0
2024-05-10 14:45:00,130996.51632191172,130867.76939237399,131050.0,131010.0,131075.0,131010.0,2489797.5
2024-05-10 14:50:00,131033.28737301292,130898.14119841566,131075.0,131070.0,131100.0,131070.0,655410.0
2024-05-10 14:55:00,131057.35691364482,130948.35737206947,131085.0,131090.0,131090.0,131075.0,1573000.0
2024-05-10 15:00:00,131057.59896373338,130955.25817912375,130950.0,130985.0,130985.0,130940.0,694135.0
2024-05-10 15:05:00,131060.33042996055,130935.38385575374,130870.0,130930.0,130930.0,130870.0,654530.0
2024-05-10 15:10:00,131058.7797432269,130924.07739963023,130905.0,130880.0,130925.0,130880.0,3010915.0
2024-05-10 15:15:00,131053.28737301286,130918.14119841572,130965.0,130940.0,131005.0,130910.0,1401171.0
2024-05-10 15:20:00,131039.45673741109,130911.97183401749,130980.0,130915.0,130980.0,130915.0,942739.0
2024-05-10 15:25:00,131008.71676764515,130899.85466092627,130925.0,130930.0,130960.0,130920.0,523775.0
2024-05-10 15:30:00,130966.03280779514,130905.39576363344,130955.0,130955.0,130955.0,130955.0,130955.0
2024-05-10 15:35:00,130970.43090897215,130906.71194817072,130970.0,130910.0,130980.0,130910.0,785760.0
2024-05-10 15:40:00,130978.45592223344,130931.54407776656,130985.0,130945.0,130985.0,130940.0,392870.0
2024-05-10 15:45:00,130977.56838317691,130945.28875968022,130950.0,130970.0,130970.0,130950.0,523845.0
2024-05-10 16:00:00,130981.91004187225,130908.08995812775,130850.0,130855.0,130855.0,130850.0,745845.0
2024-05-10 16:05:00,130970.32337553894,130882.5337673182,130850.0,130825.0,130850.0,130810.0,915885.0
2024-05-10 16:15:00,130968.4609992317,130880.11042933972,130910.0,130900.0,130910.0,130900.0,2880005.0
2024-05-10 16:20:00,130957.30255136377,130851.26887720765,130815.0,130825.0,130850.0,130800.0,784885.0
2024-05-10 16:25:00,130935.44870431996,130830.26558139433,130820.0,130860.0,130860.0,130810.0,523325.0
2024-05-10 16:30:00,130900.25988615701,130804.0258281287,130770.0,130790.0,130790.0,130765.0,7886149.5
2024-05-10 16:35:00,130865.97545873844,130794.02454126156,130795.0,130750.0,130800.0,130750.0,3857935.0
2024-05-10 16:40:00,130860.79626849292,130754.91801722137,130695.0,130740.0,130740.0,130695.0,457492.5
2024-05-10 16:45:00,130846.15977017218,130738.12594411353,130740.0,130725.0,130740.0,130725.0,1241952.5
2024-05-10 16:55:00,130805.67058333174,130704.32941666826,130650.0,130710.0,130710.0,130645.0,783995.0
2024-05-10 17:00:00,130786.62619029502,130690.51666684785,130700.0,130705.0,130705.0,130620.0,1045400.0
2024-05-10 17:10:00,130763.02628661225,130685.54514195917,130720.0,130720.0,130720.0,130720.0,130720.0
2024-05-10 17:15:00,130757.01082156053,130684.41774986805,130745.0,130745.0,130745.0,130745.0,522980.0
2024-05-10 17:20:00,130742.54694389197,130686.02448467945,130750.0,130750.0,130750.0,130750.0,1307500.0
2024-05-10 17:30:00,130755.20320880275,130693.36821976867,130765.0,130765.0,130765.0,130765.0,1699945.0
2024-05-10 17:35:00,130785.2994140793,130691.84344306357,130840.0,130840.0,130840.0,130840.0,2747635.0
2024-05-10 17:40:00,130812.57123474777,130721.71447953794,130850.0,130835.0,130850.0,130830.0,1308325.0
2024-05-10 17:45:00,130840.63952885472,130743.64618543099,130875.0,130820.0,130875.0,130810.0,654210.0
2024-05-14 10:00:00,130878.15981001346,130766.12590427225,130930.0,131070.0,131070.0,130930.0,3457623.0
2024-05-14 10:05:00,130988.45670925104,130772.97186217754,131155.0,130950.0,131155.0,130900.0,3237737.0
2024-05-14 10:10:00,131060.42056830194,130815.29371741235,131150.0,131070.0,131155.0,131055.0,1442130.0
2024-05-14 10:15:00,131121.46782517366,130872.81788911203,131180.0,131110.0,131180.0,131110.0,590235.0
2024-05-14 10:20:00,131135.09639106307,130912.0464660798,131025.0,131095.0,131170.0,130955.0,1048420.0
2024-05-14 10:25:00,131149.5220169957,130961.90655443289,131075.0,130955.0,131075.0,130955.0,2685452.5
2024-05-14 10:30:00,131162.7283579973,131021.55735628844,131130.0,131075.0,131140.0,131015.0,2791733.0
2024-05-14 10:35:00,131166.6225197993,131080.52033734354,131150.0,131075.0,131230.0,131050.0,4985470.0
2024-05-14 10:40:00,131205.30592793555,131077.5512149216,131280.0,131130.0,131310.0,131130.0,2926561.0
2024-05-14 10:45:00,131252.66495601108,131081.62075827466,131330.0,131345.0,131345.0,131330.0,498954.0
2024-05-14 10:50:00,131310.94483412433,131087.6265944471,131405.0,131330.0,131445.0,131275.0,2470051.5
2024-05-14 10:55:00,131401.5375118648,131141.31963099237,131530.0,131420.0,131565.0,131420.0,3116736.0
2024-05-14 11:00:00,131466.01291177172,131206.84423108544,131530.0,131520.0,131550.0,131505.0,4537640.0
2024-05-14 11:05:00,131553.6485498032,131273.49430733963,131670.0,131550.0,131710.0,131545.0,7569136.0
2024-05-14 11:10:00,131617.14083783832,131364.28773359026,131690.0,131720.0,131800.0,131650.0,4900666.0
2024-05-14 11:15:00,131648.0913439955,131433.33722743308,131630.0,131780.0,131780.0,131600.0,6018721.0
2024-05-14 11:20:00,131652.4641432097,131496.1072853617,131565.0,131560.0,131600.0,131475.0,4287460.5
2024-05-14 11:25:00,131647.96809066122,131539.17476648162,131540.0,131585.0,131640.0,131540.0,1947488.0
2024-05-14 11:30:00,131648.93122784863,131545.3544864371,131555.0,131565.0,131580.0,131535.0,1710315.0
2024-05-14 11:35:00,131650.61790255568,131526.52495458716,131470.0,131555.0,131595.0,131470.0,1341762.0
2024-05-14 11:40:00,131635.1420831073,131523.42934546413,131605.0,131535.0,131605.0,131535.0,644575.0
2024-05-14 11:45:00,131640.48970828403,131522.36743457313,131705.0,131580.0,131780.0,131565.0,3568196.0
2024-05-14 11:50:00,131741.15672041292,131504.55756530134,131920.0,131780.0,131920.0,131705.0,4309668.5
2024-05-14 11:55:00,131818.5202131345,131528.62264400834,131920.0,131900.0,131985.0,131885.0,4063465.0
2024-05-14 12:00:00,131859.1315399959,131572.29703143268,131835.0,131835.0,131910.0,131835.0,2927487.0
2024-05-14 12:05:00,131902.7290697227,131624.41378742014,131890.0,131875.0,131900.0,131800.0,4416695.0
2024-05-14 12:10:00,131912.48319972184,131723.23108599242,131850.0,131880.0,131880.0,131850.0,1714155.0
2024-05-14 12:15:00,131906.29575340098,131785.1328180276,131800.0,131845.0,131855.0,131770.0,7408060.5
2024-05-14 12:20:00,131900.81459120315,131826.3282659397,131830.0,131800.0,131850.0,131800.0,1845625.0
2024-05-14 12:25:00,131882.26923522772,131814.87362191512,131815.0,131850.0,131850.0,131815.0,593220.0
2024-05-14 12:30:00,131865.7738873763,131764.2261126237,131685.0,131815.0,131840.0,131650.0,2278868.5
2024-05-14 12:35:00,131858.73895596046,131716.9753297538,131645.0,131630.0,131685.0,131595.0,2803715.5
2024-05-14 12:40:00,131824.7664341388,131680.94785157547,131645.0,131670.0,131670.0,131645.0,2106582.5
2024-05-14 12:45:00,131799.81184151408,131673.04530134308,131735.0,131745.0,131745.0,131660.0,1290711.0
2024-05-14 12:50:00,131782.54234875532,131663.17193695894,131705.0,131715.0,131725.0,131695.0,948292.0
2024-05-14 12:55:00,131746.24999181292,131646.60715104424,131645.0,131700.0,131700.0,131645.0,526740.0
2024-05-14 13:00:00,131707.08437983773,131605.77276301943,131535.0,131645.0,131645.0,131535.0,3158290.0
2024-05-14 13:05:00,131697.03508285884,131564.39348856974,131505.0,131560.0,131575.0,131500.0,1946752.5
2024-05-14 13:10:00,131687.27902200609,131522.72097799391,131465.0,131505.0,131505.0,131465.0,1972150.0
2024-05-14 13:15:00,131669.86769351584,131477.275163627,131425.0,131490.0,131525.0,131425.0,3458106.0
2024-05-14 13:20:00,131615.49657272422,131430.21771299004,131380.0,131435.0,131435.0,131375.0,3771295.0
2024-05-14 13:25:00,131569.09029587553,131430.90970412447,131545.0,131485.0,131545.0,131435.0,1840935.0
2024-05-14 13:30:00,131561.96245989687,131432.32325438887,131625.0,131545.0,131650.0,131545.0,1881727.5
2024-05-14 13:35:00,131562.99929049917,131432.7149952151,131540.0,131610.0,131610.0,131540.0,486768.0
2024-05-14 13:40:00,131582.1693260652,131439.25924536338,131595.0,131540.0,131595.0,131540.0,526315.0
2024-05-14 13:45:00,131608.87532750424,131456.83895821002,131620.0,131615.0,131660.0,131600.0,2895640.0
2024-05-14 13:50:00,131624.4606785182,131489.82503576754,131595.0,131655.0,131690.0,131595.0,658180.0
2024-05-14 13:55:00,131626.63548867224,131563.36451132776,131645.0,131620.0,131645.0,131600.0,1316205.0
2024-05-14 14:00:00,131635.87897890498,131579.83530680928,131635.0,131660.0,131695.0,131635.0,487134.5
2024-05-14 14:05:00,131629.08682623695,131568.0560309059,131560.0,131570.0,131570.0,131520.0,1276025.0
2024-05-14 14:10:00,131634.05131869874,131547.37725272984,131485.0,131510.0,131540.0,131480.0,4419020.0
2024-05-14 14:15:00,131628.08243965378,131530.48898891764,131515.0,131470.0,131520.0,131425.0,7283755.0
2024-05-14 14:20:00,131616.9676587411,131523.0323412589,131555.0,131500.0,131555.0,131495.0,8442969.0
2024-05-14 14:25:00,131606.51028234043,131504.91828908815,131495.0,131470.0,131530.0,131470.0,1183450.0
2024-05-14 14:30:00,131583.1509793597,131502.56330635457,131555.0,131535.0,131555.0,131535.0,920755.0
2024-05-14 14:35:00,131549.66505777588,131484.62065650985,131455.0,131445.0,131455.0,131445.0,236619.0
2024-05-14 14:40:00,131541.35485562208,131482.93085866366,131525.0,131525.0,131525.0,131525.0,131525.0
2024-05-14 14:45:00,131544.06035569598,131488.79678716118,131515.0,131505.0,131525.0,131505.0,2893240.0
2024-05-14 14:50:00,131546.02858972317,131449.6856959911,131385.0,131405.0,131435.0,131385.0,6570567.5
2024-05-14 14:55:00,131532.89408675447,131389.9630561027,131300.0,131365.0,131365.0,131300.0,2416758.0
2024-05-14 15:00:00,131518.13410751117,131349.00874963167,131300.0,131340.0,131395.0,131280.0,8773450.0
2024-05-14 15:05:00,131484.05113204737,131337.3774393812,131395.0,131360.0,131395.0,131275.0,10703807.5
2024-05-14 15:10:00,131514.51366430245,131339.7720499833,131570.0,131600.0,131600.0,131415.0,2274836.5
2024-05-14 15:15:00,131513.22346163422,131339.63368122294,131520.0,131525.0,131565.0,131520.0,697166.0
2024-05-14 15:20:00,131502.94500298516,131337.05499701484,131470.0,131480.0,131490.0,131470.0,525915.0
2024-05-14 15:25:00,131517.1994878644,131349.94336927845,131480.0,131445.0,131480.0,131425.0,2102945.0
2024-05-14 15:35:00,131555.18260200458,131394.81739799542,131590.0,131590.0,131590.0,131515.0,1052275.0
2024-05-14 15:40:00,131567.7878567267,131457.92642898756,131565.0,131590.0,131590.0,131565.0,855197.5
2024-05-14 15:45:00,131591.40554219796,131500.02302923062,131625.0,131580.0,131625.0,131580.0,1645237.5
2024-05-14 15:50:00,131586.32657401645,131496.5305688407,131540.0,131535.0,131565.0,131535.0,618233.0
2024-05-14 15:55:00,131587.35321566183,131498.36107005243,131530.0,131530.0,131530.0,131530.0,263060.0
2024-05-14 16:00:00,131588.2876158184,131513.14095561017,131525.0,131525.0,131525.0,131520.0,1815045.0
2024-05-14 16:05:00,131587.6371384017,131518.07714731255,131495.0,131485.0,131495.0,131475.0,1051850.0
2024-05-14 16:10:00,131575.16526263359,131504.83473736641,131500.0,131555.0,131555.0,131500.0,328805.0
2024-05-14 16:15:00,131567.07318371802,131497.21253056772,131510.0,131475.0,131510.0,131470.0,1091347.5
2024-05-14 16:20:00,131528.65513801223,131492.77343341635,131475.0,131475.0,131475.0,131475.0,328687.5
2024-05-14 16:25:00,131518.94485909355,131482.48371233503,131470.0,131470.0,131470.0,131470.0,262940.0
2024-05-14 16:30:00,131510.1839302755,131479.8160697245,131490.0,131500.0,131500.0,131490.0,1709375.0
2024-05-14 16:35:00,131519.64005341526,131477.50280372758,131550.0,131530.0,131550.0,131530.0,1736390.0
2024-05-14 16:40:00,131526.5436715892,131480.59918555364,131530.0,131550.0,131580.0,131530.0,526210.0
2024-05-14 16:45:00,131547.29121617082,131482.70878382918,131580.0,131540.0,131580.0,131540.0,328890.0
2024-05-14 16:50:00,131555.74271824604,131487.11442461112,131555.0,131555.0,131555.0,131555.0,263110.0
2024-05-14 16:55:00,131574.6715139798,131502.47134316305,131595.0,131590.0,131595.0,131580.0,921140.0
2024-05-14 17:00:00,131573.95461902555,131516.04538097445,131515.0,131550.0,131550.0,131515.0,1710065.0
2024-05-14 17:05:00,131573.22933952976,131522.4849461845,131510.0,131500.0,131510.0,131490.0,1052030.0
2024-05-14 17:10:00,131578.095355618,131524.76178723917,131575.0,131570.0,131575.0,131570.0,263150.0
2024-05-14 17:15:00,131583.12722239704,131531.1584918887,131570.0,131570.0,131570.0,131570.0,1052560.0
2024-05-14 17:20:00,131578.3011868741,131528.84167026874,131555.0,131555.0,131555.0,131555.0,789330.0
2024-05-14 17:25:00,131579.09102961863,131529.4803989528,131560.0,131550.0,131560.0,131550.0,302578.0
2024-05-14 17:30:00,131579.09102961863,131529.4803989528,131595.0,131585.0,131595.0,131585.0,263180.0
2024-05-14 17:35:00,131594.84228942302,131542.30056771982,131615.0,131600.0,131630.0,131600.0,315861.0
2024-05-14 17:40:00,131611.88774530808,131562.39796897766,131640.0,131640.0,131640.0,131600.0,921370.0
2024-05-14 17:45:00,131638.68603139953,131565.5996828862,131680.0,131640.0,131680.0,131640.0,434464.0
2024-05-14 17:50:00,131655.924988584,131576.93215427315,131670.0,131635.0,131670.0,131635.0,789915.0
2024-05-14 17:55:00,131662.88341170747,131595.68801686395,131645.0,131645.0,131645.0,131645.0,394935.0
2024-05-15 10:00:00,131844.00235964512,131068.85478321202,130350.0,130145.0,130360.0,130090.0,4895809.0
2024-05-15 10:05:00,131779.45437126805,130791.97420016053,130400.0,130385.0,130450.0,130365.0,5790354.5
2024-05-15 10:10:00,131655.13427145276,130610.5800142615,130545.0,130620.0,130670.0,130435.0,6631181.5
2024-05-15 10:15:00,131492.95306480268,130472.7612209116,130590.0,130605.0,130635.0,130510.0,6228577.5
2024-05-15 10:20:00,131275.29158762578,130351.85126951711,130495.0,130545.0,130545.0,130435.0,2048755.0
2024-05-15 10:25:00,130998.24149391771,130284.61564893942,130465.0,130565.0,130565.0,130465.0,4242247.5
2024-05-15 10:30:00,130556.18788686105,130270.95497028182,130050.0,130120.0,130460.0,130040.0,8086729.0
2024-05-15 10:35:00,130549.77537892149,130198.79604964993,130075.0,130055.0,130145.0,130005.0,7335830.5
2024-05-15 10:40:00,130527.65997917706,130160.91144939436,130190.0,130100.0,130190.0,130055.0,4918190.5
2024-05-15 10:45:00,130480.12708771742,130141.30148371116,130310.0,130140.0,130360.0,130090.0,6444903.0
2024-05-15 10:50:00,130389.15649654368,130100.84350345632,130130.0,130130.0,130225.0,130130.0,1458143.5
2024-05-15 10:55:00,130333.24892230722,130098.17964912136,130290.0,130210.0,130295.0,130085.0,5792749.0
2024-05-15 11:00:00,130247.35346075802,130086.93225352769,130125.0,130190.0,130305.0,130105.0,1627419.0
2024-05-15 11:05:00,130247.31294975571,130088.40133595858,130055.0,130080.0,130175.0,130025.0,3889697.5
2024-05-15 11:10:00,130250.74480821594,130049.25519178406,129950.0,130025.0,130100.0,129950.0,3211429.0
2024-05-15 11:15:00,130231.36878818761,130012.9169260981,129995.0,129985.0,129995.0,129925.0,4288432.0
2024-05-15 11:20:00,130178.70508581067,130004.15205704646,130095.0,130030.0,130115.0,130000.0,1495630.0
2024-05-15 11:25:00,130162.23588080468,129980.62126205245,129990.0,129975.0,130025.0,129970.0,1365032.5
2024-05-15 11:30:00,130090.15087130404,129989.84912869596,130070.0,130070.0,130070.0,130040.0,1040440.0
2024-05-15 11:35:00,130134.25601030386,129980.02970398185,130245.0,130140.0,130330.0,130110.0,4897607.5
2024-05-15 11:40:00,130248.34661714375,129974.51052571338,130435.0,130420.0,130460.0,130270.0,3715432.0
2024-05-15 11:45:00,130351.8783402675,130025.26451687537,130490.0,130505.0,130525.0,130415.0,3679706.0
2024-05-15 11:50:00,130438.63707407634,130089.93435449508,130525.0,130490.0,130610.0,130430.0,3406637.5
2024-05-15 11:55:00,130503.90033519265,130147.52823623593,130525.0,130525.0,130525.0,130525.0,130525.0
2024-05-15 12:00:00,130546.49218817393,130262.07924039749,130540.0,130595.0,130595.0,130540.0,783350.0
2024-05-15 12:05:00,130609.53698002218,130384.74873426353,130720.0,130635.0,130750.0,130595.0,2300036.5
2024-05-15 12:10:00,130684.85359739103,130470.86068832326,130810.0,130800.0,130810.0,130755.0,2053273.0
2024-05-15 12:15:00,130759.17442993801,130516.53985577628,130855.0,130840.0,130900.0,130840.0,2761350.0
2024-05-15 12:20:00,130838.23175987319,130564.62538298394,130935.0,130900.0,130935.0,130885.0,4778135.0
2024-05-15 12:25:00,130880.95224426682,130621.9048985903,130875.0,130925.0,130925.0,130855.0,1177915.0
2024-05-15 12:30:00,130918.86806052506,130698.27479661781,130925.0,130830.0,130940.0,130815.0,1635580.0
2024-05-15 12:35:00,130904.18871746986,130772.954139673,130750.0,130920.0,130920.0,130735.0,6212464.0
2024-05-15 12:40:00,130906.2726905858,130760.87016655707,130685.0,130685.0,130765.0,130655.0,3568465.5
2024-05-15 12:45:00,130902.67357893653,130715.89784963489,130640.0,130635.0,130650.0,130635.0,679348.0
2024-05-15 12:50:00,130883.33129751396,130658.09727391462,130585.0,130585.0,130660.0,130585.0,2704117.0
2024-05-15 12:55:00,130830.53450909049,130628.03691948093,130645.0,130645.0,130645.0,130645.0,653225.0
2024-05-15 13:00:00,130794.75322435006,130619.53248993565,130720.0,130645.0,130810.0,130635.0,2261037.5
2024-05-15 13:05:00,130709.10254648722,130615.18316779849,130610.0,130595.0,130775.0,130575.0,3397325.0
2024-05-15 13:10:00,130693.84669786324,130616.15330213676,130700.0,130600.0,130710.0,130600.0,653260.0
2024-05-15 13:15:00,130694.99214770272,130616.43642372586,130690.0,130745.0,130745.0,130660.0,457467.5
2024-05-15 13:20:00,130702.89005445846,130622.82423125583,130690.0,130690.0,130690.0,130655.0,1110760.0
2024-05-15 13:30:00,130718.57803970802,130649.9933888634,130735.0,130720.0,130750.0,130700.0,653665.0
2024-05-15 13:35:00,130735.36505848086,130663.20637009056,130750.0,130740.0,130750.0,130735.0,784475.0
2024-05-15 13:40:00,130743.82948359873,130664.74194497269,130755.0,130760.0,130790.0,130740.0,431522.0
2024-05-15 13:45:00,130777.23008137596,130695.62706148117,130835.0,130820.0,130835.0,130775.0,1046420.0
2024-05-15 13:50:00,130865.64831327915,130692.92311529227,131000.0,130895.0,131005.0,130865.0,2671298.0
2024-05-15 13:55:00,130982.46356647553,130710.3935763816,131160.0,131010.0,131210.0,131010.0,4733821.0
2024-05-15 14:00:00,131017.60873453674,130759.53412260613,130985.0,131115.0,131120.0,130960.0,2476505.0
2024-05-15 14:05:00,131040.66369148396,130803.62202280175,130970.0,131010.0,131010.0,130970.0,524000.0
2024-05-15 14:10:00,131060.09620431317,130854.18950997254,130995.0,130995.0,130995.0,130995.0,130995.0
2024-05-15 14:15:00,131060.8506023737,130909.1493976263,130950.0,130915.0,130950.0,130915.0,458272.5
2024-05-15 14:20:00,131062.25541230886,130902.03030197685,130815.0,130830.0,130950.0,130815.0,1439915.0
2024-05-15 14:25:00,131049.42009581582,130870.57990418418,130845.0,130830.0,130845.0,130805.0,2446525.5
2024-05-15 14:30:00,130977.69437142549,130828.0199142888,130760.0,130745.0,130825.0,130745.0,1778562.0
2024-05-15 14:35:00,130950.22630696422,130799.77369303578,130790.0,130820.0,130830.0,130780.0,3178319.0
2024-05-15 14:40:00,130919.02164314788,130773.83549970925,130770.0,130740.0,130770.0,130685.0,3006995.0
2024-05-15 14:45:00,130866.38272101733,130755.04585041125,130745.0,130725.0,130765.0,130725.0,2549610.0
2024-05-15 14:50:00,130813.48548604174,130759.37165681539,130780.0,130785.0,130795.0,130725.0,1399143.5
2024-05-15 14:55:00,130825.53943584986,130758.74627843585,130855.0,130815.0,130905.0,130800.0,1936362.0
2024-05-15 15:00:00,130808.12733424036,130749.01552290251,130750.0,130820.0,130860.0,130730.0,3308972.0
2024-05-15 15:05:00,130807.49839065867,130746.78732362704,130750.0,130770.0,130770.0,130705.0,810600.0
2024-05-15 15:10:00,130814.33972532893,130748.5174175282,130820.0,130725.0,130820.0,130705.0,1660715.5
2024-05-15 15:15:00,130834.22502531044,130754.34640326098,130860.0,130860.0,130870.0,130810.0,889798.0
2024-05-15 15:20:00,130886.29575340409,130765.13281802449,130965.0,130880.0,130970.0,130880.0,2317602.0
2024-05-15 15:25:00,130904.61339592354,130781.10088979074,130900.0,130960.0,130960.0,130900.0,1139012.0
2024-05-15 15:30:00,130918.16387856613,130786.12183571958,130920.0,130915.0,130925.0,130910.0,7881354.0
2024-05-15 15:35:00,130959.03377108266,130819.53765748876,131010.0,131000.0,131050.0,131000.0,1179190.0
2024-05-15 15:40:00,131001.97501598019,130866.59641259123,131065.0,131000.0,131080.0,131000.0,4062405.0
2024-05-15 15:45:00,131058.19757622632,130901.80242377368,131140.0,131095.0,131150.0,131095.0,1862050.5
2024-05-15 15:50:00,131104.42805095395,130941.28623476032,131160.0,131165.0,131200.0,131160.0,1613396.5
2024-05-15 15:55:00,131139.86805718718,130962.98908566995,131165.0,131130.0,131165.0,131130.0,1180360.0
2024-05-15 16:00:00,131154.87565165662,131010.83863405764,131120.0,131130.0,131205.0,131120.0,1088476.0
2024-05-15 16:05:00,131182.39204748088,131070.46509537629,131225.0,131150.0,131245.0,131145.0,2925627.0
2024-05-15 16:10:00,131195.26220195994,131111.8806551829,131200.0,131215.0,131280.0,131195.0,2834648.0
2024-05-15 16:15:00,131197.52219576723,131102.47780423277,131040.0,131135.0,131160.0,131040.0,1245580.0
2024-05-15 16:20:00,131196.7141073996,131059.00017831466,130985.0,131060.0,131065.0,130980.0,1323235.0
2024-05-15 16:25:00,131182.2693044892,131030.58783836795,131010.0,131010.0,131020.0,131000.0,1283893.0
2024-05-15 16:30:00,131162.5451615349,131010.31198132229,131025.0,131030.0,131030.0,131025.0,327565.0
2024-05-15 16:35:00,131152.20018330682,131000.65695955034,131050.0,131050.0,131050.0,131050.0,393120.0
2024-05-15 16:40:00,131120.26749413653,131002.58964872059,131120.0,131055.0,131120.0,131030.0,2359355.0
2024-05-15 16:45:00,131093.01111324708,131008.4174581815,131125.0,131150.0,131185.0,131055.0,1691632.0
2024-05-15 16:50:00,131104.97296452356,131015.02703547642,131105.0,131115.0,131125.0,131095.0,2163217.5
2024-05-15 16:55:00,131111.9100418711,131038.08995812888,131090.0,131090.0,131090.0,131090.0,1966350.0
2024-05-15 17:00:00,131111.9439690969,131050.91317376026,131055.0,131120.0,131125.0,131055.0,1442095.0
2024-05-15 17:05:00,131116.08407694622,131032.48735162518,130975.0,131010.0,131015.0,130970.0,3144000.0
2024-05-15 17:10:00,131114.89518998284,131012.24766716005,130975.0,130970.0,130985.0,130950.0,2750245.0
2024-05-15 17:15:00,131095.930027077,130984.06997292298,130955.0,130955.0,130955.0,130955.0,288116.0
2024-05-15 17:20:00,131069.29577558153,130972.13279584705,130990.0,131010.0,131015.0,130970.0,916990.0
2024-05-15 17:25:00,131046.55905192618,130969.15523378811,131015.0,131015.0,131020.0,131005.0,2777599.0
2024-05-15 17:30:00,131034.5635367139,130971.15074900039,131055.0,131045.0,131055.0,131045.0,3931525.0
2024-05-15 17:40:00,131050.26114059838,130968.31028797304,131100.0,131100.0,131100.0,131090.0,1612505.0
2024-05-15 17:45:00,131061.68971202691,130979.73885940167,131055.0,131065.0,131065.0,131055.0,262120.0
2024-05-15 17:50:00,131067.06764875344,130991.50377981798,131035.0,131025.0,131055.0,131025.0,484849.5
2024-05-15 17:55:00,131087.29747492826,131016.98823935744,131115.0,131100.0,131115.0,131100.0,917775.0
2024-05-16 10:00:00,131414.8357552994,130936.59281612918,131855.0,131855.0,131910.0,131815.0,3190805.0
2024-05-16 10:05:00,131573.1835779089,130995.38785066253,131775.0,131790.0,131925.0,131770.0,5723993.0
2024-05-16 10:10:00,131702.98844752926,131078.44012389932,131800.0,131730.0,131800.0,131620.0,7954591.0
2024-05-16 10:15:00,131773.30761906566,131168.12095236292,131660.0,131770.0,131950.0,131635.0,4584650.0
2024-05-16 10:20:00,131818.7559566436,131285.52975764213,131625.0,131600.0,131655.0,131600.0,3250898.5
2024-05-16 10:25:00,131815.62319545416,131408.66251883158,131455.0,131555.0,131555.0,131455.0,3997751.0
2024-05-16 10:30:00,131801.1907427292,131463.09497155654,131255.0,131455.0,131470.0,131255.0,6069060.0
2024-05-16 10:35:00,131734.93346820775,131315.06653179225,131105.0,131230.0,131270.0,131090.0,4682752.5
2024-05-16 10:40:00,131651.8309422233,131196.7404863481,131070.0,131150.0,131150.0,131040.0,4128782.0
2024-05-16 10:45:00,131529.31858024606,131142.10999118251,131180.0,131100.0,131205.0,131085.0,6584632.0
2024-05-16 10:50:00,131419.82505408901,131071.60351733955,131030.0,131130.0,131180.0,130945.0,6345981.0
2024-05-16 10:55:00,131286.69885227754,130977.58686200822,130830.0,131005.0,131005.0,130825.0,12891564.0
2024-05-16 11:00:00,131172.34048407458,130910.51665878257,130820.0,130830.0,130880.0,130780.0,15714185.0
2024-05-16 11:05:00,131100.59735784272,130863.688356443,130840.0,130835.0,130870.0,130770.0,14797516.0
2024-05-16 11:10:00,131066.80885600697,130844.6197154216,130920.0,130850.0,130980.0,130825.0,11321613.0
2024-05-16 11:15:00,131050.12261457054,130839.87738542946,130995.0,130975.0,131045.0,130905.0,13688628.0
2024-05-16 11:20:00,130994.70415054545,130848.15299231168,131015.0,130970.0,131040.0,130950.0,6090885.5
2024-05-16 11:25:00,131024.53489108724,130844.03653748418,131120.0,131080.0,131140.0,130985.0,3185451.5
2024-05-16 11:30:00,131066.62097627623,130879.09330943806,131100.0,131145.0,131145.0,131100.0,2832067.0
2024-05-16 11:35:00,131071.79100767689,130916.78042089453,130970.0,130965.0,131050.0,130950.0,7978789.5
2024-05-16 11:40:00,131077.15748305,130965.69965980714,131030.0,131075.0,131125.0,131030.0,2399074.0
2024-05-16 11:45:00,131100.9397308427,131000.48884058588,131125.0,131100.0,131125.0,130975.0,4089305.5
2024-05-16 11:50:00,131142.47927773313,131017.52072226685,131200.0,131130.0,131200.0,131120.0,1705246.0
2024-05-16 11:55:00,131209.90261730333,131034.38309698239,131310.0,131185.0,131310.0,131175.0,2099968.0
2024-05-16 12:00:00,131251.9781970631,131045.16466007974,131305.0,131215.0,131305.0,131165.0,4528817.5
2024-05-16 12:05:00,131260.65222760531,131056.49062953753,131170.0,131245.0,131245.0,131170.0,1836785.0
2024-05-16 12:10:00,131267.2292070429,131111.34222152852,131185.0,131180.0,131215.0,131155.0,1442900.0
2024-05-16 12:15:00,131264.4153146729,131148.44182818427,131150.0,131150.0,131180.0,131150.0,3803970.0
2024-05-16 12:20:00,131265.22384593773,131137.63329691943,131090.0,131085.0,131100.0,131085.0,1048845.0
2024-05-16 12:25:00,131257.92108193348,131117.79320378078,131105.0,131085.0,131105.0,131080.0,5794183.5
2024-05-16 12:30:00,131216.63200161353,131096.22514124363,131090.0,131080.0,131090.0,131080.0,2621700.0
2024-05-16 12:35:00,131160.62558401626,131099.37441598374,131120.0,131105.0,131120.0,131105.0,1966780.0
2024-05-16 12:45:00,131148.50813462475,131092.92043680383,131105.0,131105.0,131105.0,131105.0,157326.0
2024-05-16 12:50:00,131124.55764044088,131084.01378813054,131070.0,131095.0,131095.0,131070.0,1573090.0
2024-05-16 12:55:00,131144.81394134706,131078.0432015101,131200.0,131200.0,131210.0,131200.0,761003.0
2024-05-16 13:00:00,131149.98570694693,131084.3000073388,131130.0,131110.0,131145.0,131110.0,1180225.0
2024-05-16 13:05:00,131157.42437228773,131089.7184848551,131150.0,131145.0,131150.0,131110.0,655660.0
2024-05-16 13:10:00,131157.12237368143,131082.87762631857,131065.0,131100.0,131100.0,131065.0,1861373.0
2024-05-16 13:15:00,131164.72442789676,131086.70414353182,131160.0,131140.0,131160.0,131140.0,524580.0
2024-05-16 13:20:00,131163.96176897723,131084.6096595942,131095.0,131110.0,131110.0,131095.0,1179910.0
2024-05-16 13:25:00,131169.0981795959,131053.75896326128,130980.0,130970.0,131130.0,130970.0,2031352.5
2024-05-16 13:30:00,131142.95070843433,131001.33500585142,130925.0,130890.0,130970.0,130890.0,5761170.0
2024-05-16 13:35:00,131126.92649759926,130990.21635954361,131035.0,130965.0,131035.0,130930.0,4362050.5
2024-05-16 13:40:00,131105.5196561561,130984.4803438439,131055.0,131070.0,131070.0,131055.0,262125.0
2024-05-16 13:45:00,131112.60494854965,130987.39505145037,131100.0,131085.0,131100.0,131055.0,1638502.5
2024-05-16 13:50:00,131103.23443157764,130988.19413985095,131130.0,131115.0,131135.0,131025.0,4024047.0
2024-05-16 13:55:00,131099.90817634872,130987.23468079416,131080.0,131110.0,131190.0,131080.0,2950379.0
2024-05-16 14:00:00,131124.2343076753,131008.62283518184,131140.0,131095.0,131150.0,131095.0,852362.5
2024-05-16 14:05:00,131150.24399123347,131061.1845801951,131200.0,131145.0,131200.0,131145.0,1482302.5
2024-05-16 14:10:00,131183.6550884886,131083.48776865425,131230.0,131210.0,131230.0,131210.0,1443455.0
2024-05-16 14:15:00,131200.37891827658,131109.62108172342,131205.0,131220.0,131220.0,131205.0,524820.0
2024-05-16 14:20:00,131201.59453483552,131092.69117945022,131045.0,131120.0,131190.0,131045.0,14504498.5
2024-05-16 14:25:00,131210.12795225703,131099.87204774297,131185.0,131140.0,131185.0,131050.0,9873082.5
2024-05-16 14:30:00,131210.39886460922,131105.31542110504,131100.0,131150.0,131150.0,131080.0,2687420.0
2024-05-16 14:35:00,131206.76960622275,131084.65896520583,131055.0,131075.0,131090.0,131040.0,720825.0
2024-05-16 14:40:00,131187.77606370408,131059.36679343876,131045.0,131020.0,131090.0,130985.0,3092271.5
2024-05-16 14:45:00,131151.8280630429,131032.45765124283,131010.0,130990.0,131030.0,130950.0,2200588.0
2024-05-16 14:50:00,131122.62886932166,131031.65684496408,131100.0,131110.0,131120.0,131015.0,4037032.0
2024-05-16 14:55:00,131135.6034091147,131042.96801945673,131130.0,131130.0,131150.0,131115.0,983480.0
2024-05-16 15:00:00,131135.6034091147,131042.96801945673,131185.0,131130.0,131215.0,131130.0,1403521.0
2024-05-16 15:05:00,131137.37012916332,131044.05844226525,131110.0,131135.0,131135.0,131105.0,1481651.5
2024-05-16 15:10:00,131145.49423972913,131054.50576027087,131120.0,131120.0,131120.0,131120.0,196680.0
2024-05-16 15:15:00,131155.82398939627,131071.31886774657,131140.0,131160.0,131160.0,131110.0,1770310.0
2024-05-16 15:20:00,131203.93236158986,131101.7819241244,131285.0,131300.0,131300.0,131160.0,1220462.5
2024-05-16 15:25:00,131216.12331730247,131118.16239698327,131200.0,131215.0,131230.0,131175.0,1941980.0
2024-05-16 15:30:00,131227.06038218274,131130.0824749601,131210.0,131215.0,131215.0,131210.0,656062.5
2024-05-16 15:35:00,131235.92845055918,131134.07154944082,131230.0,131190.0,131230.0,131165.0,721600.0
2024-05-16 15:40:00,131316.92654602273,131147.359168263,131440.0,131425.0,131465.0,131270.0,1760239.0
2024-05-16 15:45:00,131376.9277226286,131183.0722773714,131455.0,131500.0,131505.0,131385.0,3272959.5
2024-05-16 15:50:00,131429.10118790518,131229.47024066624,131485.0,131410.0,131490.0,131395.0,4665260.0
2024-05-16 15:55:00,131442.3157625731,131243.39852314116,131380.0,131370.0,131445.0,131370.0,2168325.0
2024-05-16 16:00:00,131454.669264104,131282.47359303883,131380.0,131395.0,131395.0,131380.0,788295.0
2024-05-16 16:05:00,131455.80580151858,131321.33705562426,131350.0,131380.0,131400.0,131340.0,1839175.0
2024-05-16 16:10:00,131449.79152979926,131371.63704162932,131385.0,131360.0,131385.0,131360.0,893385.5
2024-05-16 16:15:00,131438.99003237096,131353.8671104862,131340.0,131360.0,131360.0,131340.0,525390.0
2024-05-16 16:20:00,131420.6411470869,131343.64456719885,131355.0,131405.0,131410.0,131355.0,1694991.5
2024-05-16 16:25:00,131377.1300116631,131344.29855976548,131335.0,131345.0,131345.0,131330.0,1510372.5
2024-05-16 16:30:00,131370.65745785754,131336.4853992853,131330.0,131330.0,131330.0,131330.0,131330.0
2024-05-16 16:35:00,131379.89375284413,131265.82053287013,131165.0,131170.0,131345.0,131155.0,1745123.0
2024-05-16 16:40:00,131368.8332142289,131225.45250005685,131170.0,131160.0,131190.0,131130.0,1823328.0
2024-05-16 16:45:00,131339.4534425947,131193.40370026245,131170.0,131165.0,131185.0,131140.0,1573820.0
2024-05-16 16:50:00,131320.01322230182,131182.84392055534,131235.0,131250.0,131260.0,131220.0,2953012.5
2024-05-16 16:55:00,131299.51565423296,131180.48434576704,131275.0,131240.0,131295.0,131240.0,5669890.5
2024-05-16 17:00:00,131271.70820201706,131172.57751226868,131210.0,131295.0,131300.0,131200.0,4016476.0
2024-05-16 17:05:00,131235.75816093726,131171.38469620558,131200.0,131200.0,131205.0,131175.0,3476539.0
2024-05-16 17:10:00,131246.05036968712,131183.94963031288,131245.0,131215.0,131245.0,131215.0,1968385.0
2024-05-16 17:15:00,131258.21584409985,131198.927013043,131265.0,131250.0,131280.0,131250.0,1023822.0
2024-05-16 17:20:00,131260.81125987193,131217.7601686995,131245.0,131225.0,131245.0,131215.0,1771677.5
2024-05-16 17:25:00,131260.81125987193,131217.7601686995,131235.0,131235.0,131235.0,131235.0,2230995.0
2024-05-16 17:30:00,131253.94485909585,131217.48371233273,131250.0,131265.0,131265.0,131250.0,4003197.5
2024-05-16 17:35:00,131258.62684004472,131225.65887424102,131255.0,131235.0,131255.0,131235.0,525035.0
2024-05-16 17:40:00,131261.815916371,131242.46979791473,131270.0,131275.0,131295.0,131260.0,2297275.0
2024-05-16 17:45:00,131263.8419918558,131244.72943671563,131260.0,131275.0,131280.0,131250.0,3373285.0
2024-05-16 17:50:00,131260.2370036632,131239.7629963368,131235.0,131225.0,131240.0,131220.0,1443545.0
2024-05-16 17:55:00,131264.21802842733,131217.21054300125,131180.0,131200.0,131215.0,131180.0,393645.0
2024-05-17 10:00:00,131303.1509206801,131072.56336503415,130865.0,130800.0,130870.0,130785.0,5572484.0
2024-05-17 10:05:00,131277.05316005717,131017.23255422857,130965.0,130900.0,130970.0,130840.0,4634768.5
2024-05-17 10:10:00,131246.79977922808,130996.05736362906,131075.0,131000.0,131100.0,130980.0,2319583.5
2024-05-17 10:15:00,131222.35363948514,130990.50350337203,131165.0,131140.0,131320.0,131125.0,4985725.0
2024-05-17 10:20:00,131171.98771309355,130920.86942976358,130840.0,130970.0,131100.0,130840.0,4465373.0
2024-05-17 10:25:00,131130.97408254517,130914.74020316912,131070.0,130905.0,131070.0,130860.0,4845605.0
2024-05-17 10:30:00,131088.179230219,130901.82076978103,130985.0,131010.0,131070.0,130945.0,3929417.5
2024-05-17 10:35:00,131100.51952639784,130829.48047360215,130655.0,130910.0,130910.0,130650.0,3451498.0
2024-05-17 10:40:00,131087.01949451465,130738.69479119965,130600.0,130660.0,130710.0,130550.0,6741259.5
2024-05-17 10:45:00,131030.8573421904,130644.85694352389,130550.0,130555.0,130645.0,130500.0,7142045.0
2024-05-17 10:50:00,130929.85181924024,130615.86246647405,130710.0,130575.0,130730.0,130515.0,3969830.5
2024-05-17 10:55:00,130903.74045648024,130584.83097209118,130640.0,130690.0,130750.0,130640.0,3358488.0
2024-05-17 11:00:00,130831.7452545413,130591.11188831583,130840.0,130745.0,130850.0,130625.0,3138157.5
2024-05-17 11:05:00,130783.6440673823,130600.64164690342,130850.0,130845.0,130850.0,130830.0,588765.0
2024-05-17 11:10:00,130852.15423418433,130616.41719438709,130950.0,130850.0,130950.0,130805.0,1033815.5
2024-05-17 11:15:00,130886.1798296807,130659.5344560336,130870.0,130900.0,130900.0,130855.0,2224625.0
2024-05-17 11:20:00,130926.63037788901,130737.6553363967,130965.0,130945.0,131000.0,130890.0,1833310.0
2024-05-17 11:25:00,130964.5997679167,130778.25737494043,130985.0,131020.0,131045.0,130960.0,1729299.0
2024-05-17 11:30:00,130964.53782143822,130868.31932141891,130955.0,131010.0,131105.0,130950.0,2096500.0
2024-05-17 11:35:00,130987.48230205635,130893.94626937223,131010.0,131005.0,131010.0,131005.0,8253465.0
2024-05-17 11:40:00,130986.0822534479,130909.6320322664,130900.0,130900.0,130930.0,130900.0,720030.0
2024-05-17 11:45:00,130981.68067858102,130885.46217856185,130850.0,130915.0,130915.0,130850.0,1832100.0
2024-05-17 11:50:00,130984.29482400916,130862.8480331337,130800.0,130805.0,130805.0,130800.0,130800.0
2024-05-17 11:55:00,130972.89812374802,130854.24473339485,130895.0,130925.0,130925.0,130895.0,261850.0
2024-05-17 12:00:00,130952.26068494203,130843.45360077226,130875.0,130880.0,130880.0,130875.0,1963205.0
2024-05-17 12:05:00,130935.14979173755,130831.99306540532,130855.0,130895.0,130895.0,130855.0,392650.0
2024-05-17 12:10:00,130896.7081672112,130839.0061185031,130900.0,130840.0,130900.0,130840.0,588990.0
2024-05-17 12:15:00,130891.12039174968,130837.45103682175,130875.0,130875.0,130875.0,130875.0,130875.0
2024-05-17 12:20:00,130890.40753730766,130835.30674840663,130840.0,130840.0,130880.0,130840.0,1635940.0
2024-05-17 12:25:00,130888.46956621733,130844.3875766398,130825.0,130835.0,130835.0,130820.0,654115.0
2024-05-17 12:30:00,130878.94000630948,130833.91713654765,130825.0,130805.0,130855.0,130790.0,1242857.5
2024-05-17 12:35:00,130873.30409048496,130813.83876665791,130785.0,130785.0,130785.0,130785.0,261570.0
2024-05-17 12:40:00,130873.10842409362,130769.74871876351,130700.0,130700.0,130765.0,130700.0,1176474.0
2024-05-17 12:45:00,130847.13470488667,130752.86529511333,130750.0,130730.0,130750.0,130730.0,522960.0
2024-05-17 12:50:00,130822.88929191128,130741.39642237443,130750.0,130800.0,130800.0,130750.0,2158055.0
2024-05-17 12:55:00,130804.88858159343,130732.25427554944,130745.0,130785.0,130785.0,130745.0,261530.0
2024-05-17 13:00:00,130801.92285269179,130732.36286159392,130815.0,130770.0,130815.0,130770.0,3073305.0
2024-05-17 13:05:00,130788.77308357926,130731.22691642074,130775.0,130775.0,130775.0,130775.0,130775.0
2024-05-17 13:10:00,130780.60947303835,130709.39052696165,130680.0,130655.0,130695.0,130645.0,392035.0
2024-05-17 13:15:00,130784.09618010558,130720.18953418013,130750.0,130710.0,130750.0,130710.0,261460.0
2024-05-17 13:25:00,130826.19071128557,130719.52357442872,130895.0,130900.0,130900.0,130870.0,1832245.0
2024-05-17 13:30:00,130865.15760330888,130729.12811097683,130920.0,130905.0,130920.0,130835.0,562781.5
2024-05-17 13:35:00,130885.62171655182,130747.23542630531,130880.0,130905.0,130905.0,130880.0,327225.0
2024-05-17 13:40:00,130899.74108443724,130754.54462984847,130890.0,130925.0,130925.0,130880.0,654545.0
2024-05-17 13:45:00,130905.98624882118,130765.4423226074,130835.0,130835.0,130835.0,130835.0,130835.0
2024-05-17 13:50:00,130927.49896434351,130822.50103565649,130955.0,130885.0,130970.0,130860.0,733168.0
2024-05-17 13:55:00,130936.87823136638,130870.26462577649,130950.0,130995.0,130995.0,130950.0,654805.0
2024-05-17 14:15:00,130938.91980048097,130872.5087709476,130910.0,130920.0,130920.0,130910.0,2356490.0
2024-05-17 14:20:00,130942.02920150301,130873.68508421128,130935.0,130905.0,130935.0,130895.0,1178135.0
2024-05-17 14:25:00,130962.16358095767,130883.55070475662,130985.0,131005.0,131010.0,130985.0,654970.0
2024-05-17 14:30:00,130987.98805158769,130894.86909126944,131020.0,131040.0,131095.0,131020.0,2817765.0
2024-05-17 14:35:00,131033.87916557453,130927.54940585405,131110.0,131085.0,131110.0,131010.0,1507280.0
2024-05-17 14:40:00,131087.7170656518,130935.1400772053,131170.0,131135.0,131170.0,131135.0,1180305.0
2024-05-17 14:45:00,131115.91263597808,130956.94450687905,131125.0,131150.0,131185.0,131115.0,2858952.0
2024-05-17 14:50:00,131122.5232485944,130990.33389426273,131050.0,131110.0,131120.0,131050.0,1874594.0
2024-05-17 14:55:00,131122.25311181854,131016.31831675289,131025.0,131030.0,131080.0,131025.0,720762.5
2024-05-17 15:00:00,131122.73728760384,131011.54842668188,130970.0,131005.0,131005.0,130960.0,1283579.0
2024-05-17 15:05:00,131121.87197598163,130995.27088116124,130960.0,130925.0,130980.0,130920.0,1178480.0
2024-05-17 15:10:00,131104.28777902204,130951.42650669225,130895.0,130955.0,130960.0,130895.0,1492672.0
2024-05-17 15:15:00,131055.74444820966,130931.39840893321,130930.0,130910.0,130930.0,130895.0,1178220.0
2024-05-17 15:20:00,131015.63756054833,130931.50529659454,130985.0,131000.0,131000.0,130935.0,4989751.0
2024-05-17 15:25:00,130998.64222719638,130931.35777280362,130990.0,131005.0,131035.0,130990.0,3157477.5
2024-05-17 15:30:00,131002.017017317,130930.84012554013,131035.0,131005.0,131035.0,130985.0,1703095.0
2024-05-17 15:35:00,131026.35000574734,130933.64999425266,131065.0,131060.0,131125.0,131060.0,1560012.5
2024-05-17 15:45:00,131089.90231639575,130935.81196931854,131190.0,131195.0,131215.0,131095.0,2308410.0
2024-05-17 15:50:00,131124.7371386094,130975.26286139058,131155.0,131150.0,131185.0,131125.0,983620.0
2024-05-17 15:55:00,131147.76065433965,131015.09648851752,131150.0,131150.0,131150.0,131125.0,1836030.0
2024-05-17 16:00:00,131150.80514648522,131034.90913922903,131065.0,131065.0,131135.0,131065.0,1769730.0
2024-05-17 16:05:00,131154.74703487917,131063.82439369225,131105.0,131105.0,131105.0,131105.0,262175.0
2024-05-17 16:15:00,131155.0587930122,131076.36977841638,131080.0,131075.0,131095.0,131075.0,983112.5
2024-05-17 16:20:00,131160.16526263574,131089.83473736426,131130.0,131115.0,131165.0,131095.0,2019295.5
2024-05-17 16:25:00,131148.18858238947,131090.38284618195,131150.0,131160.0,131160.0,131140.0,4458820.0
2024-05-17 16:30:00,131142.2544529643,131089.1741184643,131130.0,131130.0,131130.0,131130.0,131130.0
2024-05-17 16:35:00,131158.74927673652,131086.96500897774,131200.0,131210.0,131210.0,131155.0,1770932.5
2024-05-17 16:40:00,131181.23430202474,131105.9085551181,131210.0,131215.0,131220.0,131210.0,433006.0
2024-05-17 16:45:00,131188.5296229723,131117.18466274196,131170.0,131190.0,131190.0,131170.0,721477.5
2024-05-17 16:50:00,131188.22933953238,131137.48494618188,131150.0,131165.0,131165.0,131130.0,3055728.5
2024-05-17 16:55:00,131189.40081444892,131143.45632840824,131155.0,131200.0,131200.0,131155.0,747685.0
2024-05-17 17:05:00,131195.36150621212,131106.06706521646,131040.0,131075.0,131100.0,131035.0,2988401.0
2024-05-17 17:10:00,131193.07033610603,131096.92966389397,131090.0,131045.0,131090.0,131045.0,3014750.0
2024-05-17 17:15:00,131174.98390659076,131080.7303791235,131080.0,131070.0,131090.0,131060.0,1494292.0
2024-05-17 17:20:00,131152.40360780567,131077.59639219433,131120.0,131095.0,131120.0,131075.0,1704435.0
2024-05-17 17:25:00,131143.2505697587,131076.7494302413,131135.0,131110.0,131135.0,131110.0,1088275.5
2024-05-17 17:30:00,131137.28547898552,131075.57166387164,131125.0,131140.0,131140.0,131125.0,393405.0
2024-05-17 17:35:00,131143.80647643795,131074.76495213347,131175.0,131180.0,131185.0,131145.0,3935350.0
2024-05-17 17:40:00,131161.2186656074,131098.7813343926,131185.0,131160.0,131185.0,131155.0,1049330.0
2024-05-17 17:45:00,131179.46758032043,131111.96099110815,131200.0,131165.0,131200.0,131165.0,787145.0
2024-05-17 17:50:00,131184.61361846855,131133.95781010287,131175.0,131170.0,131175.0,131150.0,524650.0
2024-05-17 17:55:00,131187.7444476124,131145.11269524475,131170.0,131170.0,131170.0,131170.0,262340.0
2024-05-20 10:00:00,131262.3043132633,130917.6956867367,130600.0,130520.0,130600.0,130485.0,5052617.0
2024-05-20 10:05:00,131235.39397236356,130836.03459906502,130745.0,130595.0,130795.0,130575.0,2508675.0
2024-05-20 10:10:00,131185.30233794998,130774.69766205,130785.0,130745.0,130785.0,130700.0,1921650.0
2024-05-20 10:15:00,131124.77534720863,130733.79608136277,130830.0,130800.0,130920.0,130755.0,6004976.0
2024-05-20 10:20:00,131048.82044892812,130705.46526535759,130835.0,130795.0,130910.0,130795.0,2643419.5
2024-05-20 10:25:00,130950.37872754157,130599.62127245843,130460.0,130770.0,130770.0,130355.0,4582787.5
2024-05-20 10:30:00,130807.36429992224,130522.63570007776,130400.0,130395.0,130545.0,130355.0,9877623.5
2024-05-20 10:35:00,130805.43967497771,130421.70318216516,130240.0,130420.0,130420.0,130240.0,2724385.5
2024-05-20 10:40:00,130761.39569193088,130377.17573664054,130435.0,130380.0,130440.0,130295.0,5162920.5
2024-05-20 10:45:00,130694.33358753039,130329.95212675532,130385.0,130400.0,130470.0,130370.0,2295298.0
2024-05-20 10:50:00,130639.20203668918,130330.79796331082,130640.0,130600.0,130640.0,130455.0,1148613.5
2024-05-20 10:55:00,130532.45238368308,130340.40475917405,130495.0,130545.0,130650.0,130485.0,978977.5
2024-05-20 11:00:00,130537.92347854565,130343.50509288293,130490.0,130475.0,130490.0,130455.0,1435290.0
2024-05-20 11:05:00,130604.30393375103,130361.41035196326,130695.0,130520.0,130695.0,130520.0,1501798.0
2024-05-20 11:10:00,130723.3755433213,130433.76731382158,130910.0,130785.0,130910.0,130735.0,3257046.0
2024-05-20 11:15:00,130846.8187612981,130477.46695298761,131020.0,130945.0,131020.0,130940.0,2318421.0
2024-05-20 11:20:00,130922.78624377446,130570.07089908267,130975.0,130965.0,131035.0,130965.0,1873151.5
2024-05-20 11:25:00,131042.71437062226,130610.14277223487,131200.0,130990.0,131200.0,130980.0,2883704.0
2024-05-20 11:30:00,131147.67787518568,130720.89355338576,131250.0,131210.0,131300.0,131210.0,2716825.0
2024-05-20 11:35:00,131218.94576992275,130879.62565864867,131295.0,131270.0,131295.0,131115.0,3372749.0
2024-05-20 11:40:00,131275.07722305984,131006.35134836876,131335.0,131325.0,131335.0,131280.0,3387885.5
2024-05-20 11:45:00,131286.02862549786,131071.114231645,131175.0,131270.0,131355.0,131170.0,2389024.5
2024-05-20 11:50:00,131291.60192246176,131105.54093468108,131160.0,131170.0,131180.0,131135.0,7161517.5
2024-05-20 11:55:00,131280.18651510944,131166.9563420334,131150.0,131105.0,131150.0,131085.0,550702.0
2024-05-20 12:00:00,131287.60390554124,131089.5389516016,130955.0,131115.0,131115.0,130955.0,2096735.0
2024-05-20 12:05:00,131269.18296010455,131073.6741827526,131130.0,131020.0,131130.0,131020.0,2725738.0
2024-05-20 12:10:00,131231.30789854474,131051.54924431241,131085.0,131095.0,131095.0,131085.0,393265.0
2024-05-20 12:15:00,131216.94955693968,131054.47901448888,131295.0,131195.0,131295.0,131155.0,1049840.0
2024-05-20 12:20:00,131285.4526727968,131053.11875577465,131410.0,131400.0,131435.0,131300.0,4152016.0
2024-05-20 12:25:00,131370.22793946974,131065.48634624452,131500.0,131500.0,131500.0,131435.0,7309636.5
2024-05-20 12:30:00,131461.32007117398,131095.82278596886,131575.0,131525.0,131580.0,131505.0,2170592.5
2024-05-20 12:35:00,131500.33588646803,131202.52125638913,131465.0,131475.0,131475.0,131450.0,788730.0
2024-05-20 12:40:00,131525.67448581156,131268.61122847418,131450.0,131485.0,131485.0,131450.0,262935.0
2024-05-20 12:45:00,131510.87431252297,131370.5542589056,131390.0,131405.0,131405.0,131390.0,696416.5
2024-05-20 12:50:00,131507.59167622757,131392.40832377243,131360.0,131360.0,131360.0,131360.0,262720.0
2024-05-20 12:55:00,131506.96338608695,131390.1794710559,131400.0,131390.0,131400.0,131390.0,788380.0
2024-05-20 13:00:00,131489.21498128466,131369.35644728676,131365.0,131395.0,131395.0,131365.0,289033.0
2024-05-20 13:05:00,131433.52293014387,131367.9056412847,131375.0,131365.0,131375.0,131365.0,262740.0
2024-05-20 13:10:00,131412.78746943263,131342.92681628163,131305.0,131340.0,131340.0,131305.0,1221251.5
2024-05-20 13:15:00,131388.50155521266,131320.06987335876,131285.0,131335.0,131335.0,131280.0,2455186.0
2024-05-20 13:20:00,131377.13486329746,131294.29370813112,131260.0,131305.0,131320.0,131260.0,3085272.5
2024-05-20 13:25:00,131368.4323765783,131284.42476627885,131295.0,131295.0,131305.0,131245.0,1837780.0
2024-05-20 13:30:00,131344.33595434934,131275.66404565066,131285.0,131285.0,131285.0,131285.0,131285.0
2024-05-20 13:35:00,131326.97931727665,131268.7349684376,131280.0,131280.0,131280.0,131280.0,656400.0
2024-05-20 13:40:00,131299.94182754902,131247.20102959382,131205.0,131250.0,131265.0,131205.0,2992337.5
2024-05-20 13:45:00,131294.23554757392,131208.62159528324,131150.0,131190.0,131220.0,131150.0,983835.0
2024-05-20 13:50:00,131283.13607939432,131175.4353491771,131130.0,131155.0,131155.0,131130.0,917920.0
2024-05-20 14:00:00,131270.83071075013,131156.3121463927,131150.0,131155.0,131155.0,131150.0,786925.0
2024-05-20 14:05:00,131243.92676342107,131136.07323657893,131130.0,131110.0,131130.0,131110.0,131105.0
2024-05-20 14:10:00,131212.64295690553,131101.6427573802,131055.0,131105.0,131120.0,131055.0,4260192.5
2024-05-20 14:15:00,131167.5614870743,131088.15279863996,131075.0,131080.0,131080.0,131055.0,1638342.5
2024-05-20 14:20:00,131144.14250421274,131051.57178150154,130995.0,131005.0,131075.0,130995.0,1860554.5
2024-05-20 14:25:00,131127.9510306746,131014.90611218254,130965.0,130955.0,130985.0,130955.0,2449264.5
2024-05-20 14:30:00,131108.50640984933,130978.63644729354,130935.0,130975.0,130975.0,130935.0,916620.0
2024-05-20 14:35:00,131072.61301858115,130951.67269570458,130930.0,130900.0,131005.0,130890.0,1741622.0
2024-05-20 14:40:00,131033.03045814112,130914.11239900175,130860.0,130890.0,130925.0,130860.0,2028657.5
2024-05-20 14:45:00,131005.9510205335,130884.0489794665,130855.0,130855.0,130930.0,130855.0,1570715.0
2024-05-20 14:50:00,130970.28776662948,130811.1408047991,130695.0,130800.0,130840.0,130665.0,5021971.5
2024-05-20 14:55:00,130940.53018585552,130735.18409985877,130625.0,130645.0,130665.0,130590.0,3030743.5
2024-05-20 15:00:00,130898.25239677783,130694.6047460793,130675.0,130690.0,130730.0,130650.0,4025661.5
2024-05-20 15:05:00,130853.0587292451,130631.22698504062,130555.0,130700.0,130735.0,130485.0,2232941.5
2024-05-20 15:10:00,130790.77338565164,130602.08375720549,130610.0,130510.0,130610.0,130490.0,1997601.5
2024-05-20 15:15:00,130735.12731864674,130564.87268135326,130535.0,130535.0,130590.0,130535.0,1618899.0
2024-05-20 15:20:00,130656.23617813874,130553.76382186126,130540.0,130540.0,130555.0,130530.0,4791158.0
2024-05-20 15:25:00,130644.16704166695,130554.40438690447,130655.0,130610.0,130670.0,130610.0,3749341.0
2024-05-20 15:30:00,130649.81683220199,130555.8974535123,130650.0,130650.0,130675.0,130590.0,979900.0
2024-05-20 15:35:00,130640.11856073537,130555.59572497892,130640.0,130695.0,130695.0,130640.0,4455024.0
2024-05-20 15:40:00,130640.88398360676,130559.11601639324,130570.0,130590.0,130590.0,130570.0,1044635.0
2024-05-20 15:45:00,130635.51281427906,130551.6300428638,130565.0,130565.0,130565.0,130565.0,652825.0
2024-05-20 15:50:00,130636.51152986384,130560.63132727903,130570.0,130585.0,130585.0,130570.0,652910.0
2024-05-20 15:55:00,130639.17806684521,130575.1076474405,130600.0,130575.0,130600.0,130575.0,391750.0
2024-05-20 16:00:00,130640.69999266438,130575.01429304991,130660.0,130660.0,130660.0,130660.0,222122.0
2024-05-20 16:05:00,130636.80079551801,130574.62777591057,130635.0,130635.0,130675.0,130635.0,653285.0
2024-05-20 16:10:00,130645.5358235844,130574.4641764156,130670.0,130670.0,130670.0,130670.0,326675.0
2024-05-20 16:15:00,130664.98514799564,130587.87199486149,130685.0,130685.0,130685.0,130685.0,130685.0
2024-05-20 16:20:00,130665.53943585085,130598.74627843486,130605.0,130690.0,130690.0,130585.0,3109024.5
2024-05-20 16:25:00,130664.8457381552,130605.1542618448,130590.0,130595.0,130625.0,130590.0,4140106.5
2024-05-20 16:30:00,130664.81046582025,130600.90381989404,130585.0,130580.0,130630.0,130575.0,5393450.0
2024-05-20 16:35:00,130655.20403569164,130587.65310716549,130580.0,130575.0,130585.0,130560.0,3603904.0
2024-05-20 16:40:00,130652.03518115648,130585.1076759864,130615.0,130610.0,130615.0,130585.0,2481440.0
2024-05-20 16:45:00,130646.3765105256,130585.05206090298,130650.0,130660.0,130660.0,130605.0,3004595.0
2024-05-20 16:50:00,130644.49252171184,130585.50747828816,130680.0,130655.0,130690.0,130635.0,1463318.5
2024-05-20 16:55:00,130683.34207561666,130586.65792438334,130745.0,130700.0,130745.0,130675.0,2993262.5
2024-05-20 17:00:00,130710.68055212987,130602.17659072726,130740.0,130750.0,130760.0,130725.0,980580.0
2024-05-20 17:05:00,130714.75516023525,130618.10198262188,130655.0,130670.0,130670.0,130655.0,143720.5
2024-05-20 17:10:00,130714.24431375881,130632.89854338406,130630.0,130630.0,130630.0,130625.0,195945.0
2024-05-20 17:15:00,130715.82951307097,130644.17048692903,130660.0,130660.0,130660.0,130660.0,195990.0
2024-05-20 17:20:00,130717.41041554663,130648.30387016766,130670.0,130670.0,130670.0,130670.0,130670.0
2024-05-20 17:25:00,130722.5943225695,130651.69139171622,130710.0,130700.0,130710.0,130700.0,797341.0
2024-05-20 17:30:00,130712.84167901245,130651.44403527326,130710.0,130735.0,130740.0,130710.0,849725.0
2024-05-20 17:35:00,130696.77064351765,130650.37221362522,130680.0,130710.0,130730.0,130680.0,1568540.0
2024-05-20 17:40:00,130700.26860047996,130655.44568523433,130685.0,130680.0,130685.0,130680.0,914770.0
2024-05-20 17:45:00,130703.35820149336,130672.35608422093,130700.0,130675.0,130700.0,130675.0,522770.0
2024-05-20 17:50:00,130708.14966934297,130681.85033065703,130710.0,130705.0,130710.0,130705.0,614345.5
2024-05-20 17:55:00,130717.05832366111,130690.08453348176,130730.0,130715.0,130730.0,130715.0,261450.0
2024-05-21 10:00:00,130718.78949674223,130662.63907468635,130620.0,130480.0,130640.0,130430.0,10351490.0
2024-05-21 10:05:00,130750.72401008003,130659.27598991997,130810.0,130680.0,130835.0,130630.0,5502434.5
2024-05-21 10:10:00,130755.71220979982,130665.71636162876,130720.0,130770.0,131025.0,130700.0,9359184.5
2024-05-21 10:15:00,130753.82739584906,130656.17260415094,130645.0,130745.0,130795.0,130645.0,5908219.5
2024-05-21 10:20:00,130750.30734866006,130649.69265133994,130665.0,130665.0,130725.0,130580.0,4338155.0
2024-05-21 10:25:00,130742.45504098135,130627.54495901865,130605.0,130580.0,130630.0,130580.0,4270692.5
2024-05-21 10:30:00,130737.1797167553,130539.96314038757,130405.0,130545.0,130580.0,130370.0,7137128.5
2024-05-21 10:35:00,130746.52050444664,130402.05092412478,130170.0,130420.0,130435.0,130170.0,5980524.0
2024-05-21 10:40:00,130675.76370845217,130368.52200583354,130445.0,130480.0,130510.0,130170.0,7938091.0
2024-05-21 10:45:00,130651.6464071039,130365.49645003898,130625.0,130575.0,130745.0,130490.0,7236948.5
2024-05-21 10:50:00,130641.30318782617,130362.98252645954,130600.0,130555.0,130710.0,130510.0,8581415.0
2024-05-21 10:55:00,130592.7913366409,130334.35152050196,130395.0,130585.0,130625.0,130395.0,1683496.5
2024-05-21 11:00:00,130574.21364633722,130330.0720679485,130525.0,130460.0,130595.0,130325.0,5192030.5
2024-05-21 11:05:00,130629.18597770012,130353.67116515701,130680.0,130505.0,130700.0,130500.0,2285777.5
2024-05-21 11:10:00,130648.22346163605,130474.63368122108,130660.0,130695.0,130730.0,130630.0,3371230.0
2024-05-21 11:15:00,130656.00960118811,130502.56182738331,130570.0,130620.0,130685.0,130540.0,5942300.0
2024-05-21 11:20:00,130644.49211747825,130494.07931109317,130555.0,130555.0,130580.0,130525.0,1174995.0
2024-05-21 11:25:00,130656.40057838277,130497.88513590294,130655.0,130585.0,130665.0,130550.0,1501995.0
2024-05-21 11:30:00,130669.79705792783,130565.91722778646,130680.0,130710.0,130805.0,130635.0,5122652.5
2024-05-21 11:35:00,130706.96911825283,130595.8880246043,130760.0,130775.0,130775.0,130660.0,2156465.0
2024-05-21 11:40:00,130699.74643935479,130590.25356064521,130635.0,130695.0,130770.0,130635.0,1045545.0
2024-05-21 11:45:00,130709.05273210858,130593.80441074855,130705.0,130725.0,130725.0,130640.0,4182065.0
2024-05-21 11:50:00,130716.38095207055,130550.76190507232,130445.0,130490.0,130625.0,130445.0,7178578.0
2024-05-21 11:55:00,130720.33106073653,130496.81179640634,130380.0,130450.0,130510.0,130325.0,5334430.5
2024-05-21 12:00:00,130698.58705643573,130432.84151499285,130355.0,130340.0,130370.0,130300.0,2841510.0
2024-05-21 12:05:00,130658.69370940304,130354.16343345409,130265.0,130320.0,130320.0,130255.0,8469268.0
2024-05-21 12:10:00,130579.33905627698,130327.80380086589,130390.0,130255.0,130400.0,130235.0,4144327.5
2024-05-21 12:15:00,130528.82084243586,130311.17915756414,130400.0,130380.0,130485.0,130340.0,6638626.0
2024-05-21 12:20:00,130457.53302570057,130331.03840287085,130525.0,130510.0,130555.0,130450.0,7099167.5
2024-05-21 12:25:00,130477.81957171492,130332.18042828508,130520.0,130520.0,130535.0,130485.0,2218790.0
2024-05-21 12:30:00,130496.95861304161,130344.46995838697,130490.0,130500.0,130505.0,130475.0,1474545.5
2024-05-21 12:35:00,130509.81133460878,130363.04580824835,130465.0,130445.0,130485.0,130410.0,2061166.5
2024-05-21 12:40:00,130502.21569874874,130406.35572982268,130390.0,130390.0,130445.0,130390.0,782560.0
2024-05-21 12:45:00,130502.44513356293,130400.4120092942,130370.0,130400.0,130425.0,130370.0,1043085.0
2024-05-21 12:50:00,130502.44513356293,130400.4120092942,130400.0,130380.0,130400.0,130380.0,560683.0
2024-05-21 12:55:00,130480.27917878248,130356.86367836039,130295.0,130300.0,130405.0,130295.0,912265.0
2024-05-21 13:00:00,130458.11042929022,130269.03242785265,130135.0,130320.0,130325.0,130135.0,2499855.0
2024-05-21 13:05:00,130417.21205303428,130207.07366125143,130130.0,130200.0,130200.0,130130.0,390525.0
2024-05-21 13:10:00,130367.60526997465,130139.53758716822,130055.0,130155.0,130170.0,130055.0,3201046.0
2024-05-21 13:15:00,130322.10084658001,130093.61343913428,130070.0,130055.0,130135.0,130055.0,4162735.0
2024-05-21 13:20:00,130269.36915781416,130059.20227075726,130065.0,130040.0,130090.0,130005.0,3511497.5
2024-05-21 13:25:00,130184.05148935552,130048.80565350161,130065.0,130060.0,130080.0,130060.0,5593275.0
2024-05-21 13:30:00,130111.01278044144,130037.55864812998,130000.0,130105.0,130130.0,130000.0,2653682.5
2024-05-21 13:35:00,130093.56727197807,130033.5755851648,130060.0,129995.0,130060.0,129965.0,2184273.0
2024-05-21 13:40:00,130088.09535563001,130034.76178722712,130115.0,130065.0,130115.0,130055.0,3577297.5
2024-05-21 13:45:00,130157.68161361697,130025.17552924016,130265.0,130110.0,130265.0,130110.0,1900495.5
2024-05-21 13:50:00,130158.83846944185,130026.87581627244,130080.0,130225.0,130245.0,130070.0,3032994.0
2024-05-21 13:55:00,130160.468820387,130029.531179613,130080.0,130035.0,130080.0,129995.0,1391499.5
2024-05-21 14:00:00,130185.52042435377,130043.05100421765,130200.0,130190.0,130235.0,130035.0,2537425.0
2024-05-21 14:05:00,130193.28979029552,130075.2816382759,130140.0,130140.0,130140.0,130140.0,130140.0
2024-05-21 14:10:00,130194.48151636017,130084.08991221125,130095.0,130120.0,130120.0,130065.0,1079881.0
2024-05-21 14:15:00,130200.48123063668,130090.9473407919,130160.0,130120.0,130170.0,130095.0,2537375.0
2024-05-21 14:20:00,130184.6316297135,130093.93979885791,130220.0,130200.0,130230.0,130200.0,755268.0
2024-05-21 14:25:00,130231.29575340683,130110.13281802175,130300.0,130285.0,130300.0,130280.0,573272.0
2024-05-21 14:30:00,130262.53903750706,130140.31810535007,130295.0,130285.0,130295.0,130240.0,1237567.5
2024-05-21 14:35:00,130262.53903750706,130140.31810535007,130200.0,130255.0,130260.0,130200.0,1562525.0
2024-05-21 14:40:00,130277.58818953768,130159.55466760519,130260.0,130210.0,130260.0,130210.0,390730.0
2024-05-21 14:45:00,130285.89561316387,130202.67581540755,130275.0,130315.0,130320.0,130275.0,1068513.0
2024-05-21 14:50:00,130304.96064972451,130232.18220741836,130330.0,130330.0,130330.0,130330.0,130330.0
2024-05-21 14:55:00,130350.8191853283,130243.4665289574,130420.0,130390.0,130420.0,130365.0,1630068.0
2024-05-21 15:00:00,130376.37018804283,130249.34409767146,130410.0,130420.0,130420.0,130410.0,782490.0
2024-05-21 15:05:00,130408.40432801159,130260.16710055983,130445.0,130430.0,130445.0,130405.0,1173875.0
2024-05-21 15:10:00,130416.0590312123,130301.08382593057,130370.0,130400.0,130400.0,130370.0,782310.0
2024-05-21 15:15:00,130415.49266471187,130313.07876385955,130300.0,130300.0,130300.0,130265.0,2436422.5
2024-05-21 15:20:00,130415.14395077353,130327.7131920836,130325.0,130350.0,130350.0,130325.0,1212144.5
2024-05-21 15:25:00,130415.3847863049,130328.90092798081,130335.0,130325.0,130335.0,130320.0,938385.0
2024-05-21 15:30:00,130402.3658076691,130284.77704947376,130220.0,130240.0,130240.0,130220.0,260455.0
2024-05-21 15:35:00,130381.46925980621,130239.95931162237,130180.0,130180.0,130260.0,130180.0,1731667.0
2024-05-21 15:40:00,130337.43569234606,130229.70716479681,130255.0,130205.0,130255.0,130205.0,651070.0
2024-05-21 15:50:00,130335.89515420614,130229.81913150815,130365.0,130280.0,130365.0,130280.0,1081348.5
2024-05-21 15:55:00,130335.03247059409,130229.25324369162,130295.0,130285.0,130360.0,130280.0,2801422.5
2024-05-21 16:00:00,130346.73861555527,130230.4042415876,130370.0,130340.0,130370.0,130315.0,651705.0
2024-05-21 16:05:00,130349.07380956401,130230.92619043599,130345.0,130350.0,130350.0,130335.0,651725.0
2024-05-21 16:10:00,130374.21498128872,130254.3564472827,130390.0,130390.0,130390.0,130390.0,521575.0
2024-05-21 16:15:00,130388.92843196615,130303.92871089098,130405.0,130405.0,130405.0,130405.0,130405.0
2024-05-21 16:20:00,130388.78949674524,130332.63907468333,130355.0,130310.0,130355.0,130310.0,325820.0
2024-05-21 16:25:00,130391.52597579357,130334.18830992072,130380.0,130365.0,130380.0,130365.0,782265.0
2024-05-21 16:30:00,130394.40323819505,130359.88247609066,130395.0,130420.0,130420.0,130395.0,521655.0
2024-05-21 16:35:00,130405.44297489073,130363.12845368069,130420.0,130420.0,130420.0,130420.0,130420.0
2024-05-21 16:40:00,130405.21646251263,130364.78353748737,130350.0,130350.0,130350.0,130350.0,1368675.0
2024-05-21 16:45:00,130402.72625454831,130361.5594597374,130370.0,130370.0,130370.0,130370.0,130370.0
2024-05-21 16:50:00,130395.00986111896,130352.13299602391,130345.0,130345.0,130345.0,130285.0,1303179.0
2024-05-21 16:55:00,130401.6833325945,130315.45952454837,130250.0,130250.0,130345.0,130235.0,3205285.0
2024-05-21 17:00:00,130395.03991971053,130273.53150886089,130210.0,130200.0,130225.0,130200.0,2070318.5
2024-05-21 17:05:00,130374.6943755343,130235.3056244657,130190.0,130200.0,130230.0,130180.0,2213550.0
2024-05-21 17:10:00,130336.14099440505,130199.57329130924,130160.0,130215.0,130215.0,130160.0,1496900.0
2024-05-21 17:15:00,130309.38805005922,130177.75480708365,130180.0,130185.0,130185.0,130145.0,3553478.5
2024-05-21 17:20:00,130273.18970217797,130175.38172639345,130235.0,130230.0,130235.0,130170.0,976590.0
2024-05-21 17:25:00,130226.1995306713,130173.8004693287,130175.0,130190.0,130220.0,130175.0,2864765.0
2024-05-21 17:30:00,130209.82387247235,130170.17612752765,130180.0,130190.0,130210.0,130175.0,2994425.0
2024-05-21 17:40:00,130207.54641096687,130169.596446176,130200.0,130180.0,130210.0,130175.0,650945.0
2024-05-21 17:50:00,130206.48620851328,130150.65664862959,130120.0,130100.0,130175.0,130100.0,2147247.0
2024-05-21 17:55:00,130206.48620851328,130150.65664862959,130160.0,130160.0,130170.0,130120.0,1561820.0
2024-05-22 10:00:00,130278.94549308898,129898.19736405389,129550.0,129560.0,129565.0,129330.0,12904648.5
2024-05-22 10:05:00,130240.31244011065,129696.83041703222,129395.0,129505.0,129560.0,129350.0,10512059.0
2024-05-22 10:10:00,130168.11952530722,129511.88047469278,129275.0,129370.0,129400.0,129240.0,4939400.0
2024-05-22 10:15:00,130057.95377377623,129416.33194050948,129460.0,129280.0,129460.0,129255.0,14586425.0
2024-05-22 10:20:00,129920.15557842139,129359.84442157861,129520.0,129495.0,129520.0,129370.0,8027361.5
2024-05-22 10:25:00,129761.5424214023,129291.31472145484,129325.0,129545.0,129545.0,129325.0,13398696.5
2024-05-22 10:30:00,129498.09829693177,129340.47313163965,129410.0,129345.0,129425.0,129190.0,8392443.5
2024-05-22 10:35:00,129454.35522814567,129315.64477185433,129310.0,129300.0,129365.0,129250.0,4706433.5
2024-05-22 10:40:00,129447.43108376933,129256.85463051638,129165.0,129245.0,129330.0,129125.0,4664044.0
2024-05-22 10:45:00,129446.44098973183,129252.1304388396,129255.0,129230.0,129270.0,129120.0,7313837.0
2024-05-22 10:50:00,129423.68906633764,129244.88236223378,129355.0,129405.0,129435.0,129290.0,5705693.5
2024-05-22 10:55:00,129359.20964991915,129232.21892150943,129250.0,129240.0,129295.0,129190.0,5764128.5
2024-05-22 11:00:00,129349.36301197068,129173.49413088645,129085.0,129275.0,129290.0,129070.0,4790495.0
2024-05-22 11:05:00,129301.60282393404,129111.2543189231,129025.0,129125.0,129125.0,129000.0,7871846.0
2024-05-22 11:10:00,129267.47087998185,129079.67197716102,129080.0,129175.0,129185.0,129005.0,3938187.5
2024-05-22 11:15:00,129258.26960441521,129028.87325272766,128955.0,129080.0,129105.0,128955.0,4838758.0
2024-05-22 11:20:00,129219.90065746773,128978.67077110369,128945.0,129025.0,129080.0,128945.0,4838938.5
2024-05-22 11:25:00,129140.4241752973,128978.14725327412,129075.0,129185.0,129185.0,128995.0,5395324.0
2024-05-22 11:30:00,129073.37158051519,128980.91413377052,129025.0,128990.0,129025.0,128875.0,7388154.5
2024-05-22 11:35:00,129054.5442371561,128951.1700485582,128915.0,128955.0,129010.0,128915.0,6254703.5
2024-05-22 11:40:00,129044.82558315761,128916.60298827097,128870.0,128875.0,128915.0,128835.0,5696019.5
2024-05-22 11:45:00,129018.18470904251,128910.3867195289,128965.0,128965.0,128975.0,128900.0,2746582.0
2024-05-22 11:50:00,129034.6407819573,128918.21636089982,129040.0,128970.0,129040.0,128935.0,1960374.0
2024-05-22 11:55:00,129040.87644762793,128926.26640951494,128995.0,129030.0,129105.0,128995.0,3045702.5
2024-05-22 12:00:00,129059.32214782244,128923.53499503469,129130.0,128955.0,129140.0,128935.0,2902650.0
2024-05-22 12:05:00,129109.12050768672,128923.73663517041,129200.0,129135.0,129200.0,129135.0,1420745.0
2024-05-22 12:10:00,129153.38057457832,128958.04799685026,129190.0,129210.0,129235.0,129180.0,3734036.5
2024-05-22 12:15:00,129156.81124481658,129010.33161232629,129065.0,129120.0,129195.0,128965.0,15208555.5
2024-05-22 12:20:00,129156.50627799967,129014.92229342891,128980.0,128985.0,129100.0,128865.0,13996855.5
2024-05-22 12:25:00,129153.95970970065,128997.46886172793,128970.0,129010.0,129010.0,128970.0,8255193.5
2024-05-22 12:30:00,129153.45874755843,128992.25553815586,128975.0,128965.0,129000.0,128890.0,14158887.0
2024-05-22 12:35:00,129147.4267396484,128989.71611749446,129100.0,129070.0,129100.0,129025.0,3329622.5
2024-05-22 12:40:00,129106.92202887363,128977.36368541209,129015.0,129015.0,129115.0,129015.0,4168919.5
2024-05-22 12:45:00,129053.46385696401,128973.67900017886,128990.0,128975.0,129015.0,128975.0,6346608.5
2024-05-22 12:50:00,129041.35527622861,128970.07329519997,129010.0,129020.0,129050.0,128915.0,13505839.5
2024-05-22 12:55:00,129069.97697078295,128978.59445778847,129110.0,129080.0,129110.0,129020.0,4917164.5
2024-05-22 13:00:00,129106.00493765318,128995.4236337754,129155.0,129135.0,129170.0,129115.0,6999480.0
2024-05-22 13:05:00,129115.40138974584,129017.4557531113,129085.0,129100.0,129190.0,129070.0,5487620.5
2024-05-22 13:10:00,129110.5915098912,129015.1227758231,129075.0,129075.0,129085.0,129040.0,4323680.0
2024-05-22 13:15:00,129115.42014787505,129026.00842355353,129070.0,129035.0,129070.0,129035.0,5033045.0
2024-05-22 13:20:00,129114.81566673334,129039.47004755237,129035.0,129025.0,129045.0,129015.0,6580412.5
2024-05-22 13:25:00,129114.25956727625,129045.74043272375,129030.0,129000.0,129045.0,128995.0,4734982.5
2024-05-22 13:30:00,129104.03341143914,129034.53801713228,129035.0,129010.0,129055.0,129000.0,3961037.5
2024-05-22 13:35:00,129070.56644475617,129028.00498381525,129015.0,129005.0,129025.0,129000.0,4644487.5
2024-05-22 13:40:00,129062.85424369798,128997.14575630202,128950.0,128980.0,128990.0,128950.0,3275849.5
2024-05-22 13:45:00,129049.62897920558,128967.5138779373,128925.0,128930.0,128960.0,128910.0,3661625.0
2024-05-22 13:50:00,129038.03499103754,128966.25072324817,129025.0,129025.0,129045.0,128875.0,8639456.5
2024-05-22 13:55:00,129037.8025525605,128896.4831617252,128790.0,128895.0,129025.0,128760.0,3105461.5
2024-05-22 14:00:00,129015.74630568367,128865.68226574491,128845.0,128845.0,128885.0,128785.0,10848629.5
2024-05-22 14:05:00,128988.71252145024,128852.71604997833,128895.0,128950.0,128950.0,128860.0,4073258.0
2024-05-22 14:10:00,128959.9536123296,128838.61781624182,128865.0,128915.0,128915.0,128820.0,5489019.5
2024-05-22 14:15:00,128951.03076391532,128834.68352179897,128905.0,128870.0,128905.0,128845.0,6559941.0
2024-05-22 14:20:00,128940.75991751738,128824.95436819691,128855.0,128840.0,128865.0,128820.0,5475859.5
2024-05-22 14:25:00,128885.70752743962,128822.8639011318,128825.0,128875.0,128885.0,128810.0,5733532.0
2024-05-22 14:30:00,128888.8956815264,128809.67574704502,128755.0,128795.0,128855.0,128735.0,9183257.0
2024-05-22 14:35:00,128885.36262309288,128786.0659483357,128750.0,128730.0,128760.0,128635.0,10114821.5
2024-05-22 14:40:00,128865.51523116222,128764.48476883778,128750.0,128755.0,128795.0,128740.0,6605209.5
2024-05-22 14:45:00,128855.31629092034,128760.39799479395,128815.0,128760.0,128815.0,128750.0,3760400.0
2024-05-22 14:50:00,128821.34818155521,128751.50896130192,128755.0,128755.0,128815.0,128740.0,4339703.5
2024-05-22 14:55:00,128810.17562780836,128752.68151504877,128820.0,128745.0,128820.0,128700.0,8381054.5
2024-05-22 15:00:00,128801.46284561207,128709.96572581651,128645.0,128750.0,128815.0,128555.0,14871208.0
2024-05-22 15:05:00,128796.24999182748,128696.60715102965,128690.0,128695.0,128735.0,128655.0,5675323.0
2024-05-22 15:10:00,128789.6174811795,128676.09680453478,128655.0,128655.0,128670.0,128580.0,10070535.5
2024-05-22 15:15:00,128780.73011699817,128636.4127401447,128580.0,128670.0,128695.0,128560.0,9093137.5
2024-05-22 15:20:00,128745.18864517569,128603.38278339573,128575.0,128615.0,128620.0,128450.0,14396286.5
2024-05-22 15:25:00,128723.19784596603,128531.08786831968,128425.0,128540.0,128570.0,128425.0,11681203.5
2024-05-22 15:30:00,128655.15087345407,128497.70626940306,128465.0,128500.0,128515.0,128425.0,14081357.0
2024-05-22 15:35:00,128632.04872544468,128473.66556026961,128480.0,128460.0,128500.0,128460.0,9020105.5
2024-05-22 15:40:00,128586.67859291848,128454.7499785101,128465.0,128465.0,128480.0,128395.0,7681671.5
2024-05-22 15:45:00,128559.6393189271,128457.50353821577,128570.0,128525.0,128575.0,128435.0,12413794.5
2024-05-22 15:50:00,128542.47081924812,128453.24346646617,128505.0,128580.0,128590.0,128505.0,5295286.0
2024-05-22 15:55:00,128532.03004743265,128453.68423828164,128540.0,128480.0,128540.0,128480.0,6965231.5
2024-05-22 16:00:00,128541.08211898102,128476.06073816185,128535.0,128560.0,128575.0,128530.0,4936354.5
2024-05-22 16:05:00,128550.02078799375,128489.97921200625,128545.0,128560.0,128560.0,128505.0,6169522.5
2024-05-22 16:10:00,128550.58967575431,128482.26746710282,128455.0,128455.0,128540.0,128450.0,9660067.5
2024-05-22 16:15:00,128563.03655826664,128429.82058459049,128325.0,128455.0,128470.0,128225.0,17806469.0
2024-05-22 16:20:00,128541.05319134219,128371.80395151494,128290.0,128325.0,128360.0,128270.0,23445784.5
2024-05-22 16:25:00,128523.30587388482,128350.97984040089,128370.0,128260.0,128380.0,128245.0,22852213.0
2024-05-22 16:30:00,128494.52686836386,128336.90170306472,128390.0,128395.0,128405.0,128325.0,19124248.0
2024-05-22 16:35:00,128456.14979276934,128316.70735008779,128330.0,128350.0,128400.0,128330.0,23014388.0
2024-05-22 16:40:00,128397.51352697282,128306.77218731289,128305.0,128300.0,128355.0,128280.0,10059731.0
2024-05-22 16:45:00,128359.31466939684,128296.39961631745,128285.0,128285.0,128330.0,128280.0,16601093.0
2024-05-22 16:50:00,128357.63245006996,128293.79612135862,128310.0,128305.0,128330.0,128270.0,24083945.5
2024-05-22 16:55:00,128371.32298468464,128305.81987245823,128380.0,128325.0,128380.0,128320.0,14310749.5
2024-05-22 17:00:00,128363.09664693217,128301.18906735354,128325.0,128320.0,128365.0,128275.0,5030050.0
2024-05-22 17:05:00,128345.16526265665,128274.83473734335,128235.0,128295.0,128305.0,128220.0,3925032.0
2024-05-22 17:10:00,128338.1443312053,128246.14138308041,128205.0,128235.0,128245.0,128150.0,7038168.5
2024-05-22 17:15:00,128331.07578248082,128214.63850323347,128170.0,128210.0,128220.0,128165.0,14730861.5
2024-05-22 17:20:00,128336.69623125372,128217.58948303199,128315.0,128315.0,128330.0,128190.0,37410017.0
2024-05-22 17:25:00,128325.46843030321,128205.96014112537,128230.0,128225.0,128310.0,128225.0,13224235.5
2024-05-22 17:30:00,128285.72226166882,128184.27773833118,128165.0,128220.0,128220.0,128155.0,9165330.0
2024-05-22 17:35:00,128258.46385696939,128178.67900017348,128210.0,128195.0,128215.0,128170.0,12845204.5
2024-05-22 17:40:00,128251.08407696449,128167.48735160693,128170.0,128225.0,128245.0,128170.0,5358605.0
2024-05-22 17:45:00,128251.7714913403,128168.2285086597,128210.0,128185.0,128210.0,128185.0,7948340.0
2024-05-22 17:50:00,128252.29424195614,128170.56290090099,128180.0,128225.0,128225.0,128165.0,20470521.5
2024-05-22 17:55:00,128210.84888527707,128166.2939718658,128155.0,128160.0,128170.0,128120.0,30306674.0
2024-05-23 10:00:00,128204.64977801859,128166.77879340999,128210.0,128115.0,128210.0,127955.0,15895388.5
2024-05-23 10:05:00,128209.55620459878,128173.30093825836,128205.0,128105.0,128240.0,128045.0,12956340.0
2024-05-23 10:10:00,128212.26121303512,128173.45307267917,128220.0,128185.0,128265.0,128125.0,4127903.5
2024-05-23 10:15:00,128217.37192135764,128146.91379292807,128095.0,128135.0,128240.0,128010.0,9531151.5
2024-05-23 10:20:00,128211.72114061932,128143.99314509497,128180.0,128080.0,128180.0,128025.0,22032050.5
2024-05-23 10:25:00,128207.37162109997,128126.91409318574,128105.0,128080.0,128170.0,128005.0,6326967.0
2024-05-23 10:30:00,128212.571510322,128068.85706110658,127970.0,128020.0,128175.0,127915.0,7374230.0
2024-05-23 10:35:00,128190.99932287111,128051.85781998602,128075.0,128155.0,128220.0,127950.0,8695839.5
2024-05-23 10:40:00,128171.80069324757,127965.3421638953,127835.0,128095.0,128140.0,127835.0,8913614.5
2024-05-23 10:45:00,128121.23770452302,127918.76229547698,127880.0,127835.0,128015.0,127805.0,16270362.0
2024-05-23 10:50:00,128095.97410260176,127841.16875454111,127735.0,127820.0,127900.0,127675.0,19651853.0
2024-05-23 10:55:00,128027.95288397174,127752.04711602826,127630.0,127750.0,127755.0,127600.0,24633716.5
2024-05-23 11:00:00,127963.91725119746,127628.93989165967,127450.0,127720.0,127735.0,127450.0,31683779.5
2024-05-23 11:05:00,127904.96521349174,127539.32050079397,127450.0,127510.0,127510.0,127395.0,20645868.0
2024-05-23 11:10:00,127782.15353560979,127483.5607501045,127450.0,127510.0,127555.0,127425.0,26149286.5
2024-05-23 11:15:00,127721.47770049813,127355.66515664474,127175.0,127485.0,127485.0,127175.0,20360376.0
2024-05-23 11:20:00,127604.95783831069,127309.32787597502,127310.0,127220.0,127350.0,127165.0,16987708.0
2024-05-23 11:25:00,127513.69528086866,127286.30471913134,127335.0,127290.0,127365.0,127245.0,8607616.0
2024-05-23 11:30:00,127441.10666205588,127280.3219093727,127355.0,127260.0,127355.0,127220.0,14028991.0
2024-05-23 11:35:00,127415.5715162279,127265.85705520069,127310.0,127370.0,127390.0,127310.0,6991384.0
2024-05-23 11:40:00,127385.19231896035,127256.23625246822,127310.0,127325.0,127340.0,127245.0,10947646.0
2024-05-23 11:45:00,127362.68301629173,127258.74555513685,127380.0,127320.0,127380.0,127310.0,4584727.5
2024-05-23 11:50:00,127351.95840047608,127303.7558852382,127295.0,127270.0,127395.0,127270.0,11293653.0
2024-05-23 11:55:00,127353.26522823887,127283.877628904,127245.0,127285.0,127315.0,127220.0,5472002.0
2024-05-23 12:00:00,127377.03198056502,127284.39659086356,127420.0,127420.0,127420.0,127220.0,23098487.0
2024-05-23 12:05:00,127386.35505293781,127286.50208991932,127395.0,127445.0,127445.0,127395.0,10473772.0
2024-05-23 12:10:00,127395.83529643614,127295.59327499244,127375.0,127385.0,127410.0,127360.0,8419762.0
2024-05-23 12:15:00,127395.23620704329,127293.33522152813,127300.0,127350.0,127355.0,127300.0,5233110.0
2024-05-23 12:20:00,127393.15705127109,127292.5572344432,127370.0,127340.0,127375.0,127315.0,8379157.5
2024-05-23 12:25:00,127406.39003514191,127307.8956791438,127395.0,127400.0,127405.0,127395.0,2445859.0
2024-05-23 12:30:00,127407.95264052808,127347.76164518621,127390.0,127405.0,127435.0,127390.0,9352236.5
2024-05-23 12:35:00,127422.8228717983,127345.74855677312,127465.0,127450.0,127465.0,127380.0,13787320.0
2024-05-23 12:40:00,127428.98583617777,127348.1570209651,127425.0,127445.0,127470.0,127410.0,13570777.5
2024-05-23 12:45:00,127428.01768524933,127346.26802903638,127365.0,127370.0,127410.0,127365.0,12866430.0
2024-05-23 12:50:00,127432.07956323196,127376.49186533946,127420.0,127440.0,127440.0,127360.0,12294188.0
2024-05-23 12:55:00,127437.61810352812,127386.66761075759,127425.0,127435.0,127445.0,127425.0,2102612.5
2024-05-23 13:00:00,127451.08454714905,127393.20116713666,127465.0,127445.0,127490.0,127440.0,13192607.5
2024-05-23 13:05:00,127451.4862085408,127395.65664860207,127400.0,127455.0,127475.0,127385.0,19714472.0
2024-05-23 13:10:00,127437.64641761535,127383.78215381323,127375.0,127365.0,127375.0,127355.0,16560115.0
2024-05-23 13:15:00,127431.85913243482,127375.28372470805,127375.0,127380.0,127390.0,127320.0,13984109.5
2024-05-23 13:20:00,127440.72698254843,127387.844446023,127440.0,127430.0,127440.0,127380.0,10485125.0
2024-05-23 13:25:00,127457.57880166608,127389.56405547679,127485.0,127500.0,127505.0,127435.0,14608014.5
2024-05-23 13:30:00,127466.76780613969,127393.23219386031,127470.0,127455.0,127495.0,127445.0,6730702.5
2024-05-23 13:35:00,127458.95793149319,127389.61349707823,127425.0,127420.0,127440.0,127400.0,18807446.0
2024-05-23 13:40:00,127457.93734410335,127383.49122732523,127375.0,127405.0,127435.0,127375.0,11273907.5
2024-05-23 13:45:00,127459.93207778221,127364.3536365035,127315.0,127280.0,127375.0,127245.0,20038670.0
2024-05-23 13:50:00,127460.26105538942,127365.45323032487,127380.0,127315.0,127405.0,127305.0,21128743.5
2024-05-23 13:55:00,127449.83209595106,127351.59647547752,127355.0,127335.0,127395.0,127325.0,5093725.0
2024-05-23 14:00:00,127428.96176900242,127349.609659569,127405.0,127405.0,127410.0,127360.0,12993080.0
2024-05-23 14:05:00,127403.60223744152,127347.82633398706,127375.0,127440.0,127445.0,127340.0,4547915.5
2024-05-23 14:10:00,127419.88514636384,127344.40056792187,127470.0,127460.0,127470.0,127410.0,509820.0
2024-05-23 14:15:00,127419.29955604195,127343.55758681518,127370.0,127370.0,127370.0,127370.0,764220.0
2024-05-23 14:20:00,127429.81046584834,127365.90381986595,127430.0,127450.0,127450.0,127360.0,16434968.0
2024-05-23 14:25:00,127459.94883798069,127371.4797334479,127505.0,127460.0,127540.0,127440.0,21047280.0
2024-05-23 14:30:00,127487.27032874268,127391.30109982874,127520.0,127500.0,127520.0,127430.0,23914386.5
2024-05-23 14:35:00,127486.00493766116,127375.42363376742,127345.0,127500.0,127530.0,127345.0,8397657.0
2024-05-23 14:40:00,127491.92784054905,127326.64358802237,127225.0,127265.0,127350.0,127200.0,18177133.5
2024-05-23 14:45:00,127470.03944459058,127298.53198398084,127295.0,127310.0,127310.0,127215.0,10715519.0
2024-05-23 14:50:00,127461.98743136779,127270.86971148934,127245.0,127230.0,127325.0,127200.0,9682232.0
2024-05-23 14:55:00,127438.71762151016,127206.99666420413,127125.0,127230.0,127230.0,127120.0,13202001.0
2024-05-23 15:00:00,127378.39129125842,127141.60870874158,127065.0,127110.0,127120.0,127030.0,24157226.5
2024-05-23 15:05:00,127286.6895324658,127131.88189610562,127165.0,127065.0,127185.0,127055.0,22630748.0
2024-05-23 15:10:00,127249.85314130141,127127.28971584146,127200.0,127185.0,127200.0,127130.0,13162985.0
2024-05-23 15:15:00,127235.90292132238,127108.38279296333,127110.0,127230.0,127240.0,127105.0,10022321.0
2024-05-23 15:20:00,127195.64636349802,127100.06792221627,127125.0,127085.0,127165.0,127075.0,3915030.0
2024-05-23 15:25:00,127176.50877267684,127102.06265589458,127185.0,127155.0,127185.0,127135.0,3941970.0
2024-05-23 15:30:00,127184.64388952365,127108.21325333348,127175.0,127140.0,127175.0,127135.0,2174197.0
2024-05-23 15:35:00,127206.4231279275,127136.43401492963,127240.0,127250.0,127255.0,127160.0,4033283.0
2024-05-23 15:40:00,127210.31395365705,127139.68604634295,127190.0,127210.0,127220.0,127190.0,5495005.0
2024-05-23 15:45:00,127204.2595672914,127135.7404327086,127165.0,127135.0,127215.0,127135.0,1398800.0
2024-05-23 15:50:00,127204.5304319618,127148.32671089533,127155.0,127180.0,127190.0,127140.0,6001888.0
2024-05-23 15:55:00,127204.28648338957,127158.57065946756,127160.0,127175.0,127205.0,127160.0,5175861.0
2024-05-23 16:00:00,127203.53942645853,127157.88914497005,127180.0,127235.0,127245.0,127150.0,7085229.0
2024-05-23 16:05:00,127207.67772384851,127160.89370472291,127200.0,127205.0,127225.0,127155.0,6448780.5
2024-05-23 16:10:00,127196.66463474983,127163.33536525017,127210.0,127180.0,127250.0,127180.0,4363538.5
2024-05-23 16:15:00,127215.53133988581,127161.61151725706,127250.0,127245.0,127270.0,127215.0,5968176.0
2024-05-23 16:20:00,127236.48824316826,127169.22604254603,127265.0,127265.0,127270.0,127240.0,5650253.5
2024-05-23 16:25:00,127249.17806687459,127185.10764741112,127255.0,127255.0,127255.0,127255.0,254510.0
2024-05-23 16:30:00,127267.13609888226,127204.29247254632,127290.0,127240.0,127290.0,127240.0,2482035.0
2024-05-23 16:35:00,127268.40690239819,127218.73595474468,127235.0,127200.0,127235.0,127165.0,5749785.5
2024-05-23 16:40:00,127276.47332021502,127233.52667978498,127280.0,127255.0,127295.0,127235.0,7024334.0
2024-05-23 16:45:00,127289.68646928095,127248.88495929047,127310.0,127300.0,127310.0,127280.0,7854036.5
2024-05-23 16:50:00,127289.4347875089,127246.27949820539,127240.0,127250.0,127325.0,127225.0,5840852.0
2024-05-23 16:55:00,127296.40860899944,127249.30567671485,127300.0,127220.0,127300.0,127210.0,4365345.5
2024-05-23 17:00:00,127318.20571228598,127254.65143057115,127350.0,127320.0,127355.0,127280.0,5895357.0
2024-05-23 17:05:00,127335.1884609441,127257.66868191303,127360.0,127365.0,127380.0,127350.0,10418422.5
2024-05-23 17:10:00,127344.07722679281,127277.35134463577,127335.0,127325.0,127335.0,127315.0,2635569.5
2024-05-23 17:15:00,127360.50999763251,127288.0614309389,127375.0,127375.0,127380.0,127355.0,4712765.0
2024-05-23 17:20:00,127383.87421603137,127294.69721254005,127415.0,127410.0,127430.0,127340.0,12178529.5
2024-05-23 17:25:00,127390.50982077244,127330.91875065614,127390.0,127400.0,127410.0,127390.0,764375.0
2024-05-23 17:30:00,127397.66057377425,127352.33942622575,127400.0,127385.0,127415.0,127375.0,1375900.0
2024-05-23 17:35:00,127409.2251723559,127360.7748276441,127420.0,127420.0,127440.0,127415.0,3020063.5
2024-05-23 17:40:00,127411.88012565945,127366.69130291198,127390.0,127390.0,127390.0,127390.0,509560.0
2024-05-23 17:45:00,127409.65599159442,127376.05829411987,127360.0,127415.0,127425.0,127360.0,3095397.0
2024-05-23 17:50:00,127410.73142281777,127364.98286289652,127340.0,127380.0,127405.0,127320.0,7285777.0
2024-05-23 17:55:00,127401.95663779648,127349.4719336321,127330.0,127315.0,127330.0,127275.0,5982930.0
2024-05-24 10:00:00,127447.24884876839,127342.75115123161,127525.0,127545.0,127575.0,127455.0,23464202.5
2024-05-24 10:05:00,127473.42078333018,127348.0077880984,127510.0,127430.0,127520.0,127385.0,19985985.5
2024-05-24 10:10:00,127514.46041698896,127352.6824401539,127580.0,127585.0,127620.0,127520.0,23599109.0
2024-05-24 10:15:00,127520.15596002775,127361.27261140083,127440.0,127600.0,127615.0,127420.0,31858606.0
2024-05-24 10:20:00,127529.2800264527,127380.7199735473,127460.0,127380.0,127485.0,127370.0,22837126.5
2024-05-24 10:25:00,127557.95363374855,127419.18922339432,127575.0,127555.0,127575.0,127455.0,19750173.0
2024-05-24 10:30:00,127552.93075509672,127442.78353061757,127395.0,127475.0,127545.0,127390.0,17625519.0
2024-05-24 10:35:00,127561.91850126821,127445.22435587466,127565.0,127455.0,127595.0,127445.0,26253152.0
2024-05-24 10:40:00,127613.79905209875,127447.62951932983,127700.0,127740.0,127745.0,127530.0,14717242.0
2024-05-24 10:45:00,127630.52696149565,127450.90160993293,127650.0,127660.0,127710.0,127605.0,14475710.0
2024-05-24 10:50:00,127630.52696149565,127450.90160993293,127440.0,127535.0,127590.0,127405.0,24570193.5
2024-05-24 10:55:00,127633.66998122491,127460.6157330608,127505.0,127415.0,127505.0,127385.0,32772620.5
2024-05-24 11:00:00,127618.95848441879,127435.32722986692,127435.0,127520.0,127535.0,127435.0,20959078.5
2024-05-24 11:05:00,127636.23691248999,127475.1916589386,127595.0,127510.0,127600.0,127445.0,17187710.0
2024-05-24 11:10:00,127659.66044751181,127483.19669534532,127675.0,127645.0,127760.0,127620.0,8031605.0
2024-05-24 11:15:00,127649.80562945336,127483.05151340377,127665.0,127630.0,127665.0,127565.0,10808429.0
2024-05-24 11:20:00,127635.8366279833,127478.44908630241,127585.0,127570.0,127635.0,127545.0,11189052.5
2024-05-24 11:25:00,127669.550215362,127517.59264178087,127695.0,127740.0,127745.0,127645.0,12538518.5
2024-05-24 11:30:00,127694.79754353873,127546.63102788985,127695.0,127750.0,127840.0,127695.0,20483083.5
2024-05-24 11:35:00,127684.94147219448,127585.05852780552,127535.0,127540.0,127645.0,127535.0,12020431.0
2024-05-24 11:40:00,127684.18310851608,127567.2454629125,127530.0,127505.0,127530.0,127480.0,13157743.0
2024-05-24 11:45:00,127668.7335904916,127554.12355236553,127575.0,127565.0,127575.0,127515.0,10205308.5
2024-05-24 11:50:00,127683.88553013647,127554.68589843495,127720.0,127595.0,127730.0,127570.0,17232671.0
2024-05-24 11:55:00,127684.33857086107,127555.66142913893,127590.0,127580.0,127680.0,127580.0,2552405.0
2024-05-24 12:00:00,127660.23670750055,127536.90614964232,127545.0,127570.0,127610.0,127545.0,3342422.0
2024-05-24 12:05:00,127636.05239960134,127532.51902897008,127595.0,127595.0,127595.0,127595.0,127595.0
2024-05-24 12:10:00,127636.87707664471,127535.98006621242,127550.0,127530.0,127550.0,127490.0,16361087.0
2024-05-24 12:15:00,127640.24331324558,127546.89954389729,127580.0,127560.0,127580.0,127540.0,4757872.0
2024-05-24 12:20:00,127638.28785006957,127541.71214993043,127550.0,127530.0,127550.0,127515.0,6095870.5
2024-05-24 12:25:00,127583.20512572894,127549.65201712819,127555.0,127550.0,127560.0,127550.0,892860.0
2024-05-24 12:30:00,127575.79929689057,127545.629274538,127550.0,127545.0,127550.0,127490.0,2231726.5
2024-05-24 12:35:00,127585.9480149646,127504.0519850354,127435.0,127490.0,127530.0,127430.0,5863584.0
2024-05-24 12:40:00,127570.92845057837,127469.07154942163,127420.0,127425.0,127460.0,127395.0,5109673.5
2024-05-24 12:45:00,127559.68771694961,127433.16942590752,127385.0,127445.0,127450.0,127385.0,5593782.0
2024-05-24 12:50:00,127532.15196688165,127410.70517597548,127405.0,127445.0,127445.0,127405.0,5033697.5
2024-05-24 12:55:00,127507.83145853282,127396.45425575289,127415.0,127420.0,127425.0,127375.0,9364342.5
2024-05-24 13:00:00,127473.46099925291,127385.1104293185,127395.0,127420.0,127420.0,127355.0,7146106.5
2024-05-24 13:05:00,127425.29853774256,127397.55860511457,127425.0,127400.0,127435.0,127395.0,2268150.0
2024-05-24 13:10:00,127446.41170465105,127392.15972392037,127490.0,127480.0,127500.0,127455.0,8834719.0
2024-05-24 13:15:00,127472.36303501096,127393.35125070333,127515.0,127500.0,127540.0,127500.0,3060720.0
2024-05-24 13:20:00,127495.08078184703,127409.20493243868,127520.0,127525.0,127525.0,127520.0,637620.0
2024-05-24 13:25:00,127528.9631693811,127423.89397347604,127575.0,127570.0,127595.0,127545.0,3993069.0
2024-05-24 13:30:00,127533.07033612626,127436.92966387374,127475.0,127520.0,127535.0,127450.0,5660314.0
2024-05-24 13:35:00,127535.6543591389,127462.91706943251,127495.0,127485.0,127495.0,127485.0,3505987.5
2024-05-24 13:40:00,127534.1550085625,127478.70213429462,127475.0,127495.0,127500.0,127475.0,509975.0
2024-05-24 13:45:00,127533.27908592169,127475.29234264973,127475.0,127480.0,127485.0,127475.0,764885.0
2024-05-24 13:50:00,127528.63465225515,127452.79391917343,127420.0,127430.0,127450.0,127400.0,5492389.5
2024-05-24 13:55:00,127525.34865727396,127394.65134272604,127305.0,127395.0,127395.0,127285.0,6558735.5
2024-05-24 14:00:00,127486.12076626309,127369.5935194512,127350.0,127375.0,127375.0,127345.0,10545317.0
2024-05-24 14:05:00,127469.1346446095,127340.8653553905,127315.0,127330.0,127340.0,127295.0,9013522.5
2024-05-24 14:10:00,127445.18896779006,127333.38246078136,127385.0,127375.0,127385.0,127350.0,8507715.5
2024-05-24 14:15:00,127416.76751613905,127314.66105528953,127310.0,127385.0,127410.0,127295.0,18722398.5
2024-05-24 14:20:00,127379.20995969612,127283.64718316101,127235.0,127330.0,127330.0,127200.0,5179750.5
2024-05-24 14:25:00,127349.74605875052,127274.53965553519,127285.0,127300.0,127320.0,127280.0,2800398.0
2024-05-24 14:30:00,127347.09687101416,127268.61741470013,127275.0,127235.0,127280.0,127220.0,2163191.0
2024-05-24 14:35:00,127348.3981285569,127268.74472858597,127355.0,127315.0,127355.0,127285.0,2763068.0
2024-05-24 14:40:00,127354.17820599387,127271.53607972042,127345.0,127350.0,127370.0,127320.0,1400825.0
2024-05-24 14:45:00,127342.4462107829,127271.83950350281,127345.0,127335.0,127345.0,127335.0,382025.0
2024-05-24 14:50:00,127357.23008139948,127275.62706145765,127375.0,127370.0,127380.0,127325.0,6699115.5
2024-05-24 14:55:00,127371.4102514435,127304.30403427078,127385.0,127355.0,127385.0,127355.0,4076235.0
2024-05-24 15:00:00,127383.72617735135,127321.98810836294,127390.0,127380.0,127390.0,127350.0,1248164.0
2024-05-24 15:05:00,127388.9680739021,127305.31764038361,127235.0,127335.0,127335.0,127220.0,2100167.5
2024-05-24 15:10:00,127383.13477091187,127278.29380051671,127240.0,127220.0,127250.0,127185.0,9363697.0
2024-05-24 15:15:00,127374.40610908248,127249.87960520323,127215.0,127250.0,127255.0,127210.0,2608177.5
2024-05-24 15:20:00,127365.32379375535,127184.67620624465,127085.0,127210.0,127215.0,127075.0,3610482.0
2024-05-24 15:25:00,127331.60282433135,127138.39717566865,127095.0,127100.0,127110.0,127095.0,381305.0
2024-05-24 15:30:00,127281.85335099044,127106.71807758098,127100.0,127095.0,127105.0,127080.0,2389441.5
2024-05-24 15:35:00,127217.86769688225,127036.41801740346,126920.0,127075.0,127080.0,126920.0,4864152.0
2024-05-24 15:40:00,127185.7836078672,126957.07353498993,126845.0,126900.0,126910.0,126810.0,20868770.5
2024-05-24 15:45:00,127131.34284709416,126925.80001004871,126940.0,126905.0,126950.0,126850.0,15177396.5
2024-05-24 15:50:00,127072.38611696282,126911.89959732289,126960.0,126920.0,126965.0,126920.0,1650370.0
2024-05-24 15:55:00,127042.88858329396,126889.96855956317,126905.0,126895.0,126970.0,126890.0,2411250.0
2024-05-24 16:00:00,126999.3739939358,126857.76886320706,126830.0,126880.0,126925.0,126825.0,2981490.0
2024-05-24 16:05:00,126933.5949899924,126853.54786715047,126855.0,126850.0,126860.0,126835.0,4832969.0
2024-05-24 16:10:00,126927.53357009834,126849.60928704453,126885.0,126870.0,126895.0,126860.0,4059992.5
2024-05-24 16:15:00,126932.31027612746,126860.54686672967,126900.0,126870.0,126900.0,126860.0,8640371.0
2024-05-24 16:20:00,126920.45980147166,126855.25448424263,126880.0,126890.0,126900.0,126880.0,2004837.0
2024-05-24 16:25:00,126918.60038369588,126855.68533058983,126955.0,126870.0,126955.0,126860.0,3527542.0
2024-05-24 16:30:00,126934.92538914496,126856.50318228362,126965.0,126965.0,126965.0,126940.0,1142595.0
2024-05-24 16:35:00,126969.36836652654,126876.34591918775,127020.0,126990.0,127020.0,126965.0,1295375.0
2024-05-24 16:40:00,126983.0111132738,126898.41745815478,126980.0,126975.0,127095.0,126975.0,2909318.0
2024-05-24 16:45:00,126989.09144491205,126913.76569794508,126960.0,127000.0,127000.0,126960.0,698352.5
2024-05-24 16:50:00,126994.65662136096,126928.20052149617,126970.0,126975.0,126975.0,126970.0,634840.0
2024-05-24 16:55:00,126994.09618013848,126930.18953414723,126885.0,126955.0,126955.0,126885.0,9594460.0
2024-05-24 17:00:00,126991.44241318852,126915.70044395435,126895.0,126865.0,126900.0,126865.0,8387157.0
2024-05-24 17:05:00,126985.18714488216,126891.95571226071,126860.0,126855.0,126875.0,126840.0,2536975.0
2024-05-24 17:10:00,126958.04428773947,126864.81285511766,126830.0,126860.0,126865.0,126820.0,4312360.0
2024-05-24 17:15:00,126936.02135027127,126852.55007830015,126860.0,126850.0,126860.0,126850.0,3805530.0
2024-05-24 17:20:00,126915.14655146067,126843.42487711075,126855.0,126850.0,126865.0,126840.0,4376380.0
2024-05-24 17:25:00,126879.11731497636,126843.73982788077,126845.0,126875.0,126885.0,126835.0,2004516.0
2024-05-24 17:30:00,126883.75083067639,126843.39202646648,126900.0,126900.0,126900.0,126840.0,1141905.0
2024-05-24 17:35:00,126880.8596645325,126843.42604975321,126885.0,126880.0,126885.0,126880.0,2258730.5
2024-05-24 17:40:00,126882.40783339103,126844.73502375184,126870.0,126875.0,126905.0,126870.0,1078482.5
2024-05-24 17:45:00,126884.83482782179,126855.16517217821,126875.0,126860.0,126875.0,126850.0,634305.0
2024-05-24 17:50:00,126884.83482782179,126855.16517217821,126860.0,126870.0,126870.0,126860.0,1649280.0
2024-05-24 17:55:00,126894.24926509787,126815.75073490213,126750.0,126845.0,126845.0,126730.0,13643256.0
2024-05-27 10:00:00,126901.77810092065,126821.07904193648,126890.0,126890.0,126965.0,126890.0,8211352.0
2024-05-27 10:05:00,126914.48088736374,126821.23339835055,126945.0,126915.0,127040.0,126910.0,8963143.0
2024-05-27 10:10:00,126906.03920216973,126806.8179406874,126805.0,126885.0,126990.0,126800.0,34853133.5
2024-05-27 10:15:00,126924.98554652615,126810.72873918814,126950.0,126825.0,127000.0,126810.0,29537910.5
2024-05-27 10:20:00,126956.97164037409,126815.88550248304,127005.0,127005.0,127005.0,126960.0,5649997.5
2024-05-27 10:25:00,126979.7008451078,126828.87058346362,126985.0,127030.0,127070.0,126985.0,3366606.5
2024-05-27 10:30:00,126977.15348779563,126844.27508363295,126795.0,126915.0,126915.0,126705.0,19597432.5
2024-05-27 10:35:00,126974.18319268367,126800.10252160204,126725.0,126715.0,126805.0,126710.0,35948539.5
2024-05-27 10:40:00,126955.67864408546,126782.89278448596,126820.0,126760.0,126825.0,126760.0,19398152.5
2024-05-27 10:45:00,126987.98313342487,126806.30258086084,127000.0,126935.0,127030.0,126855.0,6788203.5
2024-05-27 10:50:00,126967.34856442029,126776.93714986542,126775.0,126770.0,127055.0,126755.0,6012050.0
2024-05-27 10:55:00,126924.27358493532,126748.58355792181,126755.0,126755.0,126805.0,126730.0,18267030.5
2024-05-27 11:00:00,126883.73895597884,126741.97532973545,126820.0,126760.0,126835.0,126690.0,22840008.5
2024-05-27 11:05:00,126878.22700197788,126708.91585516499,126660.0,126770.0,126785.0,126650.0,13787040.0
2024-05-27 11:10:00,126876.55876732338,126697.72694696233,126680.0,126690.0,126735.0,126665.0,13037203.5
2024-05-27 11:15:00,126859.91606276258,126665.79822295171,126650.0,126645.0,126690.0,126615.0,18718448.5
2024-05-27 11:20:00,126783.48346189382,126677.94510953476,126775.0,126770.0,126775.0,126690.0,19947527.0
2024-05-27 11:25:00,126768.63219753544,126662.79637389314,126670.0,126720.0,126765.0,126620.0,17580503.5
2024-05-27 11:30:00,126754.098179617,126638.75896324014,126620.0,126680.0,126690.0,126570.0,35475433.5
2024-05-27 11:35:00,126710.72548649696,126632.13165636017,126645.0,126625.0,126650.0,126605.0,14409498.5
2024-05-27 11:40:00,126722.76261948205,126638.66595194653,126725.0,126700.0,126725.0,126635.0,7803855.0
2024-05-27 11:45:00,126724.2801069197,126640.00560736601,126690.0,126730.0,126730.0,126690.0,1140310.0
2024-05-27 11:50:00,126730.94801497104,126649.05198502896,126705.0,126665.0,126710.0,126640.0,11628691.0
2024-05-27 11:55:00,126719.10627987288,126650.89372012712,126740.0,126775.0,126775.0,126705.0,1546006.0
2024-05-27 12:00:00,126725.08292545218,126656.3456459764,126710.0,126700.0,126710.0,126665.0,1912977.5
2024-05-27 12:05:00,126756.04731967355,126678.23839461216,126805.0,126725.0,126805.0,126725.0,633790.0
2024-05-27 12:10:00,126784.1147536316,126701.59953208269,126825.0,126825.0,126825.0,126760.0,697325.0
2024-05-27 12:15:00,126807.32978873805,126709.81306840482,126835.0,126835.0,126835.0,126835.0,126835.0
2024-05-27 12:20:00,126825.99767787741,126732.573750694,126835.0,126880.0,126880.0,126835.0,710469.5
2024-05-27 12:30:00,126848.22781269709,126757.4864730172,126870.0,126845.0,126870.0,126840.0,2727365.0
2024-05-27 12:35:00,126863.3196924494,126778.10887897918,126865.0,126865.0,126865.0,126865.0,253730.0
2024-05-27 12:40:00,126873.33238924948,126822.38189646481,126900.0,126850.0,126945.0,126850.0,1472089.5
2024-05-27 12:45:00,126873.59874064173,126830.68697364398,126835.0,126895.0,126895.0,126830.0,1141870.0
2024-05-27 12:50:00,126873.65392090115,126827.77465052743,126815.0,126810.0,126815.0,126795.0,2688363.0
2024-05-27 12:55:00,126879.62778642138,126833.22935643575,126875.0,126875.0,126875.0,126825.0,951497.5
2024-05-27 13:05:00,126880.06688097157,126821.36169045701,126795.0,126855.0,126855.0,126795.0,659394.0
2024-05-27 13:10:00,126874.04496131296,126815.95503868704,126830.0,126755.0,126830.0,126750.0,253580.0
2024-05-27 13:15:00,126873.00671988077,126815.56470869065,126860.0,126860.0,126860.0,126840.0,507405.0
2024-05-27 13:20:00,126856.87154636721,126814.55702506137,126840.0,126865.0,126865.0,126825.0,507370.0
2024-05-27 13:25:00,126862.89063626637,126817.10936373363,126865.0,126840.0,126865.0,126840.0,253705.0
2024-05-27 13:40:00,126891.62022426163,126822.66549002408,126935.0,126920.0,126935.0,126870.0,507620.0
2024-05-27 13:45:00,126908.99003239951,126823.86711045762,126940.0,126895.0,126940.0,126890.0,1561022.0
2024-05-27 13:50:00,126912.33450997576,126843.37977573853,126875.0,126900.0,126935.0,126875.0,3235750.0
2024-05-27 13:55:00,126917.41196028348,126856.87375400223,126895.0,126895.0,126895.0,126895.0,634490.0
2024-05-27 14:00:00,126943.3629584016,126865.20847016982,126980.0,126945.0,127035.0,126895.0,7099429.5
2024-05-27 14:05:00,126961.71932903229,126886.85209953913,126980.0,126995.0,126995.0,126965.0,2349272.5
2024-05-27 14:10:00,126976.1223710997,126906.73477175743,126985.0,126975.0,127000.0,126975.0,507935.0
2024-05-27 14:15:00,126973.54236212085,126900.74335216486,126905.0,126920.0,126950.0,126905.0,5939589.5
2024-05-27 14:20:00,126969.3683665266,126876.34591918769,126840.0,126915.0,126925.0,126840.0,2055508.0
2024-05-27 14:25:00,126970.3512556338,126855.3630300805,126805.0,126840.0,126860.0,126805.0,2396954.5
2024-05-27 14:30:00,126966.76486529622,126824.66370613236,126775.0,126775.0,126835.0,126775.0,1331497.5
2024-05-27 14:35:00,126938.81675637362,126798.32610076925,126790.0,126775.0,126790.0,126775.0,1014295.0
2024-05-27 14:40:00,126901.74768889051,126775.39516825236,126770.0,126750.0,126780.0,126745.0,1280399.5
2024-05-27 14:45:00,126860.19174613681,126781.23682529177,126860.0,126865.0,126910.0,126835.0,4516834.5
2024-05-27 14:50:00,126833.42796085206,126780.85775343365,126810.0,126830.0,126850.0,126810.0,2980517.5
2024-05-27 14:55:00,126828.5571915765,126780.01423699492,126820.0,126795.0,126820.0,126795.0,1394895.0
2024-05-27 15:00:00,126834.54138612926,126782.60147101361,126835.0,126820.0,126850.0,126820.0,1014755.0
2024-05-27 15:05:00,126839.10629528256,126792.32227614602,126825.0,126820.0,126825.0,126820.0,760915.0
2024-05-27 15:10:00,126840.37339703675,126796.76946010612,126810.0,126820.0,126820.0,126810.0,697480.0
2024-05-27 15:15:00,126839.11073589203,126810.88926410797,126815.0,126815.0,126815.0,126815.0,126815.0
2024-05-27 15:20:00,126849.51533324574,126807.62752389713,126885.0,126885.0,126895.0,126840.0,1433736.5
2024-05-27 15:25:00,126873.64118870292,126812.07309701137,126910.0,126905.0,126910.0,126900.0,2220910.0
2024-05-27 15:30:00,126884.01408300964,126820.27163127607,126885.0,126875.0,126885.0,126865.0,532845.0
2024-05-27 15:35:00,126887.05260938904,126824.37596203954,126860.0,126865.0,126865.0,126850.0,1522250.0
2024-05-27 15:40:00,126887.05260938904,126824.37596203954,126825.0,126865.0,126865.0,126825.0,1814059.5
2024-05-27 15:45:00,126887.15869008402,126828.55559563027,126825.0,126845.0,126845.0,126825.0,1014720.0
2024-05-27 15:50:00,126887.17366601895,126831.39776255247,126825.0,126815.0,126825.0,126815.0,1268175.0
2024-05-27 15:55:00,126878.21584413994,126818.92701300293,126810.0,126805.0,126830.0,126805.0,887750.0
2024-05-27 16:00:00,126876.43444454338,126819.27984117091,126905.0,126895.0,126910.0,126885.0,888275.0
2024-05-27 16:05:00,126906.1233540186,126813.8766459814,126970.0,126945.0,126990.0,126935.0,2767655.0
2024-05-27 16:10:00,126935.630880482,126818.65483380371,126980.0,126980.0,126980.0,126980.0,126980.0
2024-05-27 16:15:00,126951.46773907458,126835.67511806829,126940.0,126940.0,126940.0,126915.0,2284815.0
2024-05-27 16:20:00,126977.05753027608,126858.6567554382,126995.0,127000.0,127010.0,126975.0,3263942.5
2024-05-27 16:25:00,126983.82840073876,126884.74302783266,126940.0,126955.0,126980.0,126940.0,6347860.0
2024-05-27 16:30:00,126978.78864701568,126931.21135298432,126955.0,126955.0,126955.0,126955.0,761730.0
2024-05-27 16:35:00,126978.04822733013,126944.808915527,126950.0,126970.0,126975.0,126950.0,2539260.0
2024-05-27 16:40:00,126974.42334895961,126935.57665104039,126925.0,126930.0,126970.0,126925.0,888525.0
2024-05-27 16:45:00,126970.71435442928,126934.99993128501,126965.0,126950.0,126970.0,126950.0,1041038.0
2024-05-27 16:50:00,126976.14920239031,126939.56508332398,126975.0,126960.0,126980.0,126960.0,952300.0
2024-05-27 16:55:00,126968.28995253309,126940.28147603833,126970.0,126975.0,126985.0,126950.0,2336305.0
2024-05-27 17:00:00,126972.25120026368,126944.89165687919,126970.0,126975.0,126985.0,126970.0,1015800.0
2024-05-27 17:05:00,126971.18612414005,126938.81387585995,126930.0,126920.0,126970.0,126920.0,1523400.0
2024-05-27 17:10:00,126970.70144030651,126937.86998826491,126945.0,126945.0,126945.0,126940.0,444307.5
2024-05-27 17:15:00,126970.70144030651,126937.86998826491,126925.0,126925.0,126925.0,126925.0,253860.0
2024-05-27 17:20:00,126968.85721341288,126936.85707230141,126955.0,126935.0,126960.0,126910.0,977437.5
2024-05-27 17:25:00,126963.28995253319,126935.28147603823,126950.0,126950.0,126950.0,126950.0,253900.0
2024-05-27 17:30:00,126963.28995253319,126935.28147603823,126970.0,126960.0,126980.0,126960.0,380910.0
2024-05-27 17:35:00,126958.47920026405,126934.37794259308,126950.0,126970.0,126970.0,126950.0,507845.0
2024-05-27 17:40:00,126964.43944253135,126939.84627175436,126970.0,126975.0,126975.0,126970.0,1142765.0
2024-05-27 17:45:00,126971.59429123357,126942.69142305214,126980.0,127000.0,127005.0,126975.0,1168293.0
2024-05-27 17:50:00,126975.48980736671,126954.51019263329,126980.0,126995.0,127000.0,126965.0,2577840.0
2024-05-27 17:55:00,126975.40265179817,126951.7402053447,126945.0,126980.0,126980.0,126940.0,1688432.0
2024-05-28 10:00:00,127412.65022458797,126807.34977541203,127975.0,127995.0,128180.0,127975.0,4009358.5
2024-05-28 10:05:00,127594.13295490162,126868.72418795551,127820.0,127900.0,127965.0,127820.0,7341395.0
2024-05-28 10:10:00,127699.04239203739,126965.24332224832,127655.0,127815.0,127820.0,127655.0,8572600.5
2024-05-28 10:15:00,127810.07934239606,127084.20637188965,127775.0,127725.0,127785.0,127570.0,15936699.0
2024-05-28 10:20:00,127866.48936690573,127214.93920452285,127635.0,127620.0,127800.0,127620.0,18895516.5
2024-05-28 10:25:00,127887.1077388978,127365.74940395933,127580.0,127570.0,127690.0,127540.0,15478293.0
2024-05-28 10:30:00,127832.95899404462,127592.75529166967,127550.0,127595.0,127650.0,127535.0,10603012.5
2024-05-28 10:35:00,127747.66324185183,127496.62247243388,127340.0,127495.0,127525.0,127315.0,14426064.5
2024-05-28 10:40:00,127684.04450058205,127410.24121370366,127295.0,127330.0,127385.0,127295.0,12899021.5
2024-05-28 10:45:00,127645.43481210043,127330.27947361386,127240.0,127290.0,127385.0,127235.0,18790853.5
2024-05-28 10:50:00,127546.86521971351,127275.99192314362,127240.0,127320.0,127330.0,127225.0,12805054.5
2024-05-28 10:55:00,127471.46355070206,127224.25073501223,127190.0,127235.0,127235.0,127160.0,10646904.5
2024-05-28 11:00:00,127391.144520598,127181.71262225913,127150.0,127180.0,127220.0,127130.0,14078456.5
2024-05-28 11:05:00,127293.34023525921,127193.80262188366,127250.0,127230.0,127265.0,127100.0,12080636.0
2024-05-28 11:10:00,127260.031182001,127169.968817999,127140.0,127150.0,127225.0,127135.0,16087681.0
2024-05-28 11:15:00,127236.72132186941,127166.13582098772,127200.0,127115.0,127200.0,127115.0,11786087.5
2024-05-28 11:20:00,127227.61413640057,127162.38586359943,127195.0,127185.0,127195.0,127130.0,3738940.5
2024-05-28 11:25:00,127212.63245008023,127148.79612134835,127140.0,127160.0,127195.0,127140.0,5010643.5
2024-05-28 11:30:00,127212.19194565548,127104.9509114874,127035.0,127120.0,127150.0,126990.0,12617928.5
2024-05-28 11:35:00,127208.73895597742,127066.97532973687,127005.0,127050.0,127050.0,126980.0,5143880.0
2024-05-28 11:40:00,127175.7552666227,127057.10187623443,127100.0,127100.0,127125.0,127005.0,11868668.5
2024-05-28 11:45:00,127180.82193246973,127059.17806753027,127165.0,127135.0,127185.0,127090.0,13362401.5
2024-05-28 11:50:00,127169.48807047494,127057.65478666793,127155.0,127155.0,127160.0,127130.0,4513920.0
2024-05-28 11:55:00,127143.88125433894,127044.69017423248,127060.0,127125.0,127130.0,127055.0,8389222.5
2024-05-28 12:00:00,127128.16675505882,127026.1189592269,127020.0,127020.0,127130.0,127020.0,14116452.5
2024-05-28 12:05:00,127127.90524502385,127024.95189783328,127030.0,127020.0,127075.0,127005.0,10240217.0
2024-05-28 12:10:00,127136.00238829589,127045.42618313269,127105.0,127080.0,127120.0,127020.0,21563423.0
2024-05-28 12:15:00,127133.11217635617,127042.60210935812,127080.0,127060.0,127120.0,127055.0,20013379.0
2024-05-28 12:20:00,127159.93858542072,127037.20427172215,127240.0,127180.0,127255.0,127095.0,17547097.5
2024-05-28 12:25:00,127167.67674562898,127038.03754008531,127185.0,127210.0,127255.0,127185.0,3676774.0
2024-05-28 12:30:00,127176.20497361291,127049.50931210138,127130.0,127200.0,127200.0,127130.0,3662201.5
2024-05-28 12:35:00,127189.06478431105,127078.07807283182,127165.0,127175.0,127200.0,127145.0,7986941.5
2024-05-28 12:40:00,127200.08397866314,127112.77316419399,127190.0,127180.0,127230.0,127180.0,37136184.0
2024-05-28 12:45:00,127211.13951101564,127128.86048898436,127200.0,127205.0,127205.0,127190.0,8013174.5
2024-05-28 12:50:00,127222.58457570968,127161.70113857603,127235.0,127220.0,127255.0,127220.0,788897.0
2024-05-28 12:55:00,127224.14765822662,127161.56662748767,127245.0,127225.0,127265.0,127220.0,8168650.0
2024-05-28 13:00:00,127251.98611884634,127165.15673829653,127295.0,127250.0,127295.0,127240.0,4111015.5
2024-05-28 13:05:00,127252.41041557469,127183.3038701396,127195.0,127200.0,127300.0,127195.0,4707430.0
2024-05-28 13:10:00,127254.97748847514,127196.45108295344,127220.0,127190.0,127220.0,127185.0,636015.0
2024-05-28 13:15:00,127264.38622339036,127151.32806232393,127065.0,127180.0,127215.0,127055.0,12530975.0
2024-05-28 13:20:00,127260.3449235976,127112.51221925953,127050.0,127045.0,127060.0,127005.0,16985076.5
2024-05-28 13:25:00,127241.70996195509,127072.57575233062,127030.0,127065.0,127070.0,127025.0,35548893.0
2024-05-28 13:30:00,127215.34580715814,127054.65419284186,127090.0,127070.0,127090.0,127050.0,29696474.5
2024-05-28 13:35:00,127163.08992260354,127046.91007739646,127085.0,127085.0,127095.0,127055.0,3557950.0
2024-05-28 13:40:00,127134.94147219788,127035.05852780212,127055.0,127060.0,127060.0,127030.0,18206472.0
2024-05-28 13:45:00,127077.3612006751,127034.06737075347,127015.0,127000.0,127060.0,127000.0,30398315.0
2024-05-28 13:50:00,127099.17658949769,126932.2519819309,126785.0,127015.0,127015.0,126690.0,18404275.5
2024-05-28 13:55:00,127106.15030297733,126779.56398273696,126540.0,126785.0,126790.0,126540.0,9739998.0
2024-05-28 14:00:00,127075.43476450523,126643.13666406619,126445.0,126575.0,126640.0,126365.0,10588145.0
2024-05-28 14:05:00,127003.39225976382,126589.46488309331,126650.0,126615.0,126650.0,126470.0,6467972.0
2024-05-28 14:10:00,126919.88962431654,126555.82466139775,126675.0,126660.0,126680.0,126585.0,10623519.0
2024-05-28 14:15:00,126827.95881018192,126539.18404696095,126675.0,126630.0,126690.0,126625.0,9486896.0
2024-05-28 14:20:00,126728.42493712944,126550.14649144198,126705.0,126645.0,126710.0,126645.0,16836817.5
2024-05-28 14:25:00,126708.33065005594,126550.24077851548,126715.0,126710.0,126750.0,126710.0,11633303.5
2024-05-28 14:30:00,126731.09200068883,126578.90799931117,126720.0,126655.0,126755.0,126655.0,20196159.0
2024-05-28 14:35:00,126709.29749501467,126669.27393355675,126685.0,126690.0,126745.0,126680.0,2559382.5
2024-05-28 14:40:00,126713.12733427987,126654.015522863,126610.0,126630.0,126700.0,126595.0,24102326.0
2024-05-28 14:45:00,126720.12878240243,126599.87121759757,126510.0,126570.0,126595.0,126480.0,19157155.5
2024-05-28 14:50:00,126723.4873511043,126503.65550603857,126350.0,126520.0,126545.0,126325.0,9229115.5
2024-05-28 14:55:00,126692.0198876739,126430.83725518323,126340.0,126350.0,126415.0,126340.0,4713671.0
2024-05-28 15:00:00,126641.01291178183,126381.8442310753,126365.0,126345.0,126365.0,126265.0,6454378.5
2024-05-28 15:05:00,126580.88224023665,126366.26061690622,126455.0,126440.0,126455.0,126350.0,6562148.0
2024-05-28 15:10:00,126512.53113828196,126356.04029028946,126410.0,126360.0,126470.0,126355.0,7079947.0
2024-05-28 15:15:00,126448.19718752198,126327.51709819231,126285.0,126350.0,126400.0,126280.0,16337609.0
2024-05-28 15:20:00,126404.98686849527,126309.29884579044,126295.0,126300.0,126310.0,126240.0,35129353.5
2024-05-28 15:25:00,126401.12252174968,126280.3060496789,126235.0,126315.0,126330.0,126220.0,45343762.0
2024-05-28 15:30:00,126395.61542772084,126237.24171513629,126170.0,126235.0,126240.0,126160.0,38947868.5
2024-05-28 15:35:00,126378.98704892906,126172.44152249952,126080.0,126160.0,126170.0,126020.0,27703751.5
2024-05-28 15:40:00,126318.08868368132,126126.1970306044,126080.0,126100.0,126120.0,126045.0,33326709.5
2024-05-28 15:45:00,126252.90412584887,126102.81015986542,126100.0,126060.0,126105.0,126055.0,28861566.0
2024-05-28 15:50:00,126221.36008777452,126090.06848365406,126130.0,126125.0,126140.0,126070.0,18336651.0
2024-05-28 15:55:00,126186.74400198385,126093.25599801615,126185.0,126210.0,126210.0,126130.0,20362693.5
2024-05-28 16:00:00,126155.85914901791,126089.85513669638,126115.0,126210.0,126210.0,126090.0,38296864.0
2024-05-28 16:05:00,126142.91535540462,126085.6560731668,126110.0,126090.0,126115.0,126070.0,21473515.0
2024-05-28 16:10:00,126149.9267434951,126048.64468507632,125975.0,126050.0,126120.0,125975.0,31481343.0
2024-05-28 16:15:00,126147.1430632373,126039.99979390558,126040.0,125980.0,126045.0,125970.0,33132827.5
2024-05-28 16:20:00,126142.26068496723,126033.45360074706,126060.0,126060.0,126065.0,126005.0,42362083.0
2024-05-28 16:25:00,126131.75615435849,126026.81527421293,126070.0,126075.0,126115.0,126055.0,13113261.0
2024-05-28 16:30:00,126109.81109988992,126028.7603286815,126115.0,126095.0,126115.0,126065.0,21145940.5
2024-05-28 16:35:00,126108.52947728612,126028.61337985675,126110.0,126115.0,126150.0,126105.0,23496741.0
2024-05-28 16:40:00,126101.92870766287,126026.64272090855,126080.0,126065.0,126100.0,126050.0,44581205.5
2024-05-28 16:45:00,126119.16904948301,126059.40237908841,126150.0,126105.0,126150.0,126090.0,30042138.0
2024-05-28 16:50:00,126151.38258530964,126072.90312897608,126200.0,126160.0,126225.0,126150.0,21085171.0
2024-05-28 16:55:00,126180.72401010906,126089.27598989094,126220.0,126210.0,126250.0,126170.0,2410402.5
2024-05-28 17:00:00,126192.80394486687,126110.05319799026,126185.0,126195.0,126275.0,126185.0,7497697.0
2024-05-28 17:05:00,126192.80394486687,126110.05319799026,126115.0,126150.0,126215.0,126095.0,12563142.0
2024-05-28 17:10:00,126193.280810276,126112.43347543829,126120.0,126115.0,126130.0,126090.0,16823670.5
2024-05-28 17:15:00,126193.09260895576,126126.90739104424,126130.0,126110.0,126145.0,126100.0,24442744.0
2024-05-28 17:20:00,126190.60295202171,126116.53990512116,126105.0,126100.0,126120.0,126090.0,24413870.0
2024-05-28 17:25:00,126175.30312404338,126094.69687595662,126070.0,126090.0,126110.0,126065.0,17374384.0
2024-05-28 17:30:00,126145.04854115282,126077.80860170431,126055.0,126060.0,126085.0,126055.0,15329574.5
2024-05-28 17:35:00,126123.34556959759,126042.3687161167,125985.0,126080.0,126095.0,125980.0,30095130.0
2024-05-28 17:40:00,126111.69777056793,126022.58794371778,126005.0,126005.0,126010.0,125990.0,15548431.0
2024-05-28 17:45:00,126094.71311090217,126009.57260338354,126015.0,125990.0,126040.0,125980.0,23059470.0
2024-05-28 17:50:00,126068.16049650882,125997.55378920547,125995.0,126010.0,126020.0,125990.0,14301572.5
2024-05-28 17:55:00,126043.04038974647,125979.81675311066,125955.0,125985.0,125985.0,125950.0,15393327.5
2024-05-29 10:00:00,126104.58763238005,125713.98379619137,125355.0,125530.0,125540.0,125345.0,15769011.5
2024-05-29 10:05:00,126064.72987853222,125513.8415500392,125215.0,125370.0,125410.0,125185.0,32742915.0
2024-05-29 10:10:00,125991.81923677486,125362.46647751085,125200.0,125185.0,125230.0,125085.0,28120344.0
2024-05-29 10:15:00,125880.11967656229,125212.73746629484,125090.0,125220.0,125290.0,125075.0,40451200.0
2024-05-29 10:20:00,125728.8122013456,125116.90208436869,125150.0,125120.0,125155.0,125050.0,24210384.0
2024-05-29 10:25:00,125532.72960882995,125034.41324831292,125020.0,125100.0,125140.0,124985.0,28132054.5
2024-05-29 10:30:00,125247.90654072148,125024.95060213565,124925.0,125010.0,125070.0,124890.0,20852281.0
2024-05-29 10:35:00,125175.84135246102,125011.30150468185,125055.0,125035.0,125100.0,124895.0,25136228.0
2024-05-29 10:40:00,125137.26444345372,124991.3069851177,125010.0,125105.0,125115.0,125010.0,24610107.5
2024-05-29 10:45:00,125118.50428865608,124992.9242827725,125140.0,125095.0,125145.0,125030.0,17498220.0
2024-05-29 10:50:00,125125.10766571974,124994.89233428026,125120.0,125140.0,125190.0,125075.0,27168436.0
2024-05-29 10:55:00,125152.71195091124,124991.57376337447,125235.0,125120.0,125235.0,125115.0,19288916.0
2024-05-29 11:00:00,125207.88641110221,125010.68501746921,125280.0,125270.0,125305.0,125190.0,34237281.5
2024-05-29 11:05:00,125272.72779124026,125071.55792304545,125365.0,125295.0,125375.0,125255.0,17694821.5
2024-05-29 11:10:00,125305.80277951079,125109.9115062035,125305.0,125385.0,125385.0,125305.0,30209221.0
2024-05-29 11:15:00,125318.73895598647,125176.97532972782,125290.0,125285.0,125340.0,125265.0,28694714.5
2024-05-29 11:20:00,125333.60142945111,125210.6842848346,125310.0,125295.0,125340.0,125170.0,25257626.0
2024-05-29 11:25:00,125343.97168874826,125270.31402553745,125365.0,125310.0,125365.0,125305.0,24604499.0
2024-05-29 11:30:00,125344.31020866144,125289.97550562427,125305.0,125325.0,125380.0,125295.0,47847245.0
2024-05-29 11:35:00,125370.98582021041,125300.44275121817,125410.0,125370.0,125420.0,125330.0,36386472.5
2024-05-29 11:40:00,125366.87551981446,125298.83876589983,125345.0,125405.0,125435.0,125340.0,15760584.0
2024-05-29 11:45:00,125405.93973087585,125305.48884055273,125465.0,125470.0,125480.0,125390.0,16356189.0
2024-05-29 11:50:00,125421.72119787314,125326.85023069828,125420.0,125435.0,125495.0,125420.0,38298756.0
2024-05-29 11:55:00,125429.15557182644,125345.13014245927,125400.0,125450.0,125455.0,125385.0,5619171.5
2024-05-29 12:00:00,125448.32445685135,125354.53268600578,125465.0,125470.0,125475.0,125425.0,19507514.5
2024-05-29 12:05:00,125448.52293019602,125382.90564123256,125405.0,125420.0,125475.0,125405.0,8114923.5
2024-05-29 12:10:00,125449.1371313619,125346.57715435239,125285.0,125375.0,125395.0,125285.0,43169247.0
2024-05-29 12:15:00,125450.98699875986,125319.01300124014,125255.0,125305.0,125335.0,125230.0,38890285.5
2024-05-29 12:20:00,125426.37935345167,125303.62064654833,125325.0,125260.0,125330.0,125250.0,35385461.0
2024-05-29 12:25:00,125409.171248718,125289.40017985342,125310.0,125310.0,125350.0,125290.0,11905509.0
2024-05-29 12:30:00,125391.93585772847,125270.92128512866,125275.0,125285.0,125305.0,125265.0,39414688.5
2024-05-29 12:35:00,125360.42739662253,125275.28688909176,125370.0,125295.0,125375.0,125270.0,34608627.5
2024-05-29 12:40:00,125358.65369544942,125275.63201883629,125400.0,125385.0,125410.0,125335.0,9466375.5
2024-05-29 12:45:00,125387.54682933119,125286.73888495452,125425.0,125405.0,125425.0,125395.0,5668283.0
2024-05-29 12:50:00,125417.58209205487,125313.84647937371,125455.0,125455.0,125460.0,125405.0,9056482.5
2024-05-29 12:55:00,125430.04810217771,125327.09475496516,125415.0,125450.0,125495.0,125415.0,3964241.5
2024-05-29 13:00:00,125436.2907192953,125345.13785213328,125395.0,125375.0,125405.0,125355.0,18932700.0
2024-05-29 13:05:00,125428.6390670786,125377.07521863568,125360.0,125390.0,125390.0,125360.0,4575910.0
2024-05-29 13:10:00,125429.72836873932,125365.98591697497,125335.0,125370.0,125395.0,125320.0,21284597.0
2024-05-29 13:15:00,125429.72836873932,125365.98591697497,125400.0,125375.0,125400.0,125355.0,26041711.5
2024-05-29 13:20:00,125422.67051743282,125361.61519685289,125385.0,125385.0,125410.0,125370.0,8953273.0
2024-05-29 13:25:00,125406.17334899098,125362.39807958044,125400.0,125385.0,125400.0,125385.0,3009495.0
2024-05-29 13:30:00,125416.01292781434,125361.12992932853,125445.0,125445.0,125455.0,125365.0,10007588.5
2024-05-29 13:35:00,125429.57768138767,125363.27946146946,125450.0,125450.0,125465.0,125440.0,16608737.0
2024-05-29 13:40:00,125429.74551577281,125364.5401985129,125365.0,125375.0,125420.0,125330.0,8386671.0
2024-05-29 13:45:00,125429.23695524967,125377.9059018932,125380.0,125385.0,125390.0,125375.0,5328717.5
2024-05-29 13:50:00,125429.9220590027,125378.64936956872,125405.0,125420.0,125435.0,125385.0,3712542.0
2024-05-29 13:55:00,125429.64207315084,125377.50078399203,125380.0,125370.0,125430.0,125345.0,6506850.5
2024-05-29 14:00:00,125428.39812350678,125355.88759077893,125320.0,125295.0,125390.0,125270.0,33993181.0
2024-05-29 14:05:00,125411.6257236324,125329.80284779618,125295.0,125270.0,125340.0,125270.0,15110679.0
2024-05-29 14:10:00,125386.61739417577,125296.23974868136,125245.0,125275.0,125335.0,125210.0,20545347.0
2024-05-29 14:15:00,125379.82537658443,125250.17462341557,125180.0,125220.0,125255.0,125135.0,28379716.5
2024-05-29 14:20:00,125357.59523880301,125222.40476119699,125205.0,125200.0,125210.0,125175.0,21357143.5
2024-05-29 14:25:00,125320.220008081,125176.92284906187,125115.0,125170.0,125200.0,125115.0,43159289.5
2024-05-29 14:30:00,125275.5243238894,125140.18996182489,125095.0,125105.0,125130.0,125090.0,14637480.0
2024-05-29 14:35:00,125239.34573247835,125093.51141037878,125030.0,125100.0,125105.0,125025.0,27461530.5
2024-05-29 14:40:00,125197.76080871205,125042.23919128795,124970.0,125000.0,125045.0,124935.0,23525998.5
2024-05-29 14:45:00,125155.94127638152,125002.6301521899,124960.0,125000.0,125015.0,124925.0,28869047.5
2024-05-29 14:50:00,125129.5532849451,124993.30385791203,125055.0,125010.0,125065.0,124975.0,20266704.0
2024-05-29 14:55:00,125096.14470873201,124996.71243412512,125100.0,125110.0,125110.0,125025.0,16572304.5
2024-05-29 15:00:00,125112.0082364798,124995.13462066307,125165.0,125160.0,125190.0,125080.0,20097842.5
2024-05-29 15:05:00,125148.26457438842,124994.59256846871,125220.0,125220.0,125225.0,125165.0,7374158.0
2024-05-29 15:10:00,125197.33632159243,125011.23510697899,125260.0,125265.0,125265.0,125205.0,12573784.5
2024-05-29 15:15:00,125216.19545334327,125052.37597522815,125180.0,125190.0,125245.0,125180.0,7411658.0
2024-05-29 15:20:00,125246.4797079791,125114.94886344948,125285.0,125225.0,125300.0,125185.0,14478049.5
2024-05-29 15:25:00,125265.77035380546,125158.51536048025,125275.0,125295.0,125330.0,125275.0,9648814.5
2024-05-29 15:30:00,125271.57909023367,125196.99233833775,125255.0,125230.0,125305.0,125225.0,7352717.5
2024-05-29 15:35:00,125270.9710107204,125201.88613213673,125180.0,125235.0,125280.0,125170.0,23461773.0
2024-05-29 15:40:00,125272.02920155202,125203.68508416227,125230.0,125265.0,125265.0,125140.0,20398627.5
2024-05-29 15:45:00,125263.49681773112,125185.0746108403,125165.0,125170.0,125185.0,125135.0,23430570.5
2024-05-29 15:50:00,125264.3960678925,125189.8896463932,125200.0,125115.0,125200.0,125110.0,23027521.0
2024-05-29 15:55:00,125246.28585538088,125182.28557319054,125195.0,125185.0,125235.0,125180.0,18567353.5
2024-05-29 16:00:00,125233.02197432994,125182.69231138435,125230.0,125225.0,125235.0,125200.0,3493718.0
2024-05-29 16:05:00,125222.79397285894,125182.92031285535,125220.0,125200.0,125255.0,125190.0,8038880.0
2024-05-29 16:10:00,125233.72050182744,125190.56521245827,125245.0,125220.0,125265.0,125210.0,8303074.0
2024-05-29 16:15:00,125260.17600282168,125186.96685432119,125310.0,125275.0,125310.0,125255.0,5049196.0
2024-05-29 16:20:00,125323.64255567841,125196.35744432159,125420.0,125355.0,125420.0,125315.0,19016966.5
2024-05-29 16:25:00,125363.2857938994,125216.7142061006,125410.0,125410.0,125430.0,125340.0,1755495.0
2024-05-29 16:30:00,125381.97501600471,125246.59641256671,125365.0,125340.0,125370.0,125330.0,2381752.0
2024-05-29 16:35:00,125395.4910983103,125271.65175883257,125365.0,125375.0,125390.0,125360.0,1705026.5
2024-05-29 16:40:00,125395.04628129056,125294.95371870944,125300.0,125305.0,125340.0,125260.0,1942329.0
2024-05-29 16:45:00,125396.54639925773,125287.73931502798,125225.0,125275.0,125275.0,125225.0,3156090.0
2024-05-29 16:50:00,125397.39900991741,125246.8867043683,125170.0,125250.0,125250.0,125120.0,7823990.0
2024-05-29 16:55:00,125364.95400365573,125217.9031392014,125205.0,125190.0,125205.0,125145.0,3942522.5
2024-05-29 17:00:00,125326.99301970386,125165.86412315327,125095.0,125105.0,125150.0,125090.0,5129561.5
2024-05-29 17:05:00,125289.12755612381,125109.4438724476,125035.0,125095.0,125100.0,125025.0,10003199.5
2024-05-29 17:10:00,125232.16559908254,125080.69154377459,125065.0,125050.0,125070.0,125015.0,57355545.0
2024-05-29 17:15:00,125195.66935342859,125080.0449322857,125170.0,125105.0,125180.0,125055.0,10682857.0
2024-05-29 17:20:00,125175.09807197467,125076.3304994539,125140.0,125135.0,125175.0,125135.0,2165071.5
2024-05-29 17:25:00,125162.92832869172,125068.50024273686,125100.0,125105.0,125125.0,125080.0,2777468.0
2024-05-29 17:30:00,125133.03314568027,125059.82399717686,125070.0,125110.0,125120.0,125070.0,1188367.5
2024-05-29 17:35:00,125141.69420497144,125064.02008074285,125140.0,125135.0,125150.0,125075.0,4128565.0
2024-05-29 17:40:00,125144.34331403914,125082.79954310373,125110.0,125120.0,125140.0,125110.0,2589984.0
2024-05-29 17:45:00,125152.74352067537,125098.6850507532,125150.0,125145.0,125150.0,125110.0,1501575.0
2024-05-29 17:50:00,125141.5295446674,125097.04188390402,125125.0,125140.0,125140.0,125125.0,3002840.0
2024-05-29 17:55:00,125139.31302638436,125096.40125932993,125130.0,125135.0,125145.0,125100.0,2414925.5
2024-05-31 10:00:00,125159.29994926082,125017.84290788205,124895.0,125085.0,125085.0,124840.0,15777398.5
2024-05-31 10:05:00,125153.63191776138,124996.36808223862,124975.0,124870.0,125005.0,124870.0,22773483.5
2024-05-31 10:10:00,125131.78361659535,124973.93066911894,124985.0,124980.0,125015.0,124910.0,10085990.5
2024-05-31 10:15:00,125111.52920843956,124949.89936298902,124955.0,124935.0,125000.0,124845.0,35165140.0
2024-05-31 10:20:00,125094.1298334672,124948.72730938993,125085.0,125120.0,125150.0,124970.0,18272191.0
2024-05-31 10:25:00,125082.01133579396,124947.98866420604,125080.0,125135.0,125155.0,125040.0,3777804.5
2024-05-31 10:30:00,125046.30507952663,124937.98063475908,124970.0,124975.0,125025.0,124855.0,19301352.5
2024-05-31 10:35:00,125056.09907205754,124969.61521365675,125040.0,125060.0,125095.0,124955.0,13300849.5
2024-05-31 10:40:00,125069.11173084604,124982.31684058254,125065.0,125065.0,125065.0,125035.0,1413159.5
2024-05-31 10:45:00,125071.33011982721,124988.66988017279,125015.0,125075.0,125080.0,124925.0,2312722.0
2024-05-31 10:50:00,125070.92498863199,124991.93215422514,124965.0,124955.0,125105.0,124905.0,11758516.0
2024-05-31 10:55:00,125067.16195226836,124911.40947630306,124790.0,124955.0,124955.0,124770.0,35696728.5
2024-05-31 11:00:00,125037.06874951695,124865.78839334018,124815.0,124850.0,124860.0,124750.0,29507798.0
2024-05-31 11:05:00,125027.16494597126,124852.83505402874,124890.0,124865.0,124890.0,124805.0,40133553.5
2024-05-31 11:10:00,124993.5717720541,124814.99965651732,124790.0,124845.0,124880.0,124755.0,17501064.0
2024-05-31 11:15:00,124938.64201905233,124785.64369523338,124770.0,124805.0,124825.0,124665.0,33681564.5
2024-05-31 11:20:00,124892.44868190258,124713.26560381171,124600.0,124785.0,124805.0,124600.0,44697136.0
2024-05-31 11:25:00,124841.53982854846,124641.31731430868,124535.0,124625.0,124650.0,124535.0,15714512.5
2024-05-31 11:30:00,124820.18335249436,124589.81664750564,124535.0,124520.0,124575.0,124475.0,12329125.0
2024-05-31 11:35:00,124785.92136824444,124562.65006032698,124600.0,124560.0,124620.0,124530.0,15820292.0
2024-05-31 11:40:00,124714.55242680715,124546.87614462143,124585.0,124600.0,124610.0,124530.0,4994535.0
2024-05-31 11:45:00,124661.16150536599,124531.69563749114,124550.0,124500.0,124580.0,124500.0,21556915.0
2024-05-31 11:50:00,124593.63856358349,124504.93286498793,124440.0,124500.0,124500.0,124390.0,17211114.0
2024-05-31 11:55:00,124576.61739418343,124486.2397486737,124475.0,124430.0,124490.0,124425.0,26684425.5
2024-05-31 12:00:00,124572.97315478153,124481.31255950418,124505.0,124410.0,124505.0,124390.0,16041303.0
2024-05-31 12:05:00,124566.71469268194,124451.85673588948,124410.0,124435.0,124455.0,124410.0,20072086.5
2024-05-31 12:10:00,124542.90655258519,124447.09344741481,124500.0,124480.0,124535.0,124450.0,29417195.0
2024-05-31 12:15:00,124514.8163702225,124442.32648692037,124470.0,124530.0,124545.0,124470.0,22410491.0
2024-05-31 12:20:00,124489.79787925576,124431.63069217282,124425.0,124460.0,124465.0,124415.0,28759631.0
2024-05-31 12:25:00,124493.22147177134,124436.77852822866,124470.0,124465.0,124480.0,124405.0,36632831.0
2024-05-31 12:30:00,124488.54891708109,124430.02251149033,124435.0,124420.0,124460.0,124410.0,13948271.5
2024-05-31 12:35:00,124473.55596479138,124412.15832092291,124390.0,124405.0,124455.0,124370.0,22693642.5
2024-05-31 12:40:00,124474.3143175991,124415.6856824009,124425.0,124405.0,124425.0,124395.0,25554560.0
2024-05-31 12:45:00,124471.01292782907,124416.1299293138,124490.0,124440.0,124505.0,124415.0,18322320.0
2024-05-31 12:50:00,124479.48079861054,124416.23348710375,124500.0,124505.0,124530.0,124470.0,15090460.5
2024-05-31 12:55:00,124479.84998047979,124417.29287666308,124430.0,124450.0,124485.0,124410.0,40919439.0
2024-05-31 13:00:00,124472.70712333701,124410.15001952012,124420.0,124435.0,124460.0,124405.0,34292845.0
2024-05-31 13:05:00,124474.84998047985,124412.29287666302,124450.0,124420.0,124465.0,124420.0,33971338.0
2024-05-31 13:10:00,124475.59250940081,124424.40749059919,124435.0,124425.0,124465.0,124415.0,31444481.5
2024-05-31 13:15:00,124475.42804074411,124423.14338782731,124420.0,124415.0,124435.0,124410.0,16548505.5
2024-05-31 13:20:00,124466.1146035601,124388.17111072561,124335.0,124400.0,124425.0,124285.0,27196755.0
2024-05-31 13:25:00,124441.58052093521,124365.56233620766,124335.0,124295.0,124350.0,124240.0,40171067.0
2024-05-31 13:30:00,124435.46118468157,124361.6816724613,124395.0,124345.0,124400.0,124340.0,20173240.0
2024-05-31 13:35:00,124437.61315352203,124362.38684647797,124430.0,124420.0,124435.0,124380.0,7626384.0
2024-05-31 13:40:00,124427.11338071097,124360.0294764319,124405.0,124405.0,124455.0,124400.0,15602166.5
2024-05-31 13:45:00,124432.96150238781,124359.89564046932,124455.0,124430.0,124460.0,124415.0,13140064.0
2024-05-31 13:50:00,124454.158303962,124360.12741032371,124495.0,124445.0,124500.0,124425.0,26773151.5
2024-05-31 13:55:00,124470.20264121851,124384.0830730672,124475.0,124475.0,124520.0,124475.0,13109873.0
2024-05-31 14:00:00,124485.58967579468,124417.26746706245,124505.0,124470.0,124505.0,124450.0,18697061.0
2024-05-31 14:05:00,124505.46198291141,124435.96658851717,124530.0,124520.0,124530.0,124500.0,6537286.5
2024-05-31 14:10:00,124526.28732006896,124449.42696564533,124550.0,124575.0,124585.0,124540.0,12917001.0
2024-05-31 14:15:00,124526.04218997792,124475.38638145066,124495.0,124520.0,124550.0,124495.0,26834788.0
2024-05-31 14:20:00,124529.03392293882,124489.5375056326,124515.0,124490.0,124515.0,124465.0,20379356.0
2024-05-31 14:25:00,124530.54112680022,124492.31601605691,124510.0,124520.0,124530.0,124495.0,10396815.0
2024-05-31 14:30:00,124536.47870176674,124504.94986966184,124540.0,124525.0,124555.0,124520.0,9975145.5
2024-05-31 14:35:00,124555.80530358733,124508.48041069838,124585.0,124535.0,124590.0,124535.0,28349619.0
2024-05-31 14:40:00,124565.4339863007,124511.70887084217,124575.0,124570.0,124575.0,124540.0,1830992.5
2024-05-31 14:45:00,124568.60223747844,124512.82633395014,124565.0,124570.0,124580.0,124555.0,13304176.0
2024-05-31 14:50:00,124569.21802851441,124522.21054291417,124530.0,124590.0,124590.0,124530.0,29108663.5
2024-05-31 14:55:00,124569.67627151223,124526.03801420206,124530.0,124545.0,124575.0,124525.0,12840968.0
2024-05-31 15:00:00,124569.51090932128,124531.9176621073,124530.0,124540.0,124550.0,124525.0,9303158.0
2024-05-31 15:05:00,124585.93853837042,124535.49003305816,124610.0,124625.0,124635.0,124545.0,20919667.0
2024-05-31 15:10:00,124585.93853837042,124535.49003305816,124585.0,124555.0,124600.0,124555.0,8047570.0
2024-05-31 15:15:00,124585.93853837042,124535.49003305816,124575.0,124570.0,124590.0,124570.0,7860366.0
2024-05-31 15:20:00,124585.1796999233,124534.8203000767,124560.0,124565.0,124575.0,124530.0,27563986.5
2024-05-31 15:25:00,124587.89063630335,124542.10936369665,124565.0,124605.0,124615.0,124550.0,14090269.5
2024-05-31 15:30:00,124588.48947683074,124548.65338031213,124555.0,124560.0,124560.0,124555.0,16279484.5
2024-05-31 15:35:00,124587.90949213765,124553.51907929093,124545.0,124565.0,124580.0,124530.0,13452636.0
2024-05-31 15:40:00,124578.74048556191,124526.97380015238,124485.0,124515.0,124555.0,124460.0,31404228.0
2024-05-31 15:45:00,124568.89852591472,124521.10147408528,124530.0,124505.0,124530.0,124490.0,10632957.0
2024-05-31 15:50:00,124558.87888505343,124509.69254351799,124500.0,124500.0,124525.0,124485.0,14393048.5
2024-05-31 15:55:00,124551.36762262967,124487.20380594175,124455.0,124430.0,124475.0,124425.0,14038621.5
2024-05-31 16:00:00,124539.68073948269,124450.31926051731,124395.0,124420.0,124455.0,124370.0,18337977.5
2024-05-31 16:05:00,124520.05652238693,124435.65776332736,124435.0,124435.0,124445.0,124390.0,21239297.0
2024-05-31 16:10:00,124509.04275755485,124435.24295673086,124505.0,124455.0,124505.0,124420.0,20287003.0
2024-05-31 16:15:00,124511.99824222966,124436.57318634176,124500.0,124475.0,124540.0,124465.0,38082714.5
2024-05-31 16:20:00,124498.04025483927,124433.3883165893,124470.0,124490.0,124490.0,124470.0,10095778.0
2024-05-31 16:25:00,124493.47050359807,124432.24378211622,124480.0,124490.0,124510.0,124470.0,17353761.0
2024-05-31 16:30:00,124492.45482438695,124430.40231847018,124445.0,124435.0,124480.0,124410.0,29199709.5
2024-05-31 16:35:00,124495.19384800307,124453.37758056835,124485.0,124485.0,124505.0,124455.0,47835965.0
2024-05-31 16:40:00,124532.7457245047,124460.11141835243,124590.0,124550.0,124590.0,124490.0,21823298.0
2024-05-31 16:45:00,124542.62741776305,124463.08686795124,124550.0,124500.0,124595.0,124500.0,5717515.0
2024-05-31 16:50:00,124590.98504860504,124463.30066568067,124670.0,124560.0,124670.0,124560.0,2965657.5
2024-05-31 16:55:00,124639.59332482524,124481.83524660334,124705.0,124695.0,124725.0,124640.0,3341080.5
2024-05-31 17:00:00,124651.06427260878,124503.22144167693,124595.0,124605.0,124695.0,124595.0,11417000.5
2024-05-31 17:05:00,124652.0575302906,124533.65675542368,124555.0,124585.0,124590.0,124540.0,4708516.0
2024-05-31 17:10:00,124652.59420658721,124558.83436484137,124575.0,124600.0,124615.0,124530.0,2715656.0
2024-05-31 17:15:00,124654.42466094875,124561.28962476554,124605.0,124600.0,124605.0,124590.0,1557410.0
2024-05-31 17:20:00,124656.76795834306,124571.80347022836,124595.0,124570.0,124660.0,124570.0,1782261.0
2024-05-31 17:25:00,124642.06764880601,124566.50377976541,124600.0,124550.0,124600.0,124550.0,2429260.0
2024-05-31 17:30:00,124603.47579895465,124575.09562961677,124600.0,124620.0,124620.0,124600.0,1183820.0
2024-05-31 17:35:00,124606.90546640407,124575.95167645306,124610.0,124610.0,124610.0,124610.0,124610.0
2024-05-31 17:40:00,124619.04832354662,124588.09453359625,124640.0,124640.0,124640.0,124615.0,2268348.0
2024-05-31 17:45:00,124619.04832354662,124588.09453359625,124575.0,124600.0,124615.0,124575.0,3151979.0
2024-05-31 17:50:00,124634.40081453609,124588.45632832104,124660.0,124620.0,124665.0,124595.0,10345038.5
2024-05-31 17:55:00,124641.40860904059,124594.3056766737,124640.0,124630.0,124640.0,124620.0,4112505.0
2024-06-03 10:00:00,124645.76949501624,124562.80193355518,124505.0,124495.0,124605.0,124455.0,23062103.0
2024-06-03 10:05:00,124642.25311185615,124536.31831671527,124495.0,124530.0,124580.0,124430.0,30817193.0
2024-06-03 10:10:00,124642.72165580813,124454.42120133474,124325.0,124465.0,124535.0,124265.0,16059192.5
2024-06-03 10:15:00,124611.20506265787,124407.36636591355,124365.0,124435.0,124435.0,124345.0,22465807.0
2024-06-03 10:20:00,124586.9500908632,124338.76419485109,124250.0,124340.0,124355.0,124165.0,17497347.5
2024-06-03 10:25:00,124520.71053933771,124286.43231780516,124245.0,124320.0,124320.0,124245.0,24879251.0
2024-06-03 10:30:00,124438.29157075347,124230.27985781795,124155.0,124285.0,124285.0,124140.0,11911131.0
2024-06-03 10:35:00,124380.87039555209,124180.55817587649,124130.0,124225.0,124265.0,124085.0,12879406.0
2024-06-03 10:40:00,124303.47498931354,124155.09643925788,124135.0,124170.0,124170.0,124100.0,3835625.5
2024-06-03 10:45:00,124277.47368723559,124078.2405984787,123965.0,124100.0,124145.0,123950.0,8074106.5
2024-06-03 10:50:00,124216.16614086698,124009.54814484731,123910.0,123965.0,123965.0,123830.0,16056984.0
2024-06-03 10:55:00,124171.0202618933,123973.26545239241,123965.0,123900.0,124025.0,123845.0,16140898.0
2024-06-03 11:00:00,124112.19499767305,123937.80500232695,123915.0,124000.0,124135.0,123715.0,31420843.0
2024-06-03 11:05:00,124075.94503893112,123926.912103926,123990.0,124005.0,124055.0,123915.0,20653245.5
2024-06-03 11:10:00,124053.02204146289,123926.97795853711,124050.0,124100.0,124130.0,123965.0,8832430.5
2024-06-03 11:15:00,124128.98242077815,123903.87472207898,124320.0,124250.0,124320.0,124060.0,17756710.5
2024-06-03 11:20:00,124193.17944498315,123926.82055501685,124270.0,124315.0,124415.0,124190.0,27598433.0
2024-06-03 11:25:00,124333.2538045894,123966.7461954106,124540.0,124405.0,124540.0,124275.0,25428294.0
2024-06-03 11:30:00,124436.10559048412,124029.60869523017,124545.0,124545.0,124565.0,124495.0,12738735.5
2024-06-03 11:35:00,124505.9507195952,124135.47785183338,124530.0,124530.0,124600.0,124480.0,11756314.0
2024-06-03 11:40:00,124602.70860588571,124247.29139411429,124720.0,124560.0,124740.0,124545.0,9611046.0
2024-06-03 11:45:00,124623.82311052452,124377.60546090406,124580.0,124595.0,124750.0,124540.0,12302470.0
2024-06-03 11:50:00,124633.08118523391,124421.2045290518,124505.0,124480.0,124605.0,124435.0,8318073.5
2024-06-03 11:55:00,124619.27219776706,124493.58494509007,124475.0,124450.0,124560.0,124450.0,5864787.0
2024-06-03 12:00:00,124621.86674502566,124496.70468354576,124560.0,124515.0,124580.0,124495.0,12241827.5
2024-06-03 12:05:00,124630.57334892619,124503.71236535952,124600.0,124515.0,124605.0,124505.0,5580431.0
2024-06-03 12:10:00,124631.45673038068,124505.68612676219,124540.0,124550.0,124550.0,124510.0,1867870.0
2024-06-03 12:15:00,124585.43760073346,124513.13382783796,124585.0,124555.0,124635.0,124555.0,2429357.5
2024-06-03 12:20:00,124589.16094284997,124513.69620000717,124595.0,124595.0,124695.0,124595.0,7428211.0
2024-06-03 12:25:00,124595.044437609,124477.81270524813,124400.0,124460.0,124585.0,124400.0,8863301.0
2024-06-03 12:30:00,124603.29717593621,124419.55996692092,124300.0,124315.0,124395.0,124270.0,14223199.5
2024-06-03 12:35:00,124582.73649395768,124380.12064889945,124350.0,124315.0,124395.0,124315.0,8381242.0
2024-06-03 12:40:00,124544.47133220402,124349.81438208169,124360.0,124345.0,124360.0,124280.0,2300342.5
2024-06-03 12:45:00,124512.46416269951,124297.53583730049,124245.0,124270.0,124310.0,124240.0,4759991.5
2024-06-03 12:50:00,124457.7341680302,124282.2658319698,124340.0,124330.0,124340.0,124280.0,1678380.0
2024-06-03 12:55:00,124369.1824578138,124290.8175421862,124315.0,124285.0,124320.0,124285.0,21181002.5
2024-06-03 13:00:00,124346.80079558282,124284.62777584576,124300.0,124290.0,124325.0,124290.0,4661385.0
2024-06-03 13:05:00,124345.70913963456,124268.57657465115,124240.0,124255.0,124290.0,124230.0,9579570.5
2024-06-03 13:10:00,124342.87220571171,124195.69922285971,124085.0,124265.0,124275.0,124055.0,6259409.5
2024-06-03 13:15:00,124316.96001077138,124125.89713208575,124025.0,124070.0,124090.0,124025.0,1451322.5
2024-06-03 13:20:00,124301.23820240829,124088.76179759171,124060.0,124035.0,124080.0,124015.0,11970976.5
2024-06-03 13:25:00,124254.55745546232,124058.29968739481,124070.0,124075.0,124095.0,124040.0,2332656.5
2024-06-03 13:30:00,124201.86385717937,124028.13614282063,124025.0,124065.0,124070.0,124025.0,9303094.0
2024-06-03 13:35:00,124138.15643326296,124020.41499530846,124050.0,124000.0,124070.0,123960.0,12178620.0
2024-06-03 13:40:00,124068.31250907862,124031.68749092138,124035.0,124040.0,124080.0,124010.0,5942306.0
2024-06-03 13:45:00,124070.0604044087,124031.36816701989,124090.0,124105.0,124105.0,124025.0,21802009.0
2024-06-03 13:50:00,124070.56703260909,124035.1472531052,124040.0,123990.0,124070.0,123985.0,20641461.5
2024-06-03 13:55:00,124067.87815851587,124032.12184148413,124040.0,124075.0,124080.0,124040.0,2419197.5
2024-06-03 14:00:00,124061.88012571401,124016.6913028574,123995.0,124050.0,124050.0,123995.0,2033868.0
2024-06-03 14:05:00,124074.94182763473,124022.20102950814,124090.0,124100.0,124145.0,124015.0,16827284.0
2024-06-03 14:10:00,124099.50652981485,124023.35061304228,124140.0,124100.0,124155.0,124020.0,17472554.0
2024-06-03 14:15:00,124170.48656471338,124022.37057814375,124280.0,124280.0,124300.0,124135.0,10992022.5
2024-06-03 14:20:00,124237.65169421467,124028.06259149962,124345.0,124335.0,124345.0,124265.0,4637058.0
2024-06-03 14:25:00,124345.4174379873,124053.15399058412,124505.0,124465.0,124505.0,124320.0,6196362.0
2024-06-03 14:30:00,124456.54009016637,124103.45990983363,124605.0,124655.0,124665.0,124495.0,7986459.0
2024-06-03 14:35:00,124510.47013026077,124198.10129831065,124515.0,124500.0,124660.0,124500.0,4634196.0
2024-06-03 14:40:00,124541.34538566954,124282.94032861617,124495.0,124500.0,124560.0,124495.0,1643580.0
2024-06-03 14:45:00,124544.54364524115,124369.74206904456,124455.0,124450.0,124500.0,124450.0,12548437.5
2024-06-03 14:50:00,124541.72566254408,124411.13148031305,124415.0,124405.0,124435.0,124350.0,4378624.0
2024-06-03 14:55:00,124540.25935538698,124419.74064461302,124370.0,124360.0,124400.0,124340.0,19153434.0
2024-06-03 15:00:00,124531.29575343707,124410.13281799151,124440.0,124480.0,124490.0,124380.0,4242565.5
2024-06-03 15:05:00,124490.25599536597,124412.60114749116,124470.0,124470.0,124490.0,124400.0,2327144.0
2024-06-03 15:10:00,124468.86417904087,124398.278678102,124390.0,124470.0,124470.0,124390.0,7291304.0
2024-06-03 15:15:00,124470.5099976616,124398.06143090982,124500.0,124480.0,124500.0,124410.0,2924681.0
2024-06-03 15:20:00,124488.00015961811,124399.14269752476,124520.0,124545.0,124625.0,124515.0,2541015.0
2024-06-03 15:25:00,124525.72039977198,124408.56531451373,124580.0,124580.0,124590.0,124515.0,1868411.0
2024-06-03 15:30:00,124570.9075441928,124439.0924558072,124635.0,124635.0,124645.0,124580.0,2267917.0
2024-06-03 15:35:00,124642.8417517266,124455.72967684481,124750.0,124665.0,124765.0,124645.0,6658758.5
2024-06-03 15:40:00,124650.81098937626,124472.04615348087,124555.0,124680.0,124750.0,124550.0,6033658.5
2024-06-03 15:45:00,124654.31324271827,124521.40104299602,124575.0,124595.0,124620.0,124555.0,2055736.5
2024-06-03 15:50:00,124658.0745042365,124539.06835290637,124575.0,124600.0,124625.0,124575.0,1744370.0
2024-06-03 15:55:00,124667.35194488407,124561.21948368735,124630.0,124630.0,124640.0,124585.0,2554452.0
2024-06-03 16:00:00,124669.18355665679,124565.10215762892,124600.0,124655.0,124685.0,124600.0,1994410.0
2024-06-03 16:05:00,124662.88427909081,124558.54429233777,124590.0,124570.0,124610.0,124560.0,1906218.0
2024-06-03 16:10:00,124617.78945708493,124570.78197148649,124635.0,124585.0,124635.0,124575.0,1657211.0
2024-06-03 16:15:00,124617.98129364735,124569.16156349552,124550.0,124560.0,124605.0,124550.0,5318933.0
2024-06-03 16:20:00,124617.77802782936,124557.93625788492,124535.0,124545.0,124575.0,124510.0,1805862.5
2024-06-03 16:25:00,124616.43832207582,124542.1331064956,124515.0,124510.0,124560.0,124500.0,2241377.5
2024-06-03 16:30:00,124599.54342385566,124526.17086185863,124515.0,124485.0,124515.0,124480.0,1531300.5
2024-06-03 16:35:00,124587.0081669427,124504.42040448588,124480.0,124460.0,124480.0,124460.0,684580.0
2024-06-03 16:40:00,124572.0839227343,124487.9160772657,124480.0,124520.0,124550.0,124480.0,4693788.0
2024-06-03 16:45:00,124531.22790282885,124488.77209717115,124495.0,124525.0,124525.0,124495.0,995980.0
2024-06-03 16:50:00,124517.98886377664,124474.86827908049,124455.0,124500.0,124515.0,124455.0,5328853.0
2024-06-03 16:55:00,124522.23428594676,124403.47999976753,124300.0,124300.0,124425.0,124280.0,6303178.0
2024-06-03 17:00:00,124505.91965166603,124354.08034833397,124285.0,124290.0,124340.0,124270.0,6500839.0
2024-06-03 17:05:00,124477.67700193472,124326.608712351,124320.0,124315.0,124335.0,124270.0,2871283.0
2024-06-03 17:10:00,124451.78412479693,124301.0730180602,124300.0,124330.0,124340.0,124295.0,4848333.0
2024-06-03 17:15:00,124417.45889804472,124272.54110195528,124260.0,124330.0,124330.0,124235.0,3641643.5
2024-06-03 17:20:00,124364.443468838,124241.27081687629,124200.0,124230.0,124255.0,124200.0,5602621.0
2024-06-03 17:25:00,124305.62684913339,124224.37315086661,124190.0,124200.0,124200.0,124190.0,3427799.5
2024-06-03 17:30:00,124293.2505836518,124206.7494163482,124195.0,124225.0,124225.0,124160.0,1912494.0
2024-06-03 17:35:00,124281.2040072836,124177.36742128782,124140.0,124180.0,124190.0,124135.0,4208813.0
2024-06-03 17:40:00,124250.72226169637,124149.27773830363,124115.0,124135.0,124140.0,124105.0,3835333.0
2024-06-03 17:45:00,124216.64938695639,124140.49347018648,124150.0,124165.0,124165.0,124125.0,4357872.5
2024-06-03 17:50:00,124192.8229623863,124141.46275189941,124180.0,124190.0,124190.0,124145.0,6680892.5
2024-06-03 17:55:00,124187.90066163245,124140.67076693897,124180.0,124175.0,124190.0,124145.0,1998908.0
2024-06-04 10:00:00,124223.95341923574,123983.18943790713,123765.0,123805.0,124035.0,123765.0,7099830.5
2024-06-04 10:05:00,124193.59043712725,123889.26670572988,123760.0,123820.0,123860.0,123735.0,20130864.5
2024-06-04 10:10:00,124158.25615075805,123778.88670638482,123630.0,123780.0,123780.0,123630.0,4008098.0
2024-06-04 10:15:00,124114.04481462683,123605.95518537317,123355.0,123600.0,123625.0,123355.0,15266214.5
2024-06-04 10:20:00,124016.44614542172,123489.26814029257,123400.0,123385.0,123480.0,123340.0,8341764.5
2024-06-04 10:25:00,123872.60008817255,123377.39991182745,123285.0,123415.0,123415.0,123230.0,15660045.5
2024-06-04 10:30:00,123667.72017050636,123313.70840092222,123240.0,123285.0,123295.0,123195.0,30256795.0
2024-06-04 10:35:00,123576.10848848178,123248.17722580393,123215.0,123195.0,123360.0,123160.0,28029940.0
2024-06-04 10:40:00,123454.58600213099,123228.27114072614,123265.0,123225.0,123300.0,123195.0,19559869.0
2024-06-04 10:45:00,123386.93449151094,123245.92265134619,123455.0,123400.0,123460.0,123245.0,25709208.5
2024-06-04 10:50:00,123420.22255817626,123248.34887039516,123480.0,123505.0,123585.0,123405.0,7384041.0
2024-06-04 10:55:00,123449.93539016032,123250.06460983968,123510.0,123415.0,123550.0,123325.0,8405777.5
2024-06-04 11:00:00,123470.21429089809,123271.21428053049,123430.0,123600.0,123715.0,123430.0,12639644.5
2024-06-04 11:05:00,123471.4251810774,123284.28910463689,123290.0,123345.0,123405.0,123270.0,5760637.0
2024-06-04 11:10:00,123470.76002538187,123290.66854604671,123235.0,123250.0,123355.0,123135.0,21832210.5
2024-06-04 11:15:00,123471.0316073686,123278.9683926314,123225.0,123245.0,123365.0,123180.0,22515686.5
2024-06-04 11:20:00,123442.43622939583,123231.84948488988,123190.0,123245.0,123245.0,123105.0,27223914.5
2024-06-04 11:25:00,123404.20526294118,123218.65187991595,123300.0,123255.0,123345.0,123195.0,24774169.5
2024-06-04 11:30:00,123353.74803996105,123223.39481718182,123350.0,123345.0,123420.0,123320.0,4503012.0
2024-06-04 11:35:00,123328.15705130107,123227.55723441322,123355.0,123230.0,123355.0,123190.0,15998620.0
2024-06-04 11:40:00,123367.76457372993,123229.37828341294,123435.0,123390.0,123450.0,123340.0,7836284.5
2024-06-04 11:45:00,123389.35522817528,123250.64477182472,123385.0,123440.0,123440.0,123365.0,1789280.0
2024-06-04 11:50:00,123426.43402840287,123282.13740016855,123465.0,123420.0,123465.0,123400.0,7678037.0
2024-06-04 11:55:00,123427.40650608315,123339.73635105972,123395.0,123530.0,123535.0,123395.0,12892798.0
2024-06-04 12:00:00,123439.92670485376,123368.64472371766,123445.0,123405.0,123460.0,123405.0,9664225.5
2024-06-04 12:05:00,123439.98570702215,123374.30000726356,123370.0,123380.0,123465.0,123360.0,5207808.0
2024-06-04 12:10:00,123465.03996012989,123390.6743255844,123500.0,123410.0,123500.0,123410.0,5924223.5
2024-06-04 12:15:00,123543.25144724101,123379.60569561612,123670.0,123675.0,123675.0,123510.0,26542914.5
2024-06-04 12:20:00,123609.1999899641,123403.65715289304,123700.0,123675.0,123785.0,123660.0,8065397.0
2024-06-04 12:25:00,123641.27280155776,123423.01291272795,123645.0,123650.0,123705.0,123635.0,8236633.5
2024-06-04 12:30:00,123653.75540645511,123457.67316497347,123560.0,123570.0,123660.0,123560.0,6884988.5
2024-06-04 12:35:00,123689.79381620492,123494.49189808079,123700.0,123675.0,123720.0,123560.0,9496771.5
2024-06-04 12:40:00,123683.50035911605,123562.21392659824,123585.0,123635.0,123710.0,123585.0,14539398.5
2024-06-04 12:45:00,123682.52587823039,123594.61697891248,123610.0,123590.0,123635.0,123550.0,12372640.5
2024-06-04 12:50:00,123678.56495589092,123592.86361553766,123650.0,123625.0,123670.0,123620.0,7467787.5
2024-06-04 12:55:00,123661.02626747444,123547.54516109698,123480.0,123540.0,123630.0,123465.0,5780787.5
2024-06-04 13:00:00,123646.06359009404,123526.79355276309,123520.0,123500.0,123540.0,123465.0,8275422.5
2024-06-04 13:05:00,123642.7266996969,123504.41615744597,123470.0,123480.0,123490.0,123455.0,1987863.0
2024-06-04 13:10:00,123625.68725346022,123505.74131796836,123645.0,123515.0,123650.0,123485.0,8762706.0
2024-06-04 13:15:00,123644.18769582357,123510.09801846214,123665.0,123630.0,123665.0,123620.0,1903940.0
2024-06-04 13:20:00,123651.75663319606,123512.52908108965,123645.0,123645.0,123720.0,123645.0,6257819.0
2024-06-04 13:25:00,123651.75663319606,123512.52908108965,123650.0,123550.0,123650.0,123535.0,6675995.0
2024-06-04 13:30:00,123657.04713803752,123537.23857624819,123585.0,123640.0,123640.0,123585.0,6304380.0
2024-06-04 13:35:00,123658.11302063434,123546.17269365137,123555.0,123585.0,123585.0,123515.0,10019869.5
2024-06-04 13:40:00,123654.5635367885,123591.1507489258,123615.0,123565.0,123615.0,123560.0,5153451.5
2024-06-04 13:45:00,123662.1481072038,123592.13760708191,123675.0,123645.0,123675.0,123625.0,2349375.0
2024-06-04 13:50:00,123664.81637023167,123592.3264869112,123675.0,123635.0,123675.0,123630.0,1793020.0
2024-06-04 13:55:00,123695.20056146968,123591.94229567319,123750.0,123760.0,123775.0,123695.0,21347763.0
2024-06-04 14:00:00,123723.31237159009,123596.68762840991,123765.0,123800.0,123810.0,123725.0,5296631.0
2024-06-04 14:05:00,123731.24103677983,123615.90182036304,123680.0,123710.0,123765.0,123670.0,39896030.5
2024-06-04 14:10:00,123730.69128510186,123649.30871489814,123670.0,123685.0,123695.0,123650.0,39562197.5
2024-06-04 14:15:00,123729.93012671168,123661.4984447169,123655.0,123680.0,123690.0,123615.0,43897766.5
2024-06-04 14:20:00,123730.35881774753,123662.4983251096,123680.0,123665.0,123705.0,123665.0,20938174.0
2024-06-04 14:25:00,123743.47031442773,123670.81539985798,123750.0,123650.0,123750.0,123645.0,17587955.0
2024-06-04 14:30:00,123743.47031442773,123670.81539985798,123750.0,123750.0,123785.0,123710.0,16162490.0
2024-06-04 14:35:00,123749.97677761101,123670.02322238899,123785.0,123800.0,123810.0,123730.0,4876232.0
2024-06-04 14:40:00,123808.97395919569,123673.88318366144,123900.0,123915.0,123950.0,123780.0,13615811.5
2024-06-04 14:45:00,123846.27661826956,123698.00909601615,123885.0,123880.0,123930.0,123850.0,7359350.5
2024-06-04 14:50:00,123859.99243881674,123734.29327546897,123830.0,123815.0,123920.0,123815.0,6589154.0
2024-06-04 14:55:00,123867.2703287704,123771.30109980101,123835.0,123825.0,123845.0,123780.0,8655144.0
2024-06-04 15:00:00,123876.33404807928,123792.23738049214,123855.0,123820.0,123855.0,123800.0,5906010.0
2024-06-04 15:05:00,123875.79620147857,123814.20379852143,123825.0,123835.0,123840.0,123825.0,6563495.0
2024-06-04 15:10:00,123875.79620147857,123814.20379852143,123785.0,123795.0,123800.0,123760.0,7810997.5
2024-06-04 15:15:00,123863.30118697017,123813.8416701727,123855.0,123785.0,123860.0,123785.0,8332360.0
2024-06-04 15:20:00,123886.11460356595,123808.17111071976,123945.0,124000.0,124000.0,123875.0,7672922.5
2024-06-04 15:25:00,123978.18802936026,123798.95482778261,124120.0,124095.0,124165.0,123960.0,20428251.0
2024-06-04 15:30:00,123992.12932994055,123815.01352720232,123940.0,124025.0,124075.0,123935.0,15223515.0
2024-06-04 15:35:00,123998.34411790657,123824.51302495056,123910.0,123900.0,123950.0,123875.0,18138571.5
2024-06-04 15:40:00,124003.44333765723,123839.4138051999,123895.0,123910.0,123920.0,123855.0,13850594.5
2024-06-04 15:45:00,124014.14860750179,123880.13710678392,123965.0,123950.0,123995.0,123950.0,4153170.0
2024-06-04 15:50:00,124018.98504349403,123901.01495650597,123945.0,123955.0,124010.0,123925.0,8825857.0
2024-06-04 15:55:00,124014.15536274387,123881.55892297042,123860.0,123870.0,123885.0,123825.0,10206568.5
2024-06-04 16:00:00,123956.55933405731,123824.86923737127,123720.0,123800.0,123870.0,123720.0,8369230.5
2024-06-04 16:05:00,123938.44264374377,123797.27164197052,123780.0,123735.0,123785.0,123690.0,24362388.5
2024-06-04 16:10:00,123933.69488602076,123794.87654255066,123885.0,123815.0,123895.0,123790.0,8235833.0
2024-06-04 16:15:00,123936.67389924685,123796.18324361028,123910.0,123945.0,123950.0,123890.0,2131236.0
2024-06-04 16:20:00,123923.51948967042,123795.051938901,123915.0,123925.0,123935.0,123880.0,1858595.0
2024-06-04 16:25:00,123920.74839605513,123794.96588965916,123935.0,123895.0,123955.0,123880.0,4336621.0
2024-06-04 16:30:00,123940.77300585272,123802.0841370044,123955.0,123950.0,123960.0,123915.0,2602762.5
2024-06-04 16:35:00,123942.7051012657,123853.00918444859,123905.0,123905.0,123970.0,123885.0,6816350.5
2024-06-04 16:40:00,123965.58967580064,123897.26746705649,124015.0,124005.0,124015.0,123955.0,1574720.0
2024-06-04 16:45:00,123977.45307798966,123912.54692201034,123980.0,123980.0,123980.0,123945.0,2727220.0
2024-06-04 16:50:00,123994.1838816511,123924.38754692032,124010.0,123985.0,124010.0,123940.0,5169859.0
2024-06-04 16:55:00,124010.82951313148,123939.17048686852,124025.0,124000.0,124040.0,123975.0,3459691.0
2024-06-04 17:00:00,124015.14486332904,123949.14085095667,123985.0,124010.0,124010.0,123960.0,2690356.0
2024-06-04 17:05:00,124015.45980150517,123950.25448420912,123960.0,124000.0,124010.0,123955.0,6447295.0
2024-06-04 17:10:00,124012.38936392247,123963.32492179182,123940.0,123945.0,123995.0,123920.0,3582671.5
2024-06-04 17:15:00,124003.59039556287,123946.40960443713,123925.0,123920.0,123940.0,123920.0,805575.0
2024-06-04 17:20:00,124000.5378912917,123942.31925156544,123955.0,123950.0,123955.0,123950.0,991615.0
2024-06-04 17:25:00,123988.78986726204,123918.35298988083,123885.0,123900.0,123925.0,123885.0,4039239.0
2024-06-04 17:30:00,123973.1934214365,123919.66372142063,123975.0,123965.0,123975.0,123900.0,867615.0
2024-06-04 17:35:00,123961.8833008849,123915.25955625797,123930.0,123940.0,123985.0,123930.0,2107085.0
2024-06-04 17:40:00,123958.70602820114,123914.151114656,123945.0,123950.0,123950.0,123935.0,1611270.0
2024-06-04 17:45:00,123957.95811611807,123913.47045531051,123935.0,123950.0,123965.0,123935.0,3990807.0
2024-06-04 17:50:00,123964.85255919829,123918.00458365884,123965.0,123965.0,123965.0,123965.0,123965.0
2024-06-04 17:55:00,124003.28552050983,123912.42876520446,124070.0,124000.0,124070.0,123970.0,9100377.0
2024-06-05 10:00:00,124007.18729475584,123889.95556238703,123820.0,123890.0,123915.0,123760.0,17015317.0
2024-06-05 10:05:00,123995.06741368868,123864.93258631132,123845.0,123815.0,123865.0,123745.0,18212659.0
2024-06-05 10:10:00,123988.63541970096,123852.79315172762,123865.0,123895.0,123895.0,123785.0,12271605.0
2024-06-05 10:15:00,123981.27178793232,123845.87106921055,123895.0,123840.0,123895.0,123785.0,12890032.5
2024-06-05 10:20:00,123971.79016248582,123833.92412322847,123860.0,123900.0,123935.0,123835.0,19003015.0
2024-06-05 10:25:00,123970.61827935977,123833.66743492594,123960.0,123955.0,124015.0,123910.0,10473654.5
2024-06-05 10:30:00,123905.68004265885,123817.17710019829,123785.0,123900.0,123965.0,123755.0,22466677.5
2024-06-05 10:35:00,123905.32114756141,123814.67885243859,123810.0,123795.0,123860.0,123735.0,23656230.5
2024-06-05 10:40:00,123922.8435601657,123822.8707255486,123935.0,123895.0,123935.0,123805.0,18552031.5
2024-06-05 10:45:00,123918.20837497816,123808.93448216471,123800.0,123910.0,123945.0,123765.0,24798088.5
2024-06-05 10:50:00,123906.57065457839,123794.85791685019,123805.0,123785.0,123810.0,123745.0,11289502.5
2024-06-05 10:55:00,123898.28021287151,123767.43407284278,123735.0,123915.0,123950.0,123735.0,20199916.0
2024-06-05 11:00:00,123854.22789998382,123737.20067144476,123700.0,123870.0,123895.0,123580.0,15572562.5
2024-06-05 11:05:00,123852.79261794298,123684.35023919989,123595.0,123725.0,123725.0,123570.0,17002795.5
2024-06-05 11:10:00,123838.45076486566,123610.12066370576,123500.0,123570.0,123570.0,123455.0,9757486.5
2024-06-05 11:15:00,123765.87475129231,123564.12524870769,123520.0,123520.0,123555.0,123445.0,6682163.0
2024-06-05 11:20:00,123746.7998163893,123561.77161218211,123725.0,123650.0,123740.0,123530.0,15471603.0
2024-06-05 11:25:00,123729.30205637756,123562.12651505102,123745.0,123790.0,123805.0,123725.0,11770850.5
2024-06-05 11:30:00,123810.95835653103,123550.47021489755,123980.0,123890.0,124025.0,123715.0,18172250.5
2024-06-05 11:35:00,123970.78752374584,123544.92676196845,124240.0,124185.0,124310.0,123970.0,19554039.0
2024-06-05 11:40:00,124113.70910445842,123602.00518125587,124295.0,124270.0,124350.0,124220.0,15139130.0
2024-06-05 11:45:00,124166.07388702402,123711.06897011885,124065.0,124250.0,124330.0,124055.0,9788579.0
2024-06-05 11:50:00,124194.96935028474,123843.60207828668,124085.0,124120.0,124160.0,124065.0,7173913.0
2024-06-05 11:55:00,124206.31642100633,123920.82643613654,124035.0,124110.0,124115.0,124020.0,3225659.0
2024-06-05 12:00:00,124205.69366757166,124027.16347528547,124115.0,124045.0,124130.0,124015.0,6092373.5
2024-06-05 12:05:00,124205.70281590802,124040.01146980627,124025.0,124060.0,124155.0,124020.0,7357731.5
2024-06-05 12:10:00,124167.88482637638,124016.40088790933,124025.0,124010.0,124030.0,123945.0,5021913.0
2024-06-05 12:15:00,124126.67687293698,124029.03741277731,124195.0,124040.0,124200.0,124035.0,6529471.0
2024-06-05 12:20:00,124165.91960294137,124035.50896848721,124225.0,124130.0,124225.0,124125.0,23219716.5
2024-06-05 12:25:00,124202.73178016415,124045.83964840727,124250.0,124225.0,124260.0,124175.0,3702188.0
2024-06-05 12:30:00,124221.02882233629,124073.25689194942,124195.0,124180.0,124210.0,124180.0,2049252.5
2024-06-05 12:35:00,124234.70207547034,124085.29792452966,124205.0,124220.0,124310.0,124180.0,2932626.0
2024-06-05 12:40:00,124242.30472082268,124126.26670774874,124195.0,124190.0,124200.0,124110.0,3687921.0
2024-06-05 12:45:00,124231.9809546597,124158.0190453403,124100.0,124185.0,124190.0,124095.0,1241235.0
2024-06-05 12:50:00,124228.31517374204,124133.11339768654,124095.0,124090.0,124120.0,124090.0,1116950.0
2024-06-05 12:55:00,124216.06020118519,124125.36837024339,124155.0,124060.0,124160.0,124055.0,744600.0
2024-06-05 13:00:00,124189.18245781587,124110.81754218413,124105.0,124135.0,124155.0,124105.0,1986320.0
2024-06-05 13:05:00,124175.991866752,124075.43670467658,124025.0,124115.0,124115.0,124025.0,2940641.0
2024-06-05 13:10:00,124150.48123067291,124040.94734075567,123995.0,124025.0,124060.0,123995.0,3249065.5
2024-06-05 13:15:00,124116.63432679392,124024.79424463466,124020.0,124015.0,124040.0,123970.0,1550195.0
2024-06-05 13:20:00,124105.20308465566,124004.79691534434,123990.0,123985.0,124010.0,123955.0,2789647.5
2024-06-05 13:25:00,124094.83926426165,123950.87502145264,123870.0,123880.0,124000.0,123845.0,8438927.0
2024-06-05 13:30:00,124049.70631137876,123916.00797433553,123875.0,123820.0,123915.0,123815.0,5536116.5
2024-06-05 13:35:00,124009.07591709982,123902.35265432876,123915.0,123900.0,123915.0,123830.0,6069594.0
2024-06-05 13:40:00,123986.45867915488,123884.9698922737,123885.0,123895.0,123935.0,123875.0,3134863.5
2024-06-05 13:45:00,123966.59287393208,123863.40712606792,123850.0,123860.0,123870.0,123850.0,1424385.0
2024-06-05 13:50:00,123947.23008143026,123865.62706142687,123960.0,123980.0,124000.0,123860.0,2503115.0
2024-06-05 13:55:00,123921.342619185,123864.37166652929,123895.0,123885.0,123945.0,123875.0,3208705.0
2024-06-05 14:00:00,123940.58967580106,123872.26746705607,123965.0,123885.0,123965.0,123880.0,1734940.0
2024-06-05 14:05:00,123940.76949502307,123857.80193354836,123825.0,123855.0,123870.0,123825.0,1956638.0
2024-06-05 14:10:00,123933.73112283452,123827.69744859406,123785.0,123765.0,123885.0,123765.0,4197451.0
2024-06-05 14:15:00,123927.93075512086,123817.78353059343,123830.0,123800.0,123830.0,123800.0,1659100.0
2024-06-05 14:20:00,123930.92147441434,123821.93566844279,123875.0,123870.0,123880.0,123755.0,5831430.5
2024-06-05 14:25:00,123917.43384679417,123821.13758177725,123910.0,123855.0,123920.0,123830.0,1883044.0
2024-06-05 14:30:00,123943.19718753798,123822.51709817631,123990.0,123950.0,123990.0,123920.0,3706133.5
2024-06-05 14:35:00,123936.44031765651,123822.13111091491,123940.0,123980.0,124005.0,123935.0,3148984.5
2024-06-05 14:40:00,123980.51653604257,123839.48346395743,124040.0,123990.0,124040.0,123970.0,1203003.0
2024-06-05 14:45:00,123986.05230164879,123875.3762697798,123930.0,123895.0,124000.0,123895.0,3012047.5
2024-06-05 14:50:00,123994.89168856441,123836.53688286417,123725.0,123775.0,123885.0,123690.0,7959590.0
2024-06-05 14:55:00,123991.34114330196,123804.37314241233,123750.0,123750.0,123760.0,123685.0,6383612.5
2024-06-05 15:00:00,123979.84746005431,123784.4382542314,123800.0,123815.0,123835.0,123755.0,3837755.0
2024-06-05 15:05:00,123943.62386591629,123730.66184836942,123675.0,123790.0,123790.0,123640.0,3599849.5
2024-06-05 15:10:00,123909.6095725703,123657.53328457256,123565.0,123635.0,123665.0,123550.0,11691930.0
2024-06-05 15:15:00,123819.2372105723,123605.0485037134,123540.0,123475.0,123570.0,123460.0,19514323.0
2024-06-05 15:20:00,123742.18106719728,123576.39036137414,123560.0,123475.0,123570.0,123460.0,23852784.0
2024-06-05 15:25:00,123718.61498396116,123544.24215889597,123530.0,123520.0,123585.0,123520.0,13652047.5
2024-06-05 15:30:00,123679.67168496,123514.6140293257,123510.0,123495.0,123525.0,123420.0,30082228.5
2024-06-05 15:35:00,123600.90616594358,123496.23669119929,123460.0,123455.0,123495.0,123450.0,15286506.0
2024-06-05 15:40:00,123552.51418117074,123493.20010454355,123495.0,123475.0,123495.0,123430.0,32682717.0
2024-06-05 15:45:00,123538.45925068975,123480.11217788167,123470.0,123510.0,123555.0,123465.0,15685340.0
2024-06-05 15:50:00,123541.11909780411,123480.30947362447,123550.0,123535.0,123555.0,123465.0,122201807.5
2024-06-05 15:55:00,123558.66782483296,123477.04646088133,123610.0,123600.0,123610.0,123555.0,3510105.5
2024-06-05 16:00:00,123572.70584593849,123480.15129691864,123590.0,123605.0,123605.0,123590.0,704525.0
2024-06-05 16:05:00,123574.50776780731,123482.63508933556,123525.0,123525.0,123545.0,123520.0,12588040.0
2024-06-05 16:10:00,123574.44557607199,123485.55442392801,123470.0,123485.0,123535.0,123470.0,25281635.5
2024-06-05 16:15:00,123573.74457027171,123481.96971544258,123480.0,123475.0,123495.0,123425.0,43525024.0
2024-06-05 16:20:00,123578.33691784326,123495.94879644245,123535.0,123525.0,123540.0,123475.0,17810622.0
2024-06-05 16:25:00,123573.05645605331,123489.80068680382,123510.0,123510.0,123555.0,123510.0,7831154.0
2024-06-05 16:30:00,123545.89508128045,123476.96206157668,123470.0,123465.0,123525.0,123380.0,24335450.0
2024-06-05 16:35:00,123525.73142288087,123479.98286283342,123530.0,123495.0,123535.0,123490.0,19848283.0
2024-06-05 16:40:00,123529.76000888427,123480.23999111573,123540.0,123535.0,123550.0,123520.0,4521203.5
2024-06-05 16:45:00,123532.98886379488,123489.86827906226,123515.0,123470.0,123520.0,123470.0,8743551.0
2024-06-05 16:50:00,123541.11504077836,123500.31353065022,123545.0,123585.0,123590.0,123520.0,11367756.0
2024-06-05 16:55:00,123567.2228706006,123497.06284368511,123615.0,123605.0,123625.0,123545.0,5042547.0
2024-06-05 17:00:00,123575.3139536959,123504.6860463041,123565.0,123585.0,123595.0,123565.0,4683817.0
2024-06-05 17:05:00,123574.04496135614,123515.95503864386,123505.0,123525.0,123570.0,123490.0,4422889.5
2024-06-05 17:10:00,123572.64865540646,123505.92277316496,123490.0,123500.0,123525.0,123470.0,3482813.0
2024-06-05 17:15:00,123580.53582364979,123509.46417635021,123580.0,123515.0,123600.0,123470.0,4362155.5
2024-06-05 17:20:00,123583.27106904991,123515.30035952151,123545.0,123550.0,123570.0,123545.0,4546914.5
2024-06-05 17:30:00,123590.53582364968,123519.46417635032,123585.0,123575.0,123595.0,123570.0,1421157.5
2024-06-05 17:35:00,123570.53991795862,123509.46008204138,123510.0,123505.0,123560.0,123505.0,1259926.0
2024-06-05 17:40:00,123563.2158441824,123503.92701296047,123520.0,123520.0,123520.0,123515.0,370555.0
2024-06-05 17:45:00,123572.33697150255,123513.37731421174,123570.0,123550.0,123570.0,123535.0,815547.0
2024-06-05 17:50:00,123573.23145858562,123526.76854141438,123540.0,123585.0,123585.0,123540.0,5312505.0
2024-06-05 17:55:00,123565.06816467065,123523.50326390077,123540.0,123540.0,123540.0,123540.0,123540.0
2024-06-06 10:00:00,123597.20608086471,123521.36534770671,123650.0,123615.0,123670.0,123560.0,6217822.0
2024-06-06 10:05:00,123604.56511900693,123522.57773813594,123615.0,123615.0,123750.0,123605.0,9771098.5
2024-06-06 10:10:00,123614.88514640134,123539.40056788437,123605.0,123625.0,123645.0,123470.0,8698827.0
2024-06-06 10:15:00,123653.18970222291,123555.38172634851,123710.0,123700.0,123780.0,123625.0,7658592.5
2024-06-06 10:20:00,123836.46195559984,123524.96661582874,124105.0,123775.0,124195.0,123695.0,7853588.0
2024-06-06 10:25:00,124076.71275090936,123543.28724909064,124445.0,124045.0,124460.0,124045.0,13834174.5
2024-06-06 10:30:00,124308.29479641773,123624.5623464394,124635.0,124430.0,124685.0,124390.0,13447719.5
2024-06-06 10:35:00,124512.66967156572,123733.04461414857,124745.0,124625.0,124810.0,124525.0,10945175.5
2024-06-06 10:40:00,124636.02925745312,123898.25645683259,124625.0,124660.0,124800.0,124625.0,16076521.5
2024-06-06 10:45:00,124674.22053726774,124098.63660558939,124440.0,124450.0,124635.0,124440.0,12215106.5
2024-06-06 10:50:00,124649.18110422007,124312.24746720851,124370.0,124400.0,124555.0,124370.0,12086547.5
2024-06-06 10:55:00,124641.00424182312,124426.13861531975,124475.0,124445.0,124575.0,124400.0,10731178.0
2024-06-06 11:00:00,124644.82085336787,124436.60771806071,124495.0,124420.0,124570.0,124420.0,10918350.0
2024-06-06 11:05:00,124629.30421295676,124430.69578704324,124560.0,124565.0,124610.0,124500.0,3736444.0
2024-06-06 11:10:00,124552.67271188706,124417.32728811294,124430.0,124435.0,124570.0,124430.0,2875891.5
2024-06-06 11:15:00,124503.04365800413,124389.813484853,124355.0,124400.0,124450.0,124330.0,8907326.0
2024-06-06 11:20:00,124497.44002565628,124362.55997434372,124325.0,124310.0,124400.0,124275.0,12359008.5
2024-06-06 11:25:00,124512.9651650063,124381.32054927941,124490.0,124315.0,124490.0,124315.0,8444745.0
2024-06-06 11:30:00,124572.88793862659,124379.96920423054,124680.0,124525.0,124725.0,124455.0,20448303.0
2024-06-06 11:35:00,124629.9288149498,124387.21404219307,124720.0,124660.0,124720.0,124650.0,5173977.0
2024-06-06 11:40:00,124639.0748503009,124390.9251496991,124605.0,124595.0,124740.0,124595.0,5734101.0
2024-06-06 11:45:00,124684.46332696259,124422.67953018028,124700.0,124620.0,124700.0,124605.0,5596263.5
2024-06-06 11:50:00,124724.87991247399,124487.97723038314,124725.0,124680.0,124745.0,124625.0,3342139.5
2024-06-06 11:55:00,124723.55952219381,124590.7261920919,124680.0,124675.0,124720.0,124660.0,3803208.0
2024-06-06 12:00:00,124731.36773760308,124657.20369096834,124750.0,124745.0,124830.0,124690.0,14147909.0
2024-06-06 12:05:00,124781.20837999547,124658.79162000453,124860.0,124750.0,124860.0,124735.0,4716817.5
2024-06-06 12:10:00,124843.21356755446,124661.07214673125,124945.0,124885.0,124985.0,124875.0,6695467.5
2024-06-06 12:15:00,124941.70169649989,124701.15544635724,125090.0,124990.0,125130.0,124990.0,5190627.0
2024-06-06 12:20:00,125060.82910332282,124734.88518239147,125235.0,125095.0,125240.0,125095.0,5220434.0
2024-06-06 12:25:00,125152.57206806664,124793.14221764765,125250.0,125205.0,125285.0,125195.0,12599137.0
2024-06-06 12:30:00,125211.77276921622,124891.08437364092,125230.0,125220.0,125245.0,125195.0,8314213.0
2024-06-06 12:35:00,125274.61411704628,124995.38588295372,125335.0,125235.0,125360.0,125225.0,14583648.0
2024-06-06 12:40:00,125334.3470710255,125091.36721468878,125405.0,125335.0,125435.0,125335.0,6582737.5
2024-06-06 12:45:00,125333.84205965628,125179.01508320085,125250.0,125305.0,125420.0,125250.0,8545070.5
2024-06-06 12:50:00,125345.86797252615,125238.41774175956,125340.0,125245.0,125365.0,125215.0,6465911.0
2024-06-06 12:55:00,125357.29083817362,125255.56630468351,125335.0,125315.0,125335.0,125310.0,4461477.5
2024-06-06 13:00:00,125365.39187956028,125203.17954901114,125095.0,125105.0,125330.0,125085.0,11031960.5
2024-06-06 13:05:00,125363.94357852067,125164.62785005075,125090.0,125125.0,125135.0,125090.0,5379787.5
2024-06-06 13:10:00,125337.96162184831,125129.18123529456,125120.0,125145.0,125145.0,125095.0,2978100.0
2024-06-06 13:15:00,125284.18319269127,125110.10252159444,125150.0,125125.0,125160.0,125075.0,2502553.5
2024-06-06 13:20:00,125263.8990808983,125081.81520481598,125080.0,125165.0,125165.0,125080.0,3504035.0
2024-06-06 13:25:00,125212.20679624568,125072.07891804003,125125.0,125110.0,125125.0,125065.0,2251575.0
2024-06-06 13:30:00,125130.14486331711,125064.1408509686,125020.0,125060.0,125115.0,125020.0,5377993.5
2024-06-06 13:35:00,125131.11124682143,125023.17446746428,124955.0,124960.0,125025.0,124925.0,12035894.5
2024-06-06 13:40:00,125124.19773501878,124980.08797926693,124915.0,124980.0,125000.0,124915.0,7084951.5
2024-06-06 13:45:00,125100.71462094143,124942.1425219157,124905.0,124935.0,124945.0,124890.0,5221571.0
2024-06-06 13:50:00,125060.68547153233,124927.88595703909,124960.0,124885.0,124960.0,124860.0,5971310.5
2024-06-06 13:55:00,125043.29424728239,124923.84860986048,125005.0,124950.0,125005.0,124940.0,9096921.5
2024-06-06 14:00:00,125029.94621131035,124927.19664583252,125090.0,125085.0,125105.0,125005.0,5540529.0
2024-06-06 14:05:00,125038.82822427546,124928.3146328674,125055.0,125050.0,125090.0,125050.0,6529070.0
2024-06-06 14:10:00,125052.22350012901,124939.20507129957,125040.0,125055.0,125055.0,125040.0,3313765.0
2024-06-06 14:15:00,125076.73276009208,124966.12438276505,125095.0,125085.0,125120.0,125045.0,3827533.0
2024-06-06 14:20:00,125162.01919860905,124992.26651567666,125295.0,125195.0,125370.0,125095.0,8507187.0
2024-06-06 14:25:00,125200.11304472559,125031.315526703,125230.0,125225.0,125290.0,125210.0,4496879.0
2024-06-06 14:30:00,125252.53028296401,125067.46971703599,125315.0,125255.0,125320.0,125255.0,3533305.5
2024-06-06 14:35:00,125293.94404398357,125093.1988131593,125325.0,125350.0,125355.0,125305.0,2669635.5
2024-06-06 14:40:00,125334.9814409966,125139.3042732891,125360.0,125355.0,125390.0,125335.0,2645095.0
2024-06-06 14:45:00,125333.50355355392,125190.78216073179,125215.0,125240.0,125345.0,125195.0,4422009.5
2024-06-06 14:50:00,125334.0216431719,125188.83549968523,125090.0,125095.0,125185.0,124995.0,5579066.0
2024-06-06 14:55:00,125318.84266884814,125158.30018829473,125135.0,125140.0,125165.0,125125.0,5719086.5
2024-06-06 15:00:00,125310.59882819845,125123.68688608726,125080.0,125070.0,125105.0,125005.0,2588474.5
2024-06-06 15:05:00,125282.76688042523,125034.37597671764,124905.0,124955.0,125055.0,124905.0,5636466.0
2024-06-06 15:10:00,125227.30191952286,124979.84093762001,124940.0,124895.0,124955.0,124870.0,10465004.0
2024-06-06 15:15:00,125146.70085505996,124976.15628779717,125065.0,124950.0,125085.0,124940.0,3837739.0
2024-06-06 15:20:00,125115.12345744332,124976.30511398526,125105.0,125055.0,125115.0,125055.0,5979719.0
2024-06-06 15:25:00,125117.28154252571,124977.00417176,125100.0,125100.0,125115.0,125065.0,2464445.5
2024-06-06 15:30:00,125112.0137098256,124976.55771874583,125115.0,125095.0,125150.0,125070.0,41145340.5
2024-06-06 15:35:00,125127.41685832196,124979.72599882091,125145.0,125150.0,125150.0,125110.0,3153261.0
2024-06-06 15:40:00,125166.0780178451,125031.06483929777,125220.0,125225.0,125245.0,125160.0,6084792.5
2024-06-06 15:45:00,125188.0824396931,125090.48898887832,125225.0,125220.0,125245.0,125210.0,6913084.0
2024-06-06 15:50:00,125189.9321711722,125105.78211454209,125125.0,125135.0,125240.0,125125.0,6960404.0
2024-06-06 15:55:00,125189.8223075011,125094.4634067846,125065.0,125090.0,125125.0,125030.0,6128761.5
2024-06-06 16:00:00,125193.43016044085,125055.14126813057,124975.0,125055.0,125075.0,124970.0,10251593.5
2024-06-06 16:05:00,125186.71769857877,125034.71087284981,125020.0,124975.0,125025.0,124950.0,5974202.0
2024-06-06 16:10:00,125171.15919098047,125005.9836661624,124990.0,125005.0,125035.0,124985.0,2600058.0
2024-06-06 16:15:00,125127.01563540747,124968.69865030682,124935.0,124925.0,125045.0,124925.0,5062318.0
2024-06-06 16:20:00,125062.10451556243,124956.46691300899,124955.0,124955.0,124970.0,124930.0,2011747.0
2024-06-06 16:25:00,125019.88514638774,124944.40056789797,124935.0,124960.0,124960.0,124900.0,4885091.0
2024-06-06 16:30:00,124989.597991923,124934.68772236271,124925.0,124900.0,124930.0,124880.0,8043947.0
2024-06-06 16:35:00,124984.25226986367,124927.1763015649,124930.0,124850.0,124950.0,124845.0,10216028.0
2024-06-06 16:40:00,125006.31715816283,124920.82569898004,125075.0,125000.0,125160.0,124930.0,8567073.0
2024-06-06 16:45:00,125040.43301382911,124919.56698617089,125105.0,125095.0,125105.0,125005.0,5252990.0
2024-06-06 16:50:00,125090.10075411829,124934.18496016742,125160.0,125120.0,125160.0,125105.0,3666487.0
2024-06-06 16:55:00,125134.85850390237,124955.14149609763,125185.0,125145.0,125190.0,125140.0,3379245.0
2024-06-06 17:00:00,125158.68447329718,124989.88695527424,125140.0,125140.0,125165.0,125135.0,2027421.0
2024-06-06 17:05:00,125166.3433667839,125033.6566332161,125105.0,125090.0,125105.0,125090.0,1125930.0
2024-06-06 17:10:00,125158.03855858423,125099.10429855864,125130.0,125110.0,125130.0,125100.0,1876755.0
2024-06-06 17:15:00,125165.62282463332,125117.23431822381,125165.0,125155.0,125190.0,125145.0,5845405.0
2024-06-06 17:20:00,125166.62241942127,125124.80615200731,125135.0,125150.0,125160.0,125135.0,3741961.5
2024-06-06 17:25:00,125162.59857614344,125121.68713814227,125135.0,125180.0,125180.0,125135.0,5819240.0
2024-06-06 17:30:00,125162.59857614344,125121.68713814227,125185.0,125195.0,125195.0,125105.0,2878107.5
2024-06-06 17:35:00,125171.18506463585,125124.52922107844,125180.0,125200.0,125215.0,125160.0,3692717.5
2024-06-06 17:40:00,125170.81334372498,125132.04379913215,125130.0,125130.0,125150.0,125130.0,3291083.0
2024-06-06 17:45:00,125170.99912115459,125133.28659313112,125135.0,125130.0,125145.0,125120.0,4942675.0
2024-06-06 17:50:00,125170.99912115459,125133.28659313112,125165.0,125145.0,125195.0,125145.0,9024014.0
2024-06-06 17:55:00,125170.81125995822,125127.7601686132,125115.0,125200.0,125200.0,125115.0,5320250.0
2024-06-07 10:00:00,125362.65403453492,124557.34596546508,123810.0,123795.0,123845.0,123665.0,7326009.0
2024-06-07 10:05:00,125280.40181975653,124246.74103738634,123810.0,123820.0,123855.0,123765.0,5546441.5
2024-06-07 10:10:00,125130.17112272231,124011.25744870627,123830.0,123845.0,123880.0,123765.0,6959590.0
2024-06-07 10:15:00,124961.8480174329,123892.43769685281,124125.0,123970.0,124185.0,123775.0,9502697.5
2024-06-07 10:20:00,124746.68341850306,123779.03086721123,123985.0,124120.0,124130.0,123980.0,5383159.5
2024-06-07 10:25:00,124447.53592359653,123692.46407640347,123815.0,123900.0,124085.0,123815.0,4301478.0
2024-06-07 10:30:00,123980.0442131242,123775.67007259009,123770.0,123810.0,123850.0,123725.0,6091305.5
2024-06-07 10:35:00,123987.2894174375,123788.4248682768,123880.0,123885.0,123900.0,123625.0,6050726.0
2024-06-07 10:40:00,123997.81523303688,123806.47048124883,123910.0,123900.0,124000.0,123850.0,6432616.0
2024-06-07 10:45:00,124009.6407755488,123824.6449387369,123935.0,123980.0,123980.0,123870.0,7499033.5
2024-06-07 10:50:00,123962.08360200116,123832.20211228455,123985.0,123950.0,124020.0,123925.0,7017235.5
2024-06-07 10:55:00,123957.93884401316,123832.06115598684,123970.0,123970.0,124040.0,123965.0,4277907.0
2024-06-07 11:00:00,123986.94508466279,123858.7692010515,124010.0,123970.0,124025.0,123930.0,4872055.5
2024-06-07 11:05:00,124045.16585089982,123907.69129195731,124145.0,124100.0,124145.0,123980.0,4230215.5
2024-06-07 11:10:00,124084.84926709071,123939.436447195,124130.0,124150.0,124230.0,124105.0,5849268.5
2024-06-07 11:15:00,124168.91888739148,123965.36682689423,124295.0,124185.0,124300.0,124040.0,5028115.0
2024-06-07 11:20:00,124178.58198260919,123997.1323031051,124080.0,124110.0,124275.0,124050.0,6579178.5
2024-06-07 11:25:00,124216.88473439155,124031.68669417987,124240.0,124070.0,124270.0,124045.0,7435413.0
2024-06-07 11:30:00,124234.90231642402,124080.81196929027,124205.0,124185.0,124290.0,124180.0,6186926.0
2024-06-07 11:35:00,124252.74285603363,124131.54285825208,124250.0,124170.0,124265.0,124165.0,3975315.0
2024-06-07 11:40:00,124258.3149909687,124141.6850090313,124200.0,124200.0,124280.0,124190.0,7130440.5
2024-06-07 11:45:00,124258.26356052881,124134.59358232832,124105.0,124235.0,124250.0,124100.0,6445469.0
2024-06-07 11:50:00,124225.23277201164,124111.91008513123,124100.0,124115.0,124115.0,123985.0,4416910.0
2024-06-07 11:55:00,124225.08198281872,124119.20373146699,124105.0,124010.0,124140.0,123970.0,5558193.5
2024-06-07 12:00:00,124204.12707349745,124077.30149793113,124020.0,124065.0,124105.0,124010.0,6946451.5
2024-06-07 12:05:00,124182.8972040179,124057.1027959821,124060.0,123975.0,124095.0,123965.0,3919375.5
2024-06-07 12:10:00,124136.94708588153,124030.19577126134,123995.0,124005.0,124085.0,123990.0,3931837.0
2024-06-07 12:15:00,124094.62897924671,124012.51387789616,123990.0,124015.0,124050.0,123985.0,3770277.0
2024-06-07 12:20:00,124089.52242610726,124011.90614532132,124085.0,124070.0,124105.0,124020.0,3548362.5
2024-06-07 12:25:00,124088.16631782631,124011.83368217369,124095.0,124090.0,124120.0,124065.0,3313168.5
2024-06-07 12:30:00,124077.03518122068,124010.10767592219,124060.0,124120.0,124170.0,124040.0,6191959.0
2024-06-07 12:35:00,124084.89232407772,124017.96481877941,124075.0,124070.0,124105.0,124040.0,3697289.5
2024-06-07 12:40:00,124079.52607425964,124007.61678288323,124005.0,124075.0,124110.0,124000.0,3647492.5
2024-06-07 12:45:00,124079.55724879775,124009.01417977367,124000.0,124010.0,124020.0,123990.0,3720184.0
2024-06-07 12:50:00,124085.62359164127,123978.66212264444,123905.0,123950.0,123975.0,123905.0,11849542.0
2024-06-07 12:55:00,124069.47632648393,123933.3808163732,123870.0,123925.0,123935.0,123840.0,10283057.0
2024-06-07 13:00:00,124042.30897504094,123921.97673924477,123960.0,123870.0,123990.0,123855.0,10830315.5
2024-06-07 13:05:00,124038.27004684706,123921.72995315294,124045.0,124060.0,124065.0,123950.0,4166635.5
2024-06-07 13:10:00,124024.08601567312,123921.62827004117,124025.0,124060.0,124080.0,124015.0,8199795.0
2024-06-07 13:15:00,124011.77696549271,123903.93732022158,123900.0,124010.0,124020.0,123875.0,7609360.5
2024-06-07 13:20:00,124006.65619698906,123901.91523158236,123975.0,123900.0,123975.0,123880.0,9628767.0
2024-06-07 13:25:00,124026.87405592701,123918.84022978728,124035.0,123960.0,124050.0,123950.0,5468780.5
2024-06-07 13:30:00,124028.18005444315,123911.81994555685,123850.0,123900.0,124040.0,123830.0,6851594.0
2024-06-07 13:35:00,124023.36908466753,123879.4880581896,123830.0,123855.0,123880.0,123795.0,11764279.5
2024-06-07 13:40:00,123992.47091890876,123853.24336680553,123845.0,123845.0,123860.0,123790.0,6402269.5
2024-06-07 13:45:00,123962.3131369928,123790.54400586433,123700.0,123820.0,123825.0,123695.0,5953168.0
2024-06-07 13:50:00,123950.70641687172,123775.00786884257,123805.0,123800.0,123805.0,123720.0,11473227.5
2024-06-07 13:55:00,123924.39378709799,123767.0347843306,123855.0,123865.0,123875.0,123780.0,8915918.5
2024-06-07 14:00:00,123851.68792039747,123758.31207960253,123750.0,123870.0,123870.0,123750.0,10905717.0
2024-06-07 14:05:00,123836.68792039757,123743.31207960243,123745.0,123795.0,123805.0,123745.0,12822229.0
2024-06-07 14:10:00,123828.11794097727,123739.0249161656,123785.0,123800.0,123800.0,123745.0,10397311.5
2024-06-07 14:15:00,123819.1152809959,123738.02757614697,123810.0,123805.0,123850.0,123750.0,3837517.0
2024-06-07 14:20:00,123818.17601326895,123744.68112958818,123720.0,123805.0,123835.0,123705.0,9419024.0
2024-06-07 14:25:00,123812.45297278113,123703.26131293316,123640.0,123735.0,123735.0,123635.0,19507807.0
2024-06-07 14:30:00,123779.97296457572,123690.02703542428,123695.0,123715.0,123720.0,123625.0,10969972.5
2024-06-07 14:35:00,123779.97296457572,123690.02703542428,123750.0,123750.0,123760.0,123700.0,10294290.5
2024-06-07 14:40:00,123772.78374494973,123668.64482647885,123645.0,123700.0,123760.0,123640.0,10537654.5
2024-06-07 14:45:00,123753.27429941343,123625.29712915799,123565.0,123680.0,123680.0,123535.0,13274493.5
2024-06-07 14:50:00,123714.88207958352,123575.11792041648,123500.0,123540.0,123565.0,123475.0,9487237.5
2024-06-07 14:55:00,123689.45617096013,123540.54382903987,123510.0,123525.0,123525.0,123450.0,12806951.0
2024-06-07 15:00:00,123677.97736606869,123483.45120535989,123400.0,123460.0,123495.0,123335.0,9317699.0
2024-06-07 15:05:00,123640.62339789054,123420.80517353804,123345.0,123370.0,123430.0,123285.0,9227158.5
2024-06-07 15:10:00,123563.60940316119,123390.67631112452,123375.0,123430.0,123440.0,123335.0,9254459.5
2024-06-07 15:15:00,123521.72566255023,123391.1314803069,123500.0,123480.0,123505.0,123375.0,7901368.0
2024-06-07 15:20:00,123496.82553254676,123388.88875316753,123470.0,123575.0,123600.0,123450.0,11190403.0
2024-06-07 15:25:00,123505.04563183535,123389.24008245036,123530.0,123515.0,123540.0,123450.0,10336463.0
2024-06-07 15:30:00,123507.6769080467,123389.46594909616,123520.0,123555.0,123555.0,123495.0,7053845.0
2024-06-07 15:35:00,123529.14496271174,123406.56932300255,123535.0,123555.0,123560.0,123510.0,4805791.5
2024-06-07 15:40:00,123530.32337559339,123442.53376726374,123475.0,123535.0,123535.0,123400.0,14369292.0
2024-06-07 15:45:00,123534.1835566654,123430.1021576203,123345.0,123455.0,123465.0,123335.0,11870605.0
2024-06-07 15:50:00,123525.92260040563,123391.22025673724,123335.0,123375.0,123375.0,123285.0,11112030.5
2024-06-07 15:55:00,123518.26377211315,123337.45051360114,123255.0,123315.0,123335.0,123230.0,9973513.5
2024-06-07 16:00:00,123483.88485275998,123291.82943295431,123250.0,123275.0,123285.0,123195.0,8355927.0
2024-06-07 16:05:00,123459.51770640751,123146.19657930678,122925.0,123235.0,123240.0,122925.0,11512353.0
2024-06-07 16:10:00,123394.09817456655,122990.18753971916,122760.0,123000.0,123020.0,122665.0,13525692.0
2024-06-07 16:15:00,123300.21256848519,122912.64457437194,122875.0,122920.0,122945.0,122775.0,14301122.0
2024-06-07 16:20:00,123221.456267774,122842.8294465117,122825.0,122900.0,122910.0,122690.0,6680129.0
2024-06-07 16:25:00,123129.81646270977,122813.04068014736,122910.0,122915.0,122925.0,122805.0,8159399.5
2024-06-07 16:30:00,123060.58596642289,122809.41403357711,123000.0,123020.0,123030.0,122885.0,8522315.0
2024-06-07 16:35:00,122949.2303983312,122826.48388738309,122920.0,123030.0,123030.0,122895.0,9001861.0
2024-06-07 16:40:00,122934.47074851814,122801.24353719615,122785.0,122935.0,122935.0,122785.0,7259819.0
2024-06-07 16:45:00,122934.24950821666,122804.32192035476,122770.0,122860.0,122870.0,122730.0,7588712.0
2024-06-07 16:50:00,122927.58584552324,122793.84272590534,122815.0,122805.0,122835.0,122765.0,8227593.5
2024-06-07 16:55:00,122928.52006396487,122795.76565032084,122835.0,122860.0,122885.0,122800.0,9802437.0
2024-06-07 17:00:00,122918.51948967605,122790.05193889537,122855.0,122850.0,122855.0,122820.0,7284421.0
2024-06-07 17:05:00,122870.65876037152,122792.19838248561,122840.0,122885.0,122890.0,122805.0,6228285.5
2024-06-07 17:10:00,122838.21267645896,122777.50160925533,122755.0,122800.0,122845.0,122740.0,4628578.5
2024-06-07 17:15:00,122837.92690303751,122776.3588112482,122780.0,122780.0,122795.0,122775.0,5770741.5
2024-06-07 17:20:00,122869.17820603355,122786.53607968074,122915.0,122930.0,122940.0,122720.0,8792986.5
2024-06-07 17:25:00,122876.33404808783,122792.2373804836,122860.0,122900.0,122920.0,122765.0,12073808.0
2024-06-07 17:30:00,122881.62251986087,122795.520337282,122865.0,122870.0,122880.0,122840.0,7850850.0
2024-06-07 17:35:00,122877.07520041113,122791.4962281603,122825.0,122855.0,122860.0,122780.0,5919831.0
2024-06-07 17:40:00,122870.91969245736,122774.79459325693,122760.0,122805.0,122840.0,122750.0,3782217.0
2024-06-07 17:45:00,122872.68523829644,122758.74333313214,122705.0,122775.0,122785.0,122705.0,5794124.5
2024-06-07 17:50:00,122871.0196415608,122751.83750129634,122750.0,122815.0,122830.0,122715.0,14389168.0
2024-06-07 17:55:00,122836.45989345586,122736.39724940127,122740.0,122760.0,122770.0,122700.0,11465035.0
2024-06-10 10:00:00,122837.96095345302,122736.3247608327,122865.0,122920.0,123010.0,122860.0,10351946.5
2024-06-10 10:05:00,122825.88230335496,122648.40341093075,122515.0,122675.0,122860.0,122490.0,10214599.5
2024-06-10 10:10:00,122795.8562620675,122599.8580236468,122550.0,122695.0,122720.0,122500.0,10190020.0
2024-06-10 10:15:00,122784.15770127103,122592.98515587184,122695.0,122715.0,122765.0,122525.0,12143037.0
2024-06-10 10:20:00,122798.7857194719,122599.78570909952,122780.0,122705.0,122840.0,122670.0,8765264.5
2024-06-10 10:25:00,122807.31883959752,122602.68116040248,122790.0,122700.0,122875.0,122650.0,10605654.5
2024-06-10 10:30:00,122855.04782147922,122609.23789280649,122930.0,122700.0,122990.0,122670.0,9983047.5
2024-06-10 10:35:00,122901.18633579918,122607.38509277224,123020.0,122915.0,123180.0,122880.0,9460674.5
2024-06-10 10:40:00,123011.25223094969,122683.03348333602,123165.0,123135.0,123165.0,122900.0,10074978.5
2024-06-10 10:45:00,123133.14888720868,122778.2796842199,123310.0,123160.0,123310.0,123075.0,8904611.5
2024-06-10 10:50:00,123199.35197704285,122864.93373724286,123230.0,123115.0,123315.0,123095.0,10483654.5
2024-06-10 10:55:00,123214.96093584238,122930.75334987191,123065.0,123110.0,123210.0,123045.0,7559495.0
2024-06-10 11:00:00,123215.9884687701,123009.72581694419,123070.0,123075.0,123190.0,123025.0,6007177.0
2024-06-10 11:05:00,123216.39959038407,123047.88612390164,123065.0,123140.0,123150.0,122985.0,6486568.0
2024-06-10 11:10:00,123223.29855084533,123073.84430629754,123135.0,123140.0,123170.0,123045.0,12729038.5
2024-06-10 11:15:00,123241.49678334995,123079.93178807863,123250.0,123190.0,123275.0,123135.0,9782810.0
2024-06-10 11:20:00,123250.10052587923,123078.47090269219,123335.0,123235.0,123355.0,123180.0,7912567.0
2024-06-10 11:25:00,123255.974412764,123079.73987295029,123255.0,123275.0,123375.0,123245.0,10888361.0
2024-06-10 11:30:00,123273.97030700523,123110.31540728048,123235.0,123235.0,123250.0,123090.0,8549342.0
2024-06-10 11:35:00,123284.18385933267,123144.38756923875,123225.0,123265.0,123345.0,123210.0,9183373.0
2024-06-10 11:40:00,123300.39023612143,123198.18119244999,123310.0,123260.0,123315.0,123220.0,18713144.5
2024-06-10 11:45:00,123308.50155528687,123240.06987328455,123310.0,123325.0,123430.0,123285.0,10866507.0
2024-06-10 11:50:00,123352.4356923886,123244.70716475428,123420.0,123265.0,123485.0,123265.0,9265656.5
2024-06-10 11:55:00,123338.51138483216,123220.06004373926,123200.0,123275.0,123420.0,123195.0,8889731.5
2024-06-10 12:00:00,123338.03045818252,123219.11239896035,123250.0,123255.0,123295.0,123195.0,10537322.5
2024-06-10 12:05:00,123336.98378243798,123214.4447889906,123215.0,123260.0,123275.0,123140.0,10375205.5
2024-06-10 12:10:00,123335.72782280254,123201.41503434033,123175.0,123150.0,123245.0,123140.0,9953922.0
2024-06-10 12:15:00,123321.66466552854,123186.90676304288,123210.0,123120.0,123210.0,123095.0,7142694.5
2024-06-10 12:20:00,123302.82739257932,123167.17260742068,123175.0,123255.0,123255.0,123140.0,8808438.0
2024-06-10 12:25:00,123222.10699773436,123175.03585940851,123165.0,123155.0,123185.0,123100.0,8767954.5
2024-06-10 12:30:00,123226.83760306858,123128.87668264571,123055.0,123180.0,123215.0,123050.0,8988962.5
2024-06-10 12:35:00,123202.81893422984,123110.03820862729,123100.0,123115.0,123170.0,123035.0,8950762.5
2024-06-10 12:40:00,123184.83601973248,123099.44969455323,123115.0,123165.0,123215.0,123105.0,13104261.5
2024-06-10 12:45:00,123177.5498831821,123095.30725967503,123135.0,123090.0,123135.0,123065.0,8248152.0
2024-06-10 12:50:00,123154.76100853996,123060.95327717433,123010.0,123010.0,123145.0,123000.0,8689752.5
2024-06-10 12:55:00,123134.6927403254,123052.45011681748,123075.0,123105.0,123115.0,122980.0,10593489.0
2024-06-10 13:00:00,123119.46758039636,123051.96099103222,123110.0,123110.0,123120.0,122995.0,15601806.5
2024-06-10 13:05:00,123129.31198321472,123062.11658821386,123125.0,123115.0,123165.0,123090.0,11376095.0
2024-06-10 13:10:00,123152.58544290152,123064.55741424135,123190.0,123195.0,123215.0,123120.0,12908811.5
2024-06-10 13:15:00,123156.15117426863,123066.7059685885,123135.0,123140.0,123255.0,123135.0,7687076.5
2024-06-10 13:20:00,123155.18511735092,123066.24345407766,123130.0,123120.0,123155.0,123090.0,13112749.0
2024-06-10 13:25:00,123151.38605919758,123088.61394080242,123075.0,123090.0,123130.0,123045.0,11864695.0
2024-06-10 13:30:00,123153.46385701414,123073.67900012873,123030.0,123095.0,123105.0,123010.0,13094361.0
2024-06-10 13:35:00,123150.8198518883,123069.1801481117,123085.0,123080.0,123090.0,123015.0,13143555.5
2024-06-10 13:40:00,123148.34556962554,123067.36871608875,123110.0,123085.0,123130.0,123085.0,7878749.5
2024-06-10 13:45:00,123119.26002347951,123053.59711937762,123040.0,122985.0,123110.0,122985.0,10408680.0
2024-06-10 13:50:00,123104.80874065451,123048.04840220262,123065.0,123100.0,123125.0,123045.0,14537580.0
2024-06-10 13:55:00,123090.93262931408,123047.63879925734,123080.0,123085.0,123100.0,123025.0,9291763.5
2024-06-10 14:00:00,123093.94000642095,123048.91713643618,123090.0,123095.0,123125.0,123035.0,9476772.0
2024-06-10 14:05:00,123095.11752404869,123060.5967616656,123075.0,123130.0,123145.0,123065.0,8272577.0
2024-06-10 14:10:00,123093.42796090491,123040.8577533808,123010.0,122965.0,123090.0,122950.0,11009625.5
2024-06-10 14:15:00,123080.45638814766,123018.11504042376,122985.0,122905.0,123035.0,122905.0,9714552.0
2024-06-10 14:20:00,123080.4366156466,122989.5633843534,122940.0,123025.0,123040.0,122915.0,10957856.0
2024-06-10 14:25:00,123069.32518092467,122974.96053336104,122975.0,122950.0,123025.0,122875.0,11411184.0
2024-06-10 14:30:00,123054.11296655601,122968.74417630112,123005.0,122985.0,123010.0,122875.0,10647231.0
2024-06-10 14:35:00,123029.33972540595,122963.51741745118,122985.0,123045.0,123055.0,122965.0,8622670.5
2024-06-10 14:40:00,123008.31286189503,122967.40142381926,123015.0,123025.0,123025.0,122955.0,7442010.0
2024-06-10 14:45:00,123034.23341531014,122962.90944183273,123085.0,123035.0,123115.0,122970.0,9388809.0
2024-06-10 14:50:00,123041.40978591196,122968.59021408804,123030.0,123060.0,123080.0,123010.0,6582359.5
2024-06-10 14:55:00,123043.73249918956,122956.26750081044,122905.0,122925.0,123005.0,122885.0,10018719.5
2024-06-10 15:00:00,123050.74765208137,122896.3952050615,122790.0,122895.0,122920.0,122775.0,12933794.5
2024-06-10 15:05:00,123035.52731033751,122858.7584039482,122820.0,122830.0,122865.0,122750.0,14798262.5
2024-06-10 15:10:00,123018.03532779912,122827.67895791517,122815.0,122795.0,122850.0,122770.0,16346012.0
2024-06-10 15:15:00,122987.12441657117,122795.73272628596,122795.0,122795.0,122865.0,122750.0,17022543.5
2024-06-10 15:20:00,122918.79213575851,122769.7792928129,122755.0,122695.0,122795.0,122660.0,14188728.0
2024-06-10 15:25:00,122847.65473549625,122773.77383593233,122795.0,122765.0,122825.0,122720.0,14917497.5
2024-06-10 15:30:00,122816.84301581608,122780.29984132679,122820.0,122755.0,122835.0,122735.0,20150074.0
2024-06-10 15:35:00,122904.10761343224,122761.60667228205,123030.0,122905.0,123115.0,122810.0,11579317.5
2024-06-10 15:40:00,122966.8933990704,122768.8208866439,123065.0,123030.0,123140.0,122975.0,11444905.5
2024-06-10 15:45:00,123002.19010569021,122790.66703716692,123015.0,123045.0,123105.0,122970.0,10212396.5
2024-06-10 15:50:00,123034.39408655399,122824.17734201743,123025.0,123030.0,123030.0,122965.0,8413169.5
2024-06-10 15:55:00,123044.94774103971,122873.62368753171,122965.0,123035.0,123050.0,122950.0,9347599.5
2024-06-10 16:00:00,123051.45263434957,122924.26165136472,122995.0,123025.0,123035.0,122965.0,7946132.5
2024-06-10 16:05:00,123042.821784506,122952.89250120829,122890.0,122935.0,122995.0,122870.0,10878632.5
2024-06-10 16:10:00,123038.8521505736,122951.1478494264,123010.0,122895.0,123010.0,122860.0,13631230.5
2024-06-10 16:15:00,123019.96064979082,122947.18220735205,122985.0,123025.0,123030.0,122915.0,8042698.5
2024-06-10 16:20:00,123014.8659784364,122945.1340215636,122990.0,122980.0,123020.0,122955.0,8879931.0
2024-06-10 16:25:00,123000.75816101885,122936.38469612402,122945.0,123000.0,123000.0,122915.0,10475894.5
2024-06-10 16:30:00,122999.10862963325,122909.46279893817,122865.0,122870.0,122935.0,122850.0,9485850.5
2024-06-10 16:35:00,122985.32114756863,122894.67885243137,122895.0,122880.0,122900.0,122850.0,9461184.0
2024-06-10 16:40:00,122992.82488043483,122908.60369099375,122965.0,122945.0,122965.0,122890.0,8666114.5
2024-06-10 16:45:00,122973.08173094603,122891.20398333968,122880.0,122915.0,122965.0,122830.0,11599992.0
2024-06-10 16:50:00,122955.72548653277,122877.13165632436,122875.0,122860.0,122880.0,122835.0,6769220.5
2024-06-10 16:55:00,122930.3793435733,122865.334942141,122860.0,122820.0,122875.0,122800.0,11509713.0
2024-06-10 17:00:00,122914.93339111103,122855.06660888897,122855.0,122905.0,122920.0,122840.0,6500542.0
2024-06-10 17:05:00,122915.80665748792,122857.05048536921,122875.0,122845.0,122880.0,122845.0,7027855.0
2024-06-10 17:10:00,122914.9774885296,122856.45108289897,122890.0,122860.0,122910.0,122835.0,6758272.5
2024-06-10 17:15:00,122880.73666027699,122859.26333972301,122855.0,122885.0,122905.0,122845.0,5086777.5
2024-06-10 17:20:00,122878.73504801163,122858.40780913124,122870.0,122870.0,122880.0,122840.0,7580434.0
2024-06-10 17:25:00,122882.70263710762,122858.72593432096,122890.0,122865.0,122900.0,122865.0,6954682.5
2024-06-10 17:30:00,122913.59039557661,122856.40960442339,122960.0,122965.0,122980.0,122885.0,15036812.5
2024-06-10 17:35:00,122932.25368024145,122866.31774832997,122955.0,122945.0,122990.0,122935.0,7549806.5
2024-06-10 17:40:00,122946.13406510613,122875.29450632245,122955.0,122955.0,122970.0,122920.0,11101062.0
2024-06-10 17:45:00,122952.3719214103,122881.9137928754,122935.0,122950.0,122980.0,122935.0,8840511.0
2024-06-10 17:50:00,122955.59707551885,122900.11721019544,122930.0,122915.0,122965.0,122910.0,13939381.5
2024-06-10 17:55:00,122958.63183300076,122919.93959557066,122950.0,122935.0,122960.0,122915.0,17002088.0
2024-06-12 10:00:00,123592.62828956364,122718.80028186494,124405.0,124175.0,124445.0,124175.0,12218076.5
2024-06-12 10:05:00,123920.39319615545,122798.17823241597,124385.0,124240.0,124465.0,124240.0,11824518.0
2024-06-12 10:10:00,124108.37641266339,122944.48073019374,124125.0,124090.0,124400.0,124090.0,12225871.5
2024-06-12 10:15:00,124191.23412809691,123094.48015761738,123770.0,123655.0,124150.0,123655.0,13502762.5
2024-06-12 10:20:00,124214.12827624213,123217.30029518645,123445.0,123500.0,123880.0,123430.0,13046094.0
2024-06-12 10:25:00,124214.3592449099,123311.3550408044,123260.0,123485.0,123490.0,123105.0,12793987.5
2024-06-12 10:30:00,124206.73805399268,123406.11908886445,123255.0,123435.0,123435.0,123160.0,12822803.0
2024-06-12 10:35:00,124024.77330199712,123070.94098371717,122595.0,123285.0,123285.0,122585.0,13470278.5
2024-06-12 10:40:00,123739.79817013751,122860.20182986249,122650.0,122865.0,122865.0,122380.0,12919471.0
2024-06-12 10:45:00,123462.50072961475,122600.35641324238,122245.0,122660.0,122660.0,122085.0,13304371.0
2024-06-12 10:50:00,123212.00629688888,122410.85084596825,122230.0,122510.0,122510.0,122180.0,12832458.5
2024-06-12 10:55:00,123001.09345057042,122196.04940657245,121955.0,122340.0,122340.0,121820.0,13351565.0
2024-06-12 11:00:00,122777.9483996903,122027.76588602399,121890.0,121985.0,121995.0,121705.0,13174389.0
2024-06-12 11:05:00,122464.92619218661,121985.07380781339,122010.0,121985.0,122015.0,121755.0,13390749.0
2024-06-12 11:10:00,122342.1705843249,121904.97227281798,121885.0,122060.0,122095.0,121845.0,13833060.5
2024-06-12 11:15:00,122170.52893710569,121928.04249146573,122130.0,122140.0,122170.0,121855.0,12835409.5
2024-06-12 11:20:00,122175.26488861664,121927.59225424049,122260.0,122260.0,122265.0,122065.0,13047872.0
2024-06-12 11:25:00,122184.31869150804,121927.10987992054,122260.0,122380.0,122400.0,122215.0,13806980.0
2024-06-12 11:30:00,122222.51617685056,121961.76953743515,122210.0,122345.0,122360.0,122145.0,13423027.5
2024-06-12 11:35:00,122234.56463815788,122015.43536184212,122120.0,122240.0,122255.0,122040.0,13643607.0
2024-06-12 11:40:00,122242.29323107979,122037.70676892021,122115.0,122150.0,122195.0,122000.0,13261485.5
2024-06-12 11:45:00,122226.84919765255,122106.00794520458,122070.0,122090.0,122135.0,122000.0,13670958.0
2024-06-12 11:50:00,122225.53339525529,122101.60946188758,122110.0,122095.0,122115.0,121955.0,13413430.0
2024-06-12 11:55:00,122193.27996123598,122078.1486101926,122065.0,122095.0,122120.0,121985.0,13145999.0
2024-06-12 12:00:00,122150.32885238806,122043.95686189765,121990.0,122090.0,122105.0,121970.0,13435831.5
2024-06-12 12:05:00,122112.0744961343,122009.35407529428,121955.0,122035.0,122040.0,121915.0,13087569.5
2024-06-12 12:10:00,122096.73211039724,121953.26788960276,121870.0,121990.0,122000.0,121825.0,13243213.5
2024-06-12 12:15:00,122067.01958076039,121927.26613352532,121920.0,121965.0,121970.0,121850.0,13836283.0
2024-06-12 12:20:00,122054.97141397448,121923.60001459694,122015.0,122065.0,122065.0,121915.0,12993804.5
2024-06-12 12:25:00,122056.6585389634,121923.3414610366,122115.0,122150.0,122175.0,121945.0,13267615.0
2024-06-12 12:30:00,122056.6585389634,121923.3414610366,122065.0,122095.0,122125.0,122035.0,12830180.5
2024-06-12 12:35:00,122085.78159168677,121931.3612654561,122120.0,122200.0,122205.0,122040.0,12776931.0
2024-06-12 12:40:00,122125.54724041317,121951.5956167297,122165.0,122150.0,122175.0,122090.0,13067888.0
2024-06-12 12:45:00,122152.48968563147,122010.36745722566,122170.0,122155.0,122190.0,122085.0,13129622.5
2024-06-12 12:50:00,122166.78947049403,122070.35338664884,122180.0,122240.0,122255.0,122140.0,13734679.0
2024-06-12 12:55:00,122169.97403060527,122105.74025510902,122150.0,122205.0,122230.0,122150.0,12426156.0
2024-06-12 13:00:00,122191.82888929639,122113.8853964179,122220.0,122230.0,122240.0,122105.0,13719706.0
2024-06-12 13:05:00,122190.94137662451,122117.63005194691,122075.0,122205.0,122225.0,122070.0,13666700.5
2024-06-12 13:10:00,122192.10625162747,122096.46517694395,122050.0,122100.0,122100.0,122015.0,13157949.5
2024-06-12 13:15:00,122184.1877995028,122087.24077192578,122105.0,122120.0,122140.0,121985.0,14026400.0
2024-06-12 13:20:00,122180.2057554555,122085.50853025878,122150.0,122150.0,122165.0,122085.0,13262861.0
2024-06-12 13:25:00,122202.63256547788,122084.51029166499,122255.0,122285.0,122290.0,122120.0,14224336.0
2024-06-12 13:30:00,122256.08414485553,122086.7729980016,122345.0,122365.0,122375.0,122240.0,13711434.5
2024-06-12 13:35:00,122306.27280156229,122088.01291272342,122400.0,122475.0,122475.0,122325.0,14341860.0
2024-06-12 13:40:00,122357.92646502577,122129.2163921171,122400.0,122455.0,122460.0,122375.0,13539857.5
2024-06-12 13:45:00,122392.97358585426,122194.16927128861,122400.0,122425.0,122430.0,122295.0,13323726.0
2024-06-12 13:50:00,122444.20526294496,122258.65187991217,122510.0,122535.0,122535.0,122315.0,13638144.0
2024-06-12 13:55:00,122438.72310221124,122309.84832636018,122310.0,122540.0,122540.0,122300.0,14125213.0
2024-06-12 14:00:00,122446.37631247104,122275.05225895754,122160.0,122370.0,122375.0,122130.0,14670004.0
2024-06-12 14:05:00,122441.47825452591,122212.8074597598,122110.0,122190.0,122195.0,122080.0,14216991.0
2024-06-12 14:10:00,122413.11598669636,122165.45544187506,122135.0,122220.0,122225.0,122100.0,13694787.0
2024-06-12 14:15:00,122374.97453949075,122120.73974622354,122110.0,122150.0,122155.0,122065.0,14250720.5
2024-06-12 14:20:00,122343.00333581217,122111.28237847354,122255.0,122245.0,122255.0,122100.0,13621119.0
2024-06-12 14:25:00,122243.50035912482,122122.21392658947,122200.0,122260.0,122280.0,122165.0,13920013.5
2024-06-12 14:30:00,122241.6962312901,122122.58948299561,122305.0,122315.0,122315.0,122185.0,14619071.5
2024-06-12 14:35:00,122289.5268683917,122131.90170303689,122360.0,122430.0,122430.0,122290.0,14881277.0
2024-06-12 14:40:00,122339.57361588455,122164.71209840116,122400.0,122410.0,122415.0,122325.0,13705964.5
2024-06-12 14:45:00,122377.6814907752,122203.74708065338,122405.0,122435.0,122440.0,122370.0,14456952.0
2024-06-12 14:50:00,122391.61505357701,122266.9563749944,122380.0,122425.0,122430.0,122215.0,14949979.5
2024-06-12 14:55:00,122404.95506773313,122289.33064655258,122380.0,122460.0,122465.0,122300.0,13459710.5
2024-06-12 15:00:00,122413.52990070375,122262.18438501054,122135.0,122380.0,122380.0,122010.0,11065918.5
2024-06-12 15:05:00,122409.52516891448,122247.61768822839,122240.0,122295.0,122295.0,122060.0,11167260.5
2024-06-12 15:10:00,122396.97531160127,122180.1675455416,122080.0,122290.0,122290.0,122075.0,11593383.5
2024-06-12 15:15:00,122369.77585495546,122167.36700218741,122260.0,122295.0,122295.0,122025.0,12265741.5
2024-06-12 15:20:00,122327.46058895078,122143.9679824778,122175.0,122305.0,122305.0,122130.0,12490453.5
2024-06-12 15:25:00,122291.94795565265,122138.05204434735,122235.0,122260.0,122260.0,122135.0,12806836.5
2024-06-12 15:30:00,122232.32246676758,122113.39181894671,122085.0,122330.0,122330.0,122035.0,13525576.0
2024-06-12 15:35:00,122231.33898402665,122110.08958740193,122120.0,122130.0,122130.0,121880.0,14031476.0
2024-06-12 15:40:00,122233.41119603858,121972.30308967571,121765.0,122145.0,122145.0,121680.0,13278425.0
2024-06-12 15:45:00,122252.71053481194,121763.00375090235,121415.0,121810.0,121810.0,121390.0,14452331.5
2024-06-12 15:50:00,122166.93858316368,121633.06141683632,121505.0,121600.0,121605.0,121325.0,14503649.0
2024-06-12 15:55:00,122084.97493752696,121577.88220533017,121695.0,121755.0,121770.0,121480.0,14576037.5
2024-06-12 16:00:00,121978.64817583218,121557.06610988211,121790.0,121820.0,121825.0,121615.0,13669178.0
2024-06-12 16:05:00,121893.5564992543,121535.01492931713,121710.0,121795.0,121805.0,121565.0,13741258.5
2024-06-12 16:10:00,121799.68569699588,121550.31430300412,121845.0,121890.0,121895.0,121660.0,12918501.0
2024-06-12 16:15:00,121854.93919928184,121552.20365786103,121965.0,122010.0,122010.0,121800.0,13775765.0
2024-06-12 16:20:00,121860.37303026734,121633.91268401837,121720.0,122025.0,122025.0,121650.0,13504608.0
2024-06-12 16:25:00,121853.60940316845,121680.67631111726,121645.0,121840.0,121850.0,121565.0,13385329.5
2024-06-12 16:30:00,121861.9912199189,121696.58020865252,121780.0,121805.0,121805.0,121580.0,13435134.0
2024-06-12 16:35:00,121860.48115183177,121695.23313388252,121780.0,121935.0,121945.0,121735.0,13669244.0
2024-06-12 16:40:00,121868.4300211649,121710.14140740653,121790.0,121820.0,121825.0,121730.0,13517599.5
2024-06-12 16:45:00,121877.91341094265,121712.08658905735,121885.0,121915.0,121925.0,121795.0,12612840.5
2024-06-12 16:50:00,121862.4168583381,121714.72599880477,121920.0,122010.0,122010.0,121855.0,14327139.5
2024-06-12 16:55:00,121887.7293713407,121737.98491437359,121890.0,121995.0,121995.0,121835.0,13484375.5
2024-06-12 17:00:00,121904.33436837622,121799.95134590949,121920.0,121990.0,121990.0,121865.0,12974379.0
2024-06-12 17:05:00,121904.38215941333,121802.76069772954,121790.0,121925.0,121925.0,121765.0,14695156.0
2024-06-12 17:10:00,121908.85215058348,121821.14784941652,121860.0,121905.0,121905.0,121780.0,14013477.5
2024-06-12 17:15:00,121908.4639203281,121825.82179395761,121805.0,121930.0,121930.0,121765.0,14438423.0
2024-06-12 17:20:00,121905.13306356296,121823.43836500846,121865.0,121900.0,121900.0,121795.0,12734322.0
2024-06-12 17:25:00,121886.56163499173,121804.86693643685,121790.0,121860.0,121860.0,121740.0,14727601.5
2024-06-12 17:30:00,121873.926763478,121766.073236522,121710.0,121830.0,121830.0,121710.0,14661535.5
2024-06-12 17:35:00,121846.72798193182,121704.70058949676,121610.0,121745.0,121745.0,121590.0,14878669.0
2024-06-12 17:40:00,121837.0047766026,121655.85236625453,121585.0,121660.0,121660.0,121560.0,12648561.0
2024-06-12 17:45:00,121802.49651682086,121636.07491175056,121670.0,121675.0,121675.0,121570.0,13401158.0
2024-06-12 17:50:00,121773.40987053604,121602.30441517825,121585.0,121685.0,121685.0,121565.0,11564545.0
2024-06-12 17:55:00,121710.21873705245,121576.92412009042,121555.0,121630.0,121630.0,121535.0,11525431.5
2024-06-13 10:00:00,121702.87526453457,121578.55330689401,121770.0,121830.0,121835.0,121660.0,11858073.5
2024-06-13 10:05:00,121759.49148177198,121570.50851822802,121880.0,121830.0,121940.0,121760.0,11905259.5
2024-06-13 10:10:00,121858.85299523755,121585.43271904816,122010.0,121855.0,122015.0,121780.0,11960362.5
2024-06-13 10:15:00,121913.59001703079,121632.1242686835,121940.0,121930.0,122140.0,121910.0,11676358.5
2024-06-13 10:20:00,121946.785961982,121666.07118087514,121905.0,121910.0,122075.0,121895.0,12391902.5
2024-06-13 10:25:00,121976.67991156376,121736.17723129338,121935.0,121830.0,121955.0,121690.0,12426116.5
2024-06-13 10:30:00,121988.52006397024,121855.76565031547,122015.0,121830.0,122030.0,121820.0,11913856.0
2024-06-13 10:35:00,121985.58794567593,121905.84062575265,121935.0,121905.0,122115.0,121780.0,11740785.5
2024-06-13 10:40:00,121992.49843725172,121873.21584846257,121790.0,121830.0,121970.0,121765.0,11333138.5
2024-06-13 10:45:00,121968.47975077522,121827.23453493907,121765.0,121820.0,121830.0,121580.0,12343928.5
2024-06-13 10:50:00,121957.48234305107,121751.08908552035,121635.0,121805.0,121825.0,121620.0,12181337.0
2024-06-13 10:55:00,121942.71218247025,121645.85924610117,121485.0,121640.0,121645.0,121445.0,12579564.5
2024-06-13 11:00:00,121895.52929715981,121597.32784569732,121600.0,121645.0,121645.0,121435.0,12300458.5
2024-06-13 11:05:00,121804.586865369,121556.84170605958,121555.0,121610.0,121625.0,121520.0,11732171.0
2024-06-13 11:10:00,121728.70832478597,121434.14881807116,121240.0,121550.0,121550.0,121235.0,12633880.0
2024-06-13 11:15:00,121659.72260583694,121353.13453702019,121265.0,121370.0,121375.0,121155.0,12575708.0
2024-06-13 11:20:00,121572.43986920157,121280.41727365556,121205.0,121350.0,121355.0,121135.0,12524877.0
2024-06-13 11:25:00,121502.98738400552,121221.29833028019,121185.0,121280.0,121280.0,121145.0,12847597.5
2024-06-13 11:30:00,121460.47703969815,121170.95153173043,121160.0,121250.0,121250.0,121115.0,13355192.0
2024-06-13 11:35:00,121367.65972770548,121155.19741515165,121220.0,121230.0,121240.0,121150.0,12302731.5
2024-06-13 11:40:00,121236.88921542003,121178.82507029426,121180.0,121225.0,121225.0,121070.0,13362237.5
2024-06-13 11:45:00,121229.63597297748,121176.0783127368,121205.0,121260.0,121265.0,121175.0,12230306.5
2024-06-13 11:50:00,121235.5399179869,121174.4600820131,121280.0,121310.0,121310.0,121205.0,13083225.0
2024-06-13 11:55:00,121256.91313208,121177.37258220572,121290.0,121335.0,121335.0,121205.0,13110036.0
2024-06-13 12:00:00,121259.6438895818,121183.21325327533,121215.0,121320.0,121320.0,121210.0,13035064.0
2024-06-13 12:05:00,121264.85577352751,121156.57279790107,121085.0,121240.0,121240.0,121075.0,12925193.5
2024-06-13 12:10:00,121257.55312052462,121121.0183080468,121070.0,121165.0,121165.0,121045.0,13272815.5
2024-06-13 12:15:00,121274.34302804063,121129.94268624508,121270.0,121295.0,121295.0,121025.0,14014101.5
2024-06-13 12:20:00,121359.205567144,121129.36586142742,121500.0,121510.0,121510.0,121205.0,14158855.5
2024-06-13 12:25:00,121529.85550471157,121113.00163814556,121820.0,121830.0,121885.0,121455.0,13974768.5
2024-06-13 12:30:00,121639.98667226791,121142.87047058922,121780.0,121830.0,122050.0,121685.0,14212772.5
2024-06-13 12:35:00,121686.05563238,121196.80151047713,121565.0,121830.0,121870.0,121540.0,14079131.0
2024-06-13 12:40:00,121729.45560506679,121303.40153779034,121610.0,121640.0,121655.0,121495.0,12923078.5
2024-06-13 12:45:00,121742.7074555687,121451.57825871701,121635.0,121675.0,121685.0,121540.0,12612535.0
2024-06-13 12:50:00,121747.89656980571,121566.38914448,121690.0,121695.0,121725.0,121610.0,12299833.0
2024-06-13 12:55:00,121768.92698195331,121618.21587518956,121755.0,121820.0,121820.0,121675.0,12867684.0
2024-06-13 13:00:00,121751.42230004519,121618.57769995481,121760.0,121830.0,121835.0,121670.0,12845282.0
2024-06-13 13:05:00,121772.29640389937,121616.27502467205,121845.0,121830.0,121865.0,121760.0,12767783.0
2024-06-13 13:10:00,121795.00334972108,121659.28236456463,121795.0,121830.0,121940.0,121790.0,13428244.0
2024-06-13 13:15:00,121798.62041729722,121689.9510112742,121730.0,121795.0,121805.0,121655.0,13585660.5
2024-06-13 13:20:00,121796.88108064022,121714.54749078836,121715.0,121830.0,121835.0,121670.0,13233633.0
2024-06-13 13:25:00,121799.24966412062,121699.3217644508,121645.0,121760.0,121765.0,121615.0,13189001.0
2024-06-13 13:30:00,121795.93973090398,121695.4888405246,121730.0,121730.0,121750.0,121605.0,12737297.5
2024-06-13 13:35:00,121788.46207855121,121684.39506430592,121695.0,121755.0,121755.0,121670.0,12426356.0
2024-06-13 13:40:00,121751.6689181009,121651.18822475623,121600.0,121710.0,121715.0,121575.0,13248882.5
2024-06-13 13:45:00,121723.16631784903,121646.83368215097,121680.0,121675.0,121685.0,121555.0,13302573.5
2024-06-13 13:50:00,121782.45232806363,121634.69052907923,121895.0,121830.0,121950.0,121680.0,14133667.0
2024-06-13 13:55:00,121817.644536653,121642.355463347,121865.0,121830.0,121970.0,121800.0,14150265.0
2024-06-13 14:00:00,121861.18901233598,121671.66813052115,121900.0,121830.0,121995.0,121770.0,12652011.0
2024-06-13 14:05:00,121885.94074039486,121688.34497389085,121875.0,121865.0,121940.0,121830.0,12261614.0
2024-06-13 14:10:00,121924.227322573,121720.05839171271,121940.0,121865.0,121965.0,121855.0,12397883.0
2024-06-13 14:15:00,121918.6948860317,121779.87654253971,121790.0,121830.0,121980.0,121775.0,12312430.0
2024-06-13 14:20:00,121909.51536490525,121830.48463509475,121825.0,121830.0,121840.0,121775.0,13836588.5
2024-06-13 14:25:00,121900.8769817326,121799.1230182674,121755.0,121830.0,121845.0,121735.0,13385214.0
2024-06-13 14:30:00,121894.20396251122,121755.79603748878,121690.0,121745.0,121755.0,121655.0,14117784.0
2024-06-13 14:35:00,121869.20396251135,121730.79603748865,121725.0,121725.0,121730.0,121630.0,13749841.5
2024-06-13 14:40:00,121848.68243121171,121719.88899735971,121765.0,121765.0,121780.0,121695.0,12927734.0
2024-06-13 14:45:00,121788.92843203487,121703.92871082226,121675.0,121785.0,121785.0,121665.0,12950482.5
2024-06-13 14:50:00,121776.04525947971,121695.38331194887,121715.0,121740.0,121755.0,121675.0,12561794.0
2024-06-13 14:55:00,121757.33697152535,121698.37731418894,121770.0,121790.0,121795.0,121700.0,13440108.0
2024-06-13 15:00:00,121759.8623757139,121698.70905285752,121765.0,121830.0,121850.0,121750.0,13055910.0
2024-06-13 15:05:00,121813.54300850313,121703.59984863974,121895.0,121850.0,121905.0,121725.0,12792394.5
2024-06-13 15:10:00,121817.28957709628,121709.85328004659,121760.0,121830.0,121910.0,121755.0,13208313.0
2024-06-13 15:15:00,121811.75795791172,121699.67061351686,121710.0,121770.0,121780.0,121695.0,13135637.5
2024-06-13 15:20:00,121816.35381463086,121719.36047108343,121760.0,121780.0,121780.0,121665.0,13402314.0
2024-06-13 15:25:00,121817.59248063057,121725.26466222656,121740.0,121830.0,121860.0,121725.0,13862423.5
2024-06-13 15:30:00,121824.71228392502,121729.57343036069,121810.0,121830.0,121870.0,121720.0,13558374.5
2024-06-13 15:35:00,121820.9061659562,121716.23669118667,121705.0,121815.0,121820.0,121695.0,13820372.5
2024-06-13 15:40:00,121805.55030545949,121720.1639802548,121855.0,121830.0,121865.0,121705.0,13812521.5
2024-06-13 15:45:00,121828.72847623925,121725.55723804646,121860.0,121830.0,121880.0,121830.0,12819147.5
2024-06-13 15:50:00,121839.76100855102,121745.95327716327,121820.0,121830.0,121940.0,121820.0,13516818.5
2024-06-13 15:55:00,121848.31487309842,121755.97084118729,121825.0,121830.0,121900.0,121815.0,12879490.0
2024-06-13 16:00:00,121856.07577824364,121773.92422175636,121830.0,121830.0,121855.0,121785.0,13997631.5
2024-06-13 16:05:00,121853.49470347751,121769.36243937962,121785.0,121830.0,121885.0,121775.0,13268178.0
2024-06-13 16:10:00,121848.64118876445,121787.07309694984,121750.0,121830.0,121830.0,121750.0,13142416.5
2024-06-13 16:15:00,121836.88921541246,121778.82507030183,121785.0,121800.0,121800.0,121710.0,13831139.0
2024-06-13 16:20:00,121822.66057386568,121777.33942613432,121805.0,121830.0,121830.0,121780.0,12923506.0
2024-06-13 16:25:00,121815.845672609,121769.8686131053,121770.0,121830.0,121835.0,121760.0,13336951.5
2024-06-13 16:30:00,121811.23967135933,121730.18890006925,121670.0,121775.0,121775.0,121670.0,13435918.0
2024-06-13 16:35:00,121797.07318380826,121727.21253047745,121770.0,121775.0,121775.0,121660.0,13717378.0
2024-06-13 16:40:00,121788.54236217425,121715.74335211146,121715.0,121800.0,121800.0,121680.0,14584451.5
2024-06-13 16:45:00,121784.52807946873,121699.75763481698,121680.0,121735.0,121735.0,121655.0,13885535.5
2024-06-13 16:50:00,121772.75895224913,121692.95533346516,121720.0,121720.0,121720.0,121655.0,13677745.5
2024-06-13 16:55:00,121751.62317852305,121654.09110719124,121595.0,121715.0,121715.0,121570.0,13685682.0
2024-06-13 17:00:00,121734.47632649653,121598.3808163606,121515.0,121645.0,121645.0,121460.0,13978080.0
2024-06-13 17:05:00,121733.94194429232,121517.48662713626,121385.0,121525.0,121525.0,121375.0,14038676.0
2024-06-13 17:10:00,121686.00883312998,121461.13402401289,121405.0,121425.0,121425.0,121340.0,14129211.5
2024-06-13 17:15:00,121640.7686116939,121429.2313883061,121445.0,121445.0,121445.0,121375.0,14740412.0
2024-06-13 17:20:00,121594.59160512284,121401.12268059145,121420.0,121445.0,121445.0,121395.0,13392675.5
2024-06-13 17:25:00,121512.89248501444,121392.82180069985,121405.0,121425.0,121435.0,121375.0,13985672.0
2024-06-13 17:30:00,121458.9004825852,121385.38523170051,121380.0,121465.0,121465.0,121370.0,14896891.0
2024-06-13 17:35:00,121423.52744532136,121370.75826896435,121340.0,121365.0,121380.0,121320.0,13822190.0
2024-06-13 17:40:00,121424.042384288,121371.67190142629,121390.0,121390.0,121395.0,121330.0,13240923.5
2024-06-13 17:45:00,121428.12849361054,121373.30007781804,121425.0,121440.0,121440.0,121380.0,13489170.0
2024-06-13 17:50:00,121416.19894542568,121370.94391171719,121395.0,121440.0,121440.0,121370.0,14033943.0
2024-06-13 17:55:00,121409.2636377946,121367.87921934827,121385.0,121420.0,121420.0,121355.0,13293492.0
2024-06-14 10:00:00,121416.35247140109,121306.50467145604,121215.0,121300.0,121365.0,121155.0,12077652.5
2024-06-14 10:05:00,121411.47581099648,121245.6670461464,121150.0,121300.0,121330.0,121150.0,12332451.0
2024-06-14 10:10:00,121402.43551443244,121180.4216284247,121080.0,121265.0,121285.0,121060.0,12405398.5
2024-06-14 10:15:00,121373.4507530448,121077.97781838378,120930.0,121105.0,121105.0,120870.0,12314739.5
2024-06-14 10:20:00,121309.2163396323,120979.35508893912,120855.0,121025.0,121025.0,120845.0,13009594.5
2024-06-14 10:25:00,121229.0624890934,120863.79465376373,120710.0,120875.0,120880.0,120635.0,13487527.5
2024-06-14 10:30:00,121112.2638355131,120797.7361644869,120745.0,120770.0,120770.0,120590.0,12854371.5
2024-06-14 10:35:00,121034.64422865564,120776.78434277294,120870.0,120870.0,120870.0,120670.0,12501850.5
2024-06-14 10:40:00,120954.23523769468,120757.1933337339,120800.0,120945.0,120945.0,120755.0,12580355.0
2024-06-14 10:45:00,120875.04157603701,120754.95842396299,120795.0,120845.0,120845.0,120705.0,12198852.0
2024-06-14 10:50:00,120835.29283526346,120727.56430759367,120695.0,120865.0,120865.0,120670.0,12655939.0
2024-06-14 10:55:00,120811.08254613966,120708.91745386034,120705.0,120810.0,120810.0,120650.0,12327411.0
2024-06-14 11:00:00,120810.55402269385,120699.44597730615,120675.0,120770.0,120780.0,120600.0,11969984.0
2024-06-14 11:05:00,120805.64600326373,120672.9254253077,120635.0,120760.0,120760.0,120620.0,12116885.0
2024-06-14 11:10:00,120762.38349165978,120664.75936548309,120690.0,120735.0,120735.0,120620.0,11549292.0
2024-06-14 11:15:00,120739.18339932256,120662.24517210602,120710.0,120825.0,120825.0,120665.0,12460513.5
2024-06-14 11:20:00,120770.31200411226,120652.54513874487,120870.0,120890.0,120895.0,120700.0,12526598.5
2024-06-14 11:25:00,120856.84569128639,120651.72573728503,120995.0,121045.0,121045.0,120845.0,13012785.0
2024-06-14 11:30:00,120880.54811607186,120670.88045535672,120855.0,120990.0,120995.0,120820.0,12660378.5
2024-06-14 11:35:00,120906.07645312764,120702.49497544378,120875.0,120900.0,120900.0,120735.0,12589070.0
2024-06-14 11:40:00,120922.35598185798,120754.78687528489,120875.0,120910.0,120910.0,120780.0,12894710.5
2024-06-14 11:45:00,120931.63886396922,120799.78970745936,120880.0,120900.0,120900.0,120815.0,11759333.5
2024-06-14 11:50:00,121060.76798602009,120827.80344255133,121260.0,121275.0,121285.0,120875.0,13206711.0
2024-06-14 11:55:00,121262.34053394818,120827.65946605182,121575.0,121300.0,121585.0,121215.0,12695562.0
2024-06-14 12:00:00,121487.71978608728,120845.13735676985,121845.0,121570.0,121920.0,121570.0,13454233.5
2024-06-14 12:05:00,121718.98938684666,120946.72489886763,122020.0,121830.0,122075.0,121830.0,13928167.0
2024-06-14 12:10:00,121884.28061661113,121100.00509767458,121990.0,121930.0,122120.0,121930.0,13190650.5
2024-06-14 12:15:00,121985.32934538559,121300.3849403287,121930.0,121905.0,122010.0,121905.0,13243756.0
2024-06-14 12:20:00,122015.0401023046,121573.53132626682,121940.0,121930.0,122000.0,121930.0,13403881.0
2024-06-14 12:25:00,121996.6017796011,121760.54107754177,121850.0,121790.0,121950.0,121785.0,13125397.0
2024-06-14 12:30:00,121982.83198665862,121808.59658476996,121695.0,121695.0,121860.0,121690.0,13866853.5
2024-06-14 12:35:00,121979.82085337734,121771.60771805124,121705.0,121665.0,121795.0,121660.0,13996108.0
2024-06-14 12:40:00,121933.49974945244,121700.78596483327,121610.0,121515.0,121735.0,121505.0,13424884.0
2024-06-14 12:45:00,121877.88062451452,121622.11937548548,121520.0,121515.0,121640.0,121495.0,12607316.0
2024-06-14 12:50:00,121823.27974344525,121596.72025655475,121650.0,121545.0,121665.0,121520.0,12864280.0
2024-06-14 12:55:00,121755.08451931392,121594.91548068608,121695.0,121560.0,121720.0,121555.0,12539296.5
2024-06-14 13:00:00,121715.35125566814,121600.36303004615,121730.0,121630.0,121740.0,121630.0,12934385.5
2024-06-14 13:05:00,121712.36241677857,121599.06615465,121680.0,121645.0,121745.0,121635.0,12265712.5
2024-06-14 13:10:00,121714.77351256824,121599.51220171747,121715.0,121690.0,121795.0,121680.0,12636967.0
2024-06-14 13:15:00,121722.54846566202,121611.73724862369,121680.0,121625.0,121720.0,121625.0,12326937.0
2024-06-14 13:20:00,121709.86559578181,121660.13440421819,121645.0,121625.0,121735.0,121620.0,12215623.0
2024-06-14 13:25:00,121712.63713849346,121643.07714722083,121600.0,121555.0,121655.0,121555.0,12416350.5
2024-06-14 13:30:00,121707.5280905363,121608.18619517799,121555.0,121530.0,121645.0,121530.0,12002031.5
2024-06-14 13:35:00,121683.99156676249,121593.15129038038,121595.0,121555.0,121635.0,121555.0,12547598.0
2024-06-14 13:40:00,121693.34023530116,121593.8026218417,121715.0,121575.0,121720.0,121575.0,12029834.0
2024-06-14 13:45:00,121672.62274734437,121585.94868122705,121615.0,121605.0,121740.0,121600.0,13151379.0
2024-06-14 13:50:00,121656.14670973078,121572.42471884064,121575.0,121560.0,121625.0,121555.0,12026064.0
2024-06-14 13:55:00,121644.79785829122,121555.20214170878,121545.0,121535.0,121590.0,121530.0,11961789.5
2024-06-14 14:00:00,121639.74643941071,121530.25356058929,121495.0,121480.0,121600.0,121465.0,12846146.5
2024-06-14 14:05:00,121639.33893522379,121529.23249334763,121550.0,121465.0,121590.0,121465.0,13974720.0
2024-06-14 14:10:00,121647.13495475063,121532.86504524937,121635.0,121560.0,121665.0,121550.0,13632663.5
2024-06-14 14:15:00,121601.75653358926,121512.52918069645,121485.0,121465.0,121650.0,121460.0,13140976.5
2024-06-14 14:20:00,121593.35467313652,121438.07389829206,121325.0,121300.0,121525.0,121270.0,12959973.5
2024-06-14 14:25:00,121572.1229924126,121410.73415044454,121405.0,121325.0,121410.0,121315.0,12877034.5
2024-06-14 14:30:00,121553.58519137377,121390.70052291194,121410.0,121330.0,121470.0,121325.0,12965173.0
2024-06-14 14:35:00,121539.84048297904,121347.30237416383,121295.0,121300.0,121445.0,121275.0,13179169.5
2024-06-14 14:40:00,121506.5972341054,121271.97419446602,121170.0,121300.0,121320.0,121100.0,12823383.5
2024-06-14 14:45:00,121419.95690389408,121217.18595324879,121140.0,121265.0,121275.0,121105.0,12397954.0
2024-06-14 14:50:00,121363.84932187124,121177.57924955734,121150.0,121165.0,121170.0,121055.0,13189096.5
2024-06-14 14:55:00,121341.88261936649,121138.11738063351,121110.0,121180.0,121185.0,121030.0,12981656.5
2024-06-14 15:00:00,121286.64834470786,121103.35165529214,121090.0,121165.0,121170.0,121055.0,12328615.5
2024-06-14 15:05:00,121205.29810939326,121083.27331917816,121055.0,121145.0,121150.0,121020.0,12446975.5
2024-06-14 15:10:00,121148.1811708822,121086.1045434035,121105.0,121110.0,121115.0,121015.0,12082013.0
2024-06-14 15:15:00,121183.87916563635,121077.54940579223,121265.0,121285.0,121295.0,121085.0,12709125.0
2024-06-14 15:20:00,121203.19718755498,121082.51709815931,121225.0,121245.0,121265.0,121160.0,12714831.5
2024-06-14 15:25:00,121230.0036508558,121088.56777771562,121265.0,121290.0,121295.0,121220.0,13229019.0
2024-06-14 15:30:00,121296.71124506694,121103.28875493306,121395.0,121300.0,121410.0,121225.0,13502842.5
2024-06-14 15:35:00,121348.39228195099,121140.17914662043,121400.0,121355.0,121475.0,121355.0,13890657.5
2024-06-14 15:40:00,121368.7043994203,121202.72417200828,121345.0,121300.0,121400.0,121240.0,14035392.5
2024-06-14 15:45:00,121461.14077786094,121254.57350785335,121610.0,121320.0,121630.0,121320.0,14528575.0
2024-06-14 15:50:00,121495.32295493681,121286.10561649177,121495.0,121440.0,121610.0,121435.0,13085022.0
2024-06-14 15:55:00,121508.76510212073,121334.0920407364,121440.0,121390.0,121495.0,121390.0,13431911.0
2024-06-14 16:00:00,121522.84025967796,121384.3025974649,121490.0,121375.0,121505.0,121375.0,13433468.0
2024-06-14 16:05:00,121552.06121952833,121405.08163761454,121570.0,121470.0,121580.0,121465.0,13403455.5
2024-06-14 16:10:00,121558.25095692031,121421.74904307969,121480.0,121465.0,121600.0,121460.0,14183082.0
2024-06-14 16:15:00,121559.27906485659,121467.86379228628,121510.0,121465.0,121545.0,121460.0,12612433.5
2024-06-14 16:20:00,121525.21782758349,121460.4964581308,121465.0,121460.0,121520.0,121460.0,13084531.5
2024-06-14 16:25:00,121540.2993673827,121463.98634690301,121560.0,121420.0,121580.0,121415.0,14881881.5
2024-06-14 16:30:00,121540.69999275812,121475.01429295617,121480.0,121440.0,121560.0,121440.0,13399871.5
2024-06-14 16:35:00,121539.48822106289,121470.51177893711,121470.0,121470.0,121535.0,121465.0,13534677.0
2024-06-14 16:40:00,121517.13609895071,121454.29247247787,121435.0,121420.0,121480.0,121420.0,13117548.5
2024-06-14 16:45:00,121517.13609895071,121454.29247247787,121480.0,121440.0,121510.0,121435.0,13155177.5
2024-06-14 16:50:00,121519.50354186927,121454.78217241644,121520.0,121460.0,121580.0,121460.0,13402264.0
2024-06-14 16:55:00,121533.93833471557,121463.2045224273,121545.0,121465.0,121550.0,121465.0,12563690.0
2024-06-14 17:00:00,121519.25226990845,121462.17630152013,121505.0,121505.0,121570.0,121500.0,12845741.5
2024-06-14 17:05:00,121517.58457577952,121456.70113850619,121455.0,121440.0,121530.0,121440.0,13400393.5
2024-06-14 17:10:00,121516.63548877554,121453.36451122446,121455.0,121420.0,121475.0,121420.0,12582449.5
2024-06-14 17:15:00,121517.18219526687,121448.53209044742,121420.0,121410.0,121465.0,121405.0,14160018.5
2024-06-14 17:20:00,121514.04007432904,121441.67421138525,121445.0,121400.0,121445.0,121400.0,16038938.0
2024-06-14 17:25:00,121501.95679858566,121435.18605855721,121455.0,121445.0,121495.0,121445.0,13568138.5
2024-06-14 17:30:00,121478.31286192419,121437.4014237901,121470.0,121460.0,121485.0,121460.0,13009457.5
2024-06-14 17:35:00,121478.31286192419,121437.4014237901,121505.0,121455.0,121515.0,121455.0,13119378.0
2024-06-14 17:40:00,121482.86700411767,121439.99013873946,121480.0,121465.0,121540.0,121465.0,12878710.0
2024-06-14 17:45:00,121496.49782727314,121443.50217272686,121515.0,121475.0,121525.0,121475.0,11481531.0
2024-06-14 17:50:00,121503.59874073596,121460.68697354975,121505.0,121470.0,121520.0,121470.0,11481316.5
2024-06-14 17:55:00,121513.88024649947,121473.2626106434,121525.0,121515.0,121555.0,121510.0,10281355.0
2024-06-18 10:00:00,121618.15097988618,121167.56330582811,120750.0,120590.0,120775.0,120580.0,11258477.5
2024-06-18 10:05:00,121576.63313553148,121066.22400732565,120970.0,120725.0,120985.0,120720.0,11914779.5
2024-06-18 10:10:00,121509.8903798055,120978.68104876592,120965.0,120910.0,121120.0,120905.0,11595163.0
2024-06-18 10:15:00,121427.36537625048,120868.3489094638,120805.0,120765.0,120995.0,120765.0,12017091.5
2024-06-18 10:20:00,121306.15676128745,120766.70038156968,120735.0,120700.0,120840.0,120700.0,12137425.0
2024-06-18 10:25:00,121153.00371436357,120709.85342849356,120770.0,120605.0,120780.0,120605.0,13393769.0
2024-06-18 10:30:00,120914.448855867,120758.40828699013,120860.0,120725.0,120930.0,120725.0,11938050.5
2024-06-18 10:35:00,120959.88200715985,120787.26084998302,121010.0,120785.0,121015.0,120785.0,12112948.0
2024-06-18 10:40:00,121174.43991169732,120735.56008830268,121540.0,121005.0,121550.0,121005.0,13189332.5
2024-06-18 10:45:00,121391.41404653197,120742.87166775374,121750.0,121525.0,121815.0,121510.0,13456894.0
2024-06-18 10:50:00,121545.4625421611,120837.39460069603,121675.0,121650.0,121845.0,121640.0,13249660.5
2024-06-18 10:55:00,121700.3950970132,120989.6049029868,121810.0,121595.0,121815.0,121585.0,12887229.0
2024-06-18 11:00:00,121763.3843568839,121168.04421454469,121615.0,121615.0,121835.0,121590.0,12010368.5
2024-06-18 11:05:00,121767.2616562062,121347.0240580795,121500.0,121465.0,121635.0,121465.0,12700265.5
2024-06-18 11:10:00,121735.28281435616,121459.00289992955,121290.0,121260.0,121505.0,121255.0,12668050.0
2024-06-18 11:15:00,121726.90968885228,121410.2331682906,121340.0,121285.0,121400.0,121275.0,12424326.5
2024-06-18 11:20:00,121666.06215286159,121326.79498999554,121245.0,121210.0,121425.0,121210.0,12606079.5
2024-06-18 11:25:00,121615.60845425002,121297.24868860711,121395.0,121185.0,121400.0,121185.0,12263773.5
2024-06-18 11:30:00,121491.98895316878,121289.4396182598,121350.0,121335.0,121485.0,121330.0,12782870.5
2024-06-18 11:35:00,121471.9795691858,121293.73471652849,121560.0,121350.0,121575.0,121350.0,12332821.5
2024-06-18 11:40:00,121455.58619481181,121291.55666233106,121435.0,121420.0,121585.0,121405.0,12865567.0
2024-06-18 11:45:00,121459.59501346752,121304.69070081819,121350.0,121355.0,121495.0,121350.0,13341749.5
2024-06-18 11:50:00,121458.79211431372,121302.63645711486,121330.0,121225.0,121365.0,121220.0,13111579.5
2024-06-18 11:55:00,121465.57566333168,121341.56719381119,121405.0,121310.0,121415.0,121295.0,11599547.5
2024-06-18 12:00:00,121459.51687379318,121321.9116976354,121305.0,121290.0,121410.0,121290.0,12436742.5
2024-06-18 12:05:00,121456.84940793586,121308.86487777843,121295.0,121225.0,121360.0,121225.0,12383516.5
2024-06-18 12:10:00,121388.991576507,121299.57985206442,121290.0,121270.0,121345.0,121255.0,11850775.5
2024-06-18 12:15:00,121398.15705131552,121297.55723439877,121460.0,121305.0,121470.0,121285.0,12575761.5
2024-06-18 12:20:00,121407.69820217637,121302.30179782363,121400.0,121370.0,121470.0,121370.0,12166108.0
2024-06-18 12:25:00,121421.73868708314,121312.54702720257,121415.0,121380.0,121455.0,121380.0,12226167.5
2024-06-18 12:30:00,121440.20052106881,121314.0851932169,121475.0,121410.0,121500.0,121390.0,11890283.5
2024-06-18 12:35:00,121471.65853896679,121338.34146103321,121500.0,121445.0,121535.0,121440.0,12718344.5
2024-06-18 12:40:00,121482.16887787245,121372.11683641326,121450.0,121405.0,121510.0,121385.0,11755752.5
2024-06-18 12:45:00,121474.16031759277,121417.2682538358,121420.0,121380.0,121490.0,121380.0,12725978.5
2024-06-18 12:50:00,121467.95910653715,121403.46946489143,121390.0,121350.0,121430.0,121340.0,12149376.0
2024-06-18 12:55:00,121470.89558302179,121379.10441697821,121325.0,121300.0,121400.0,121300.0,12280271.5
2024-06-18 13:00:00,121470.31972127294,121378.25170729848,121410.0,121345.0,121420.0,121330.0,12817024.0
2024-06-18 13:05:00,121466.6389300214,121377.6467842643,121460.0,121370.0,121495.0,121365.0,12167440.5
2024-06-18 13:10:00,121445.23968664656,121374.76031335344,121415.0,121415.0,121485.0,121400.0,12823482.5
2024-06-18 13:15:00,121431.99809934474,121362.28761494097,121360.0,121350.0,121455.0,121345.0,13244138.5
2024-06-18 13:20:00,121427.50167491595,121359.64118222691,121395.0,121335.0,121415.0,121330.0,11469046.5
2024-06-18 13:25:00,121423.97854141724,121347.45003001134,121335.0,121325.0,121395.0,121325.0,11784399.5
2024-06-18 13:30:00,121424.29056878794,121344.28085978348,121315.0,121285.0,121370.0,121280.0,11611106.5
2024-06-18 13:35:00,121422.2966624672,121343.41762324709,121400.0,121305.0,121420.0,121300.0,12996564.5
2024-06-18 13:40:00,121403.30409059158,121343.83876655129,121395.0,121375.0,121435.0,121365.0,12079400.5
2024-06-18 13:45:00,121404.77657213014,121343.79485644128,121420.0,121380.0,121450.0,121380.0,11752657.0
2024-06-18 13:50:00,121447.6501378561,121345.20700500104,121515.0,121415.0,121555.0,121405.0,13081093.0
2024-06-18 13:55:00,121482.32475716539,121350.53238569174,121535.0,121485.0,121620.0,121480.0,13367697.5
2024-06-18 14:00:00,121518.10779856039,121377.6064871539,121555.0,121490.0,121675.0,121485.0,13358049.0
2024-06-18 14:05:00,121540.67565726783,121423.61005701788,121555.0,121535.0,121595.0,121520.0,12507696.0
2024-06-18 14:10:00,121544.79299499831,121442.34986214456,121480.0,121445.0,121610.0,121445.0,13125350.5
2024-06-18 14:15:00,121584.71833675602,121473.8530918154,121645.0,121480.0,121645.0,121475.0,12958782.0
2024-06-18 14:20:00,121639.51006681744,121506.20421889685,121725.0,121595.0,121795.0,121590.0,13559225.5
2024-06-18 14:25:00,121663.71004924914,121526.28995075086,121670.0,121645.0,121780.0,121645.0,12939045.0
2024-06-18 14:30:00,121687.35620925153,121546.92950503418,121690.0,121555.0,121730.0,121550.0,13808218.5
2024-06-18 14:35:00,121703.59556422215,121566.40443577785,121680.0,121625.0,121700.0,121620.0,12458398.5
2024-06-18 14:40:00,121719.17548173357,121590.82451826643,121695.0,121650.0,121730.0,121650.0,13081512.5
2024-06-18 14:45:00,121701.29710338125,121654.41718233304,121640.0,121625.0,121750.0,121625.0,13811583.0
2024-06-18 14:50:00,121705.67363261363,121631.46922452924,121580.0,121525.0,121645.0,121525.0,13676918.5
2024-06-18 14:55:00,121691.0312326642,121588.9687673358,121525.0,121495.0,121610.0,121495.0,13455613.5
2024-06-18 15:00:00,121678.91617412126,121563.94096873587,121540.0,121450.0,121545.0,121445.0,13509441.0
2024-06-18 15:05:00,121658.73112285073,121552.69744857785,121580.0,121530.0,121590.0,121525.0,13019063.0
2024-06-18 15:10:00,121634.10047574903,121524.47095282239,121495.0,121460.0,121650.0,121450.0,13734841.5
2024-06-18 15:15:00,121593.55837240066,121496.44162759934,121455.0,121420.0,121535.0,121415.0,13241317.5
2024-06-18 15:20:00,121560.32425302027,121481.10431840831,121470.0,121435.0,121530.0,121430.0,13155691.5
2024-06-18 15:25:00,121546.00685497615,121478.27885930956,121520.0,121475.0,121585.0,121465.0,13524431.5
2024-06-18 15:30:00,121574.5378215034,121478.31932135373,121625.0,121510.0,121635.0,121500.0,13349484.5
2024-06-18 15:35:00,121566.45570768499,121462.11572088643,121455.0,121415.0,121625.0,121415.0,13768078.5
2024-06-18 15:40:00,121544.55468246738,121435.44531753262,121410.0,121355.0,121470.0,121345.0,12554652.5
2024-06-18 15:45:00,121537.44392366926,121405.41321918787,121365.0,121360.0,121415.0,121350.0,12757407.5
2024-06-18 15:50:00,121532.27923687703,121389.14933455155,121380.0,121300.0,121415.0,121290.0,13215118.5
2024-06-18 15:55:00,121522.37412528988,121350.48301756725,121300.0,121305.0,121445.0,121300.0,12731833.0
2024-06-18 16:00:00,121498.47499621766,121268.66786092521,121150.0,121095.0,121345.0,121095.0,13660835.5
2024-06-18 16:05:00,121416.64365454428,121194.7849168843,121080.0,121025.0,121175.0,121025.0,13502001.5
2024-06-18 16:10:00,121367.04968201647,121137.23603226924,121080.0,121015.0,121145.0,121015.0,14675097.0
2024-06-18 16:15:00,121315.46400414486,121100.25028156943,121100.0,121065.0,121160.0,121065.0,13709995.5
2024-06-18 16:20:00,121270.14920925103,121084.13650503468,121150.0,121090.0,121165.0,121090.0,12973666.0
2024-06-18 16:25:00,121204.47670965434,121084.09471891708,121150.0,121120.0,121195.0,121120.0,12830173.5
2024-06-18 16:30:00,121174.56511902898,121092.57773811389,121225.0,121095.0,121235.0,121095.0,13715569.5
2024-06-18 16:35:00,121201.92253578054,121093.79174993375,121250.0,121150.0,121275.0,121145.0,13660001.5
2024-06-18 16:40:00,121241.9546987108,121115.18815843207,121295.0,121245.0,121350.0,121240.0,14239520.0
2024-06-18 16:45:00,121262.1807910659,121147.8192089341,121265.0,121245.0,121330.0,121245.0,12820909.5
2024-06-18 16:50:00,121281.78408504407,121183.93020067022,121295.0,121260.0,121335.0,121260.0,14325598.0
2024-06-18 16:55:00,121306.77639672623,121211.79503184519,121335.0,121290.0,121380.0,121285.0,14863169.0
2024-06-18 17:00:00,121325.10435956297,121252.0384975799,121355.0,121310.0,121370.0,121310.0,13431930.5
2024-06-18 17:05:00,121326.44440444131,121267.8413098444,121285.0,121235.0,121370.0,121235.0,15771185.5
2024-06-18 17:10:00,121326.39876963149,121273.60123036851,121270.0,121255.0,121315.0,121255.0,13364987.0
2024-06-18 17:15:00,121325.33627861677,121271.8065785261,121285.0,121265.0,121305.0,121265.0,13839015.0
2024-06-18 17:20:00,121331.99339655876,121282.29231772695,121325.0,121285.0,121340.0,121285.0,13440897.5
2024-06-18 17:25:00,121339.74237284686,121287.40048429601,121340.0,121320.0,121350.0,121315.0,13940933.5
2024-06-18 17:30:00,121338.63906714073,121287.07521857356,121330.0,121300.0,121350.0,121300.0,15347062.0
2024-06-18 17:35:00,121326.87154646593,121284.55702496265,121305.0,121275.0,121330.0,121275.0,14847862.5
2024-06-18 17:40:00,121352.0526094557,121289.37596197288,121390.0,121295.0,121395.0,121295.0,16417405.5
2024-06-18 17:45:00,121381.49129820919,121304.2229875051,121425.0,121375.0,121465.0,121375.0,13986908.5
2024-06-18 17:50:00,121407.08392276308,121322.91607723692,121440.0,121425.0,121480.0,121420.0,11524829.0
2024-06-18 17:55:00,121426.09255461273,121336.7645882444,121440.0,121405.0,121480.0,121405.0,11171743.0
2024-06-19 10:00:00,121442.70443666536,121253.00984904893,121105.0,121205.0,121210.0,121060.0,12633339.0
2024-06-19 10:05:00,121445.14348553153,121146.28508589705,120965.0,121115.0,121120.0,120925.0,12915975.5
2024-06-19 10:10:00,121428.99353284946,121042.43503857912,120885.0,121030.0,121030.0,120880.0,12846429.0
2024-06-19 10:15:00,121380.28164086511,120999.71835913489,121070.0,121090.0,121090.0,120870.0,13440111.0
2024-06-19 10:20:00,121302.07365577371,120923.64062994058,120885.0,121190.0,121205.0,120875.0,12517163.0
2024-06-19 10:25:00,121192.19354610838,120869.2350253202,120865.0,120900.0,120900.0,120775.0,13822365.0
2024-06-19 10:30:00,121034.3875361735,120884.18389239792,120940.0,120965.0,120965.0,120800.0,12485992.5
2024-06-19 10:35:00,120983.50428868149,120857.92428274709,120835.0,121015.0,121015.0,120800.0,12452617.0
2024-06-19 10:40:00,120967.2036811815,120819.93917596136,120775.0,120885.0,120885.0,120740.0,12577863.5
2024-06-19 10:45:00,120960.95106640033,120806.19179074254,120815.0,120850.0,120850.0,120670.0,12221873.0
2024-06-19 10:50:00,120889.15830399055,120795.12741029516,120780.0,120835.0,120835.0,120735.0,12259854.0
2024-06-19 10:55:00,120875.90528108487,120755.52329034371,120700.0,120795.0,120800.0,120695.0,12098628.5
2024-06-19 11:00:00,120891.85880163449,120756.71262693693,120925.0,120940.0,120940.0,120675.0,12092827.5
2024-06-19 11:05:00,120861.45000007635,120752.83571420936,120820.0,120930.0,120940.0,120770.0,11879787.5
2024-06-19 11:10:00,120850.69532183495,120739.30467816505,120750.0,120835.0,120840.0,120700.0,11993022.0
2024-06-19 11:15:00,120847.9544620884,120732.0455379116,120740.0,120835.0,120835.0,120685.0,12100976.0
2024-06-19 11:20:00,120844.50010229745,120729.78561198826,120795.0,120795.0,120795.0,120650.0,12204724.5
2024-06-19 11:25:00,120856.19524182395,120736.66190103318,120845.0,120860.0,120875.0,120735.0,11599503.0
2024-06-19 11:30:00,120866.45989347085,120766.39724938628,120840.0,120905.0,120905.0,120810.0,12533401.0
2024-06-19 11:35:00,120864.61827367259,120766.81029775599,120920.0,120985.0,120985.0,120840.0,12296999.0
2024-06-19 11:40:00,120896.08065089867,120771.0622062442,120945.0,120970.0,120970.0,120890.0,12540609.5
2024-06-19 11:45:00,120910.27899116378,120796.86386597909,120890.0,120975.0,120980.0,120765.0,13152168.5
2024-06-19 11:50:00,120910.32502934548,120828.24639922594,120850.0,120950.0,120950.0,120845.0,11907851.5
2024-06-19 11:55:00,120915.59495309141,120851.54790405146,120895.0,120925.0,120930.0,120810.0,11784781.5
2024-06-19 12:00:00,120915.88115671411,120854.11884328589,120855.0,120945.0,120945.0,120850.0,12174534.0
2024-06-19 12:05:00,120916.1580746317,120859.55621108258,120860.0,120890.0,120890.0,120830.0,11723855.0
2024-06-19 12:10:00,120905.44378891755,120848.84192536816,120845.0,120885.0,120885.0,120810.0,12845512.5
2024-06-19 12:15:00,120879.4032383837,120844.882475902,120840.0,120870.0,120875.0,120825.0,12640940.0
2024-06-19 12:20:00,120870.85655928518,120830.5720121434,120810.0,120865.0,120875.0,120800.0,13158027.5
2024-06-19 12:25:00,120875.6892024918,120832.88222607962,120875.0,120895.0,120895.0,120790.0,14197885.0
2024-06-19 12:30:00,120881.05216053354,120831.80498232359,120910.0,120940.0,120940.0,120865.0,12936307.0
2024-06-19 12:35:00,120909.11523478366,120832.31333664492,120955.0,120965.0,120965.0,120870.0,13275777.0
2024-06-19 12:40:00,120936.17677700009,120838.10893728562,120975.0,120985.0,120985.0,120915.0,12784596.5
2024-06-19 12:45:00,121088.80455102296,120819.76687754846,121315.0,121310.0,121315.0,120935.0,14015863.0
2024-06-19 12:50:00,121162.70977630538,120860.14736655176,121240.0,121435.0,121450.0,121205.0,12651587.0
2024-06-19 12:55:00,121208.85895335104,120925.42676093467,121200.0,121270.0,121275.0,121155.0,11685506.0
2024-06-19 13:00:00,121237.82284913132,120983.60572229726,121180.0,121225.0,121225.0,121155.0,11682680.0
2024-06-19 13:05:00,121268.77300649892,121048.36985064395,121245.0,121245.0,121245.0,121125.0,11948680.0
2024-06-19 13:10:00,121293.12151724735,121116.87848275265,121280.0,121320.0,121330.0,121225.0,11908820.0
2024-06-19 13:15:00,121275.43644535866,121198.84926892705,121200.0,121285.0,121290.0,121170.0,11806778.0
2024-06-19 13:20:00,121247.9591065396,121183.46946488899,121165.0,121230.0,121235.0,121145.0,12421040.5
2024-06-19 13:25:00,121247.9591065396,121183.46946488899,121240.0,121260.0,121260.0,121165.0,13284021.0
2024-06-19 13:30:00,121285.9334708044,121186.92367205273,121345.0,121360.0,121370.0,121210.0,13354988.0
2024-06-19 13:35:00,121306.98083456059,121205.87630829655,121320.0,121345.0,121360.0,121275.0,12665514.5
2024-06-19 13:40:00,121339.52183769002,121213.33530516711,121385.0,121380.0,121390.0,121265.0,12423936.0
2024-06-19 13:45:00,121363.90626655372,121220.37944773199,121390.0,121425.0,121435.0,121340.0,13097911.0
2024-06-19 13:50:00,121394.62055226785,121251.09373344644,121415.0,121470.0,121480.0,121365.0,12712034.5
2024-06-19 13:55:00,121409.82316790652,121308.7482606649,121420.0,121455.0,121455.0,121350.0,12504305.5
2024-06-19 14:00:00,121405.1560021172,121346.27256931138,121355.0,121405.0,121425.0,121320.0,12451359.5
2024-06-19 14:05:00,121439.11296657089,121353.74417628624,121490.0,121500.0,121550.0,121350.0,12809985.0
2024-06-19 14:10:00,121438.49681776924,121360.07461080218,121340.0,121500.0,121530.0,121300.0,12683545.0
2024-06-19 14:15:00,121436.00959935616,121351.13325778671,121345.0,121375.0,121380.0,121315.0,12923960.5
2024-06-19 14:20:00,121433.74798614917,121347.6805852794,121370.0,121425.0,121435.0,121335.0,12951806.5
2024-06-19 14:25:00,121424.56465088349,121316.86392054509,121275.0,121375.0,121375.0,121245.0,12629151.0
2024-06-19 14:30:00,121407.70644682378,121283.7221246048,121245.0,121305.0,121305.0,121185.0,13045184.5
2024-06-19 14:35:00,121398.8574967766,121263.99964608053,121255.0,121275.0,121280.0,121190.0,12245403.5
2024-06-19 14:40:00,121342.0599955832,121265.08286155967,121295.0,121335.0,121335.0,121255.0,12553333.0
2024-06-19 14:45:00,121335.7981499426,121262.77327862883,121310.0,121350.0,121360.0,121270.0,12459238.5
2024-06-19 14:50:00,121341.64874935415,121262.63696493156,121365.0,121420.0,121425.0,121305.0,12414513.0
2024-06-19 14:55:00,121336.98095468906,121263.01904531094,121355.0,121390.0,121395.0,121325.0,11578176.5
2024-06-19 15:00:00,121360.62079807179,121272.23634478534,121390.0,121405.0,121415.0,121330.0,12076870.5
2024-06-19 15:05:00,121392.06038225001,121295.08247489286,121435.0,121450.0,121450.0,121365.0,11885022.5
2024-06-19 15:10:00,121406.11016740333,121325.31840402525,121410.0,121435.0,121445.0,121360.0,12784075.0
2024-06-19 15:15:00,121420.60947312674,121349.39052687326,121430.0,121470.0,121470.0,121385.0,12470119.0
2024-06-19 15:20:00,121433.77308368853,121376.22691631147,121450.0,121475.0,121480.0,121410.0,12471676.5
2024-06-19 15:25:00,121443.48548615848,121389.37165669865,121445.0,121470.0,121475.0,121400.0,12714927.0
2024-06-19 15:30:00,121442.88983365773,121409.9673091994,121425.0,121455.0,121455.0,121400.0,12046015.0
2024-06-19 15:35:00,121444.42798784656,121404.14344072486,121375.0,121455.0,121455.0,121340.0,12092404.5
2024-06-19 15:40:00,121475.66878408514,121400.04550162915,121530.0,121500.0,121545.0,121355.0,12544080.5
2024-06-19 15:45:00,121566.7431290476,121393.2568709524,121705.0,121510.0,121790.0,121505.0,13005008.0
2024-06-19 15:50:00,121632.82227061997,121411.46344366574,121725.0,121650.0,121785.0,121650.0,11954039.0
2024-06-19 15:55:00,121689.2113185643,121439.36011000712,121745.0,121710.0,121800.0,121710.0,11992995.5
2024-06-19 16:00:00,121733.10946156186,121479.74768129527,121740.0,121705.0,121785.0,121700.0,11638903.0
2024-06-19 16:05:00,121758.97614095945,121535.30957332626,121710.0,121650.0,121760.0,121650.0,12547847.0
2024-06-19 16:10:00,121750.2229505765,121632.63419228063,121685.0,121635.0,121715.0,121635.0,11558839.5
2024-06-19 16:15:00,121734.00790193584,121685.99209806416,121660.0,121650.0,121735.0,121650.0,11218990.0
2024-06-19 16:20:00,121768.90538758427,121685.38032670144,121825.0,121655.0,121840.0,121655.0,11951180.0
2024-06-19 16:25:00,121835.98491681603,121681.15794032684,121945.0,121810.0,122055.0,121810.0,12972541.0
2024-06-19 16:30:00,121865.70896425658,121692.86246431484,121890.0,121775.0,121950.0,121775.0,12696251.5
2024-06-19 16:35:00,121936.52407378147,121707.76164050424,122040.0,121875.0,122180.0,121875.0,12779988.0
2024-06-19 16:40:00,122005.71674814087,121745.71182328771,122085.0,122025.0,122125.0,122025.0,12391337.0
2024-06-19 16:45:00,122069.28817671213,121809.28325185929,122130.0,122065.0,122170.0,122060.0,12307161.5
2024-06-19 16:50:00,122097.10746131062,121910.03539583225,122110.0,122080.0,122150.0,122075.0,12430132.5
2024-06-19 16:55:00,122101.1873595639,121961.66978329323,122020.0,121960.0,122115.0,121960.0,12913861.5
2024-06-19 17:00:00,122103.26387732619,121973.87897981668,121995.0,121930.0,122080.0,121930.0,11943566.5
2024-06-19 17:05:00,122097.25849125428,122011.31293731714,122000.0,121895.0,122035.0,121895.0,12452622.0
2024-06-19 17:10:00,122095.4228037879,121983.14862478353,121935.0,121920.0,122035.0,121920.0,12246605.5
2024-06-19 17:15:00,122081.35247139719,121971.50467145994,121995.0,121920.0,122015.0,121920.0,12222465.0
2024-06-19 17:20:00,122059.23230348766,121972.19626794092,122055.0,121960.0,122080.0,121960.0,11458712.0
2024-06-19 17:25:00,122034.08124941158,121974.49017915984,122030.0,122020.0,122065.0,122020.0,11557587.5
2024-06-19 17:30:00,122035.10793132577,121974.89206867423,122025.0,122000.0,122090.0,122000.0,13437159.5
2024-06-19 17:35:00,122055.87608088538,121979.8382048289,122085.0,121990.0,122090.0,121990.0,12594267.5
2024-06-19 17:40:00,122091.40439990352,121985.73845723935,122145.0,122035.0,122155.0,122035.0,11108398.5
2024-06-19 17:45:00,122099.44900824143,122020.55099175857,122085.0,122075.0,122170.0,122075.0,11760504.5
2024-06-19 17:50:00,122105.37934358441,122040.33494212988,122085.0,121985.0,122125.0,121985.0,10303456.0
2024-06-19 17:55:00,122111.00143293856,122046.14142420431,122095.0,122055.0,122125.0,122055.0,7862592.5
2024-06-20 10:00:00,122472.42372752338,121949.0048439052,122955.0,122980.0,122985.0,122805.0,11932640.0
2024-06-20 10:05:00,122687.06437977072,122010.07847737215,122990.0,123055.0,123055.0,122850.0,12123231.0
2024-06-20 10:10:00,122811.24777276714,122104.46651294715,122850.0,123070.0,123070.0,122840.0,12555050.5
2024-06-20 10:15:00,122914.35819671133,122208.4989461458,122870.0,122915.0,122920.0,122785.0,11978635.0
2024-06-20 10:20:00,122957.78931027319,122335.06783258394,122680.0,122920.0,122920.0,122615.0,12706371.5
2024-06-20 10:25:00,122964.83971145937,122473.73171711205,122595.0,122740.0,122740.0,122580.0,12376243.0
2024-06-20 10:30:00,122922.54341762947,122676.02801094195,122655.0,122715.0,122715.0,122540.0,12777148.5
2024-06-20 10:35:00,122907.15156497937,122674.2770064492,122895.0,122950.0,122950.0,122620.0,13099404.5
2024-06-20 10:40:00,122975.13525712217,122660.57902859212,123180.0,123185.0,123195.0,122850.0,13138950.0
2024-06-20 10:45:00,123091.33896911576,122668.66103088424,123285.0,123270.0,123320.0,123045.0,12711409.5
2024-06-20 10:50:00,123185.65937390334,122695.76919752524,123295.0,123270.0,123360.0,123230.0,12157545.5
2024-06-20 10:55:00,123258.27567113464,122780.29575743678,123230.0,123270.0,123360.0,123160.0,13253528.5
2024-06-20 11:00:00,123292.15671399426,122913.55757172003,123180.0,123270.0,123325.0,123140.0,12668446.5
2024-06-20 11:05:00,123271.47457957221,123039.95399185637,123025.0,123150.0,123195.0,122990.0,13279236.5
2024-06-20 11:10:00,123264.99326069301,123119.2924535927,123150.0,123175.0,123175.0,122960.0,13325538.5
2024-06-20 11:15:00,123271.88275315656,123125.26010398631,123225.0,123270.0,123275.0,123125.0,12404380.5
2024-06-20 11:20:00,123248.46782746284,123114.38931539429,123165.0,123270.0,123335.0,123160.0,12681312.5
2024-06-20 11:25:00,123211.25696952468,123098.74303047532,123110.0,123215.0,123215.0,123105.0,12710133.0
2024-06-20 11:30:00,123187.03397847613,123061.53745009529,123015.0,123150.0,123150.0,122935.0,13633842.0
2024-06-20 11:35:00,123172.48363045101,122994.65922669186,122895.0,123015.0,123015.0,122835.0,13248979.5
2024-06-20 11:40:00,123170.81885508765,122952.03828776948,122870.0,122940.0,122940.0,122840.0,13086993.5
2024-06-20 11:45:00,123157.82693642568,122793.6016350029,122550.0,122875.0,122875.0,122520.0,14187384.0
2024-06-20 11:50:00,123079.27444246509,122659.29698610633,122480.0,122575.0,122575.0,122360.0,14193159.5
2024-06-20 11:55:00,122981.67417181765,122585.46868532522,122565.0,122605.0,122605.0,122410.0,13781481.0
2024-06-20 12:00:00,122872.29092862942,122483.42335708487,122370.0,122595.0,122595.0,122355.0,13595701.5
2024-06-20 12:05:00,122761.12512665056,122361.73201620657,122200.0,122405.0,122410.0,122190.0,14091640.0
2024-06-20 12:10:00,122652.88374028157,122317.11625971843,122360.0,122385.0,122385.0,122180.0,13529665.0
2024-06-20 12:15:00,122510.43580631189,122298.13562225954,122305.0,122430.0,122430.0,122300.0,13252194.5
2024-06-20 12:20:00,122467.17815169827,122278.53613401602,122330.0,122350.0,122355.0,122220.0,13403317.5
2024-06-20 12:25:00,122433.71836590327,122254.85306266815,122280.0,122350.0,122355.0,122265.0,11960456.0
2024-06-20 12:30:00,122350.49423979393,122259.50576020607,122290.0,122305.0,122305.0,122230.0,12886971.5
2024-06-20 12:35:00,122340.61542774126,122182.24171511587,122065.0,122300.0,122310.0,122065.0,13260440.0
2024-06-20 12:40:00,122340.05179836303,122179.94820163697,122190.0,122195.0,122205.0,122060.0,12849886.0
2024-06-20 12:45:00,122321.4166943986,122175.72616274426,122280.0,122375.0,122375.0,122185.0,13685729.5
2024-06-20 12:50:00,122304.21783928473,122161.49644642956,122195.0,122300.0,122305.0,122175.0,13545080.5
2024-06-20 12:55:00,122273.58705303252,122143.55580411035,122160.0,122220.0,122220.0,122135.0,12755369.0
2024-06-20 13:00:00,122249.69161965858,122118.87980891284,122110.0,122200.0,122205.0,122100.0,12214241.5
2024-06-20 13:05:00,122218.88020281534,122056.83408289895,121965.0,122100.0,122130.0,121965.0,13842196.5
2024-06-20 13:10:00,122218.10278327296,122051.89721672704,122045.0,122050.0,122055.0,121925.0,13334786.0
2024-06-20 13:15:00,122200.41770992386,122035.29657579043,122070.0,122070.0,122080.0,121970.0,12934013.5
2024-06-20 13:20:00,122143.66741157089,122003.47544557198,121970.0,122105.0,122115.0,121940.0,12764987.0
2024-06-20 13:25:00,122107.29341937519,121939.84943776768,121845.0,122050.0,122050.0,121840.0,12563589.5
2024-06-20 13:30:00,122061.57523171185,121911.28191114528,121900.0,121910.0,121910.0,121785.0,13744524.5
2024-06-20 13:35:00,122020.59873466895,121867.97269390247,121815.0,121940.0,121940.0,121770.0,13378784.5
2024-06-20 13:40:00,122009.2954900293,121850.7045099707,121865.0,121910.0,121910.0,121790.0,12246284.5
2024-06-20 13:45:00,121998.22737943522,121850.3440491362,122005.0,122005.0,122015.0,121850.0,13303255.0
2024-06-20 13:50:00,121959.60268483507,121850.39731516493,121935.0,122030.0,122040.0,121935.0,12966886.0
2024-06-20 13:55:00,121955.74675636337,121849.96752935092,121955.0,122035.0,122040.0,121910.0,13380401.0
2024-06-20 14:00:00,121968.00055073676,121867.71373497753,121950.0,121985.0,122005.0,121900.0,12000961.5
2024-06-20 14:05:00,121984.61328051785,121876.81529091073,121990.0,122010.0,122020.0,121920.0,12184994.5
2024-06-20 14:10:00,122052.31412489044,121907.68587510956,122160.0,122165.0,122165.0,121980.0,13366356.0
2024-06-20 14:15:00,122104.22054277771,121944.35088579371,122175.0,122235.0,122240.0,122095.0,13816588.0
2024-06-20 14:20:00,122136.8220816468,121957.46363263892,122165.0,122260.0,122270.0,122080.0,13208191.5
2024-06-20 14:25:00,122153.87419822552,121990.4115160602,122110.0,122260.0,122265.0,122065.0,12716868.5
2024-06-20 14:30:00,122154.44669865014,122002.69615849273,122000.0,122090.0,122115.0,121975.0,12411796.0
2024-06-20 14:35:00,122154.01539910251,122007.41317232607,121965.0,122030.0,122030.0,121910.0,12551684.5
2024-06-20 14:40:00,122153.94422472917,122001.77006098512,121970.0,122075.0,122075.0,121935.0,13200923.0
2024-06-20 14:45:00,122130.48363638888,121988.08779218254,122030.0,122055.0,122055.0,121880.0,12224359.0
2024-06-20 14:50:00,122093.6877606917,121973.45509645117,121995.0,122100.0,122105.0,121985.0,12241291.5
2024-06-20 14:55:00,122074.40351232907,121977.02505909951,122110.0,122130.0,122135.0,121985.0,12927741.5
2024-06-20 15:00:00,122072.79705177157,121977.20294822843,122105.0,122185.0,122190.0,122075.0,12163566.5
2024-06-20 15:05:00,122105.75526665567,121987.10187620146,122150.0,122170.0,122190.0,122100.0,12141321.0
2024-06-20 15:10:00,122130.09086082311,122014.1948534626,122145.0,122215.0,122220.0,122115.0,12570352.0
2024-06-20 15:15:00,122171.44669310437,122047.12473546705,122230.0,122240.0,122245.0,122115.0,11836546.5
2024-06-20 15:20:00,122214.63254277506,122072.51031436781,122270.0,122295.0,122295.0,122195.0,13142027.0
2024-06-20 15:25:00,122234.31403425758,122125.68596574242,122250.0,122320.0,122320.0,122220.0,12959964.0
2024-06-20 15:30:00,122236.99780748735,122138.71647822694,122165.0,122230.0,122250.0,122155.0,12622307.5
2024-06-20 15:35:00,122249.61967329559,122166.0946124187,122245.0,122285.0,122290.0,122135.0,12440995.5
2024-06-20 15:40:00,122278.21259057696,122184.64455228017,122315.0,122350.0,122350.0,122245.0,11985144.0
2024-06-20 15:45:00,122335.91821295657,122206.93892990056,122425.0,122455.0,122460.0,122320.0,12985502.0
2024-06-20 15:50:00,122405.07657551604,122217.78056734109,122510.0,122515.0,122515.0,122365.0,13236623.0
2024-06-20 15:55:00,122447.28683161423,122236.99888267148,122485.0,122590.0,122590.0,122475.0,13735702.0
2024-06-20 16:00:00,122478.00111732841,122267.71316838588,122465.0,122560.0,122560.0,122425.0,13596497.0
2024-06-20 16:05:00,122483.12656981043,122331.15914447528,122405.0,122520.0,122520.0,122365.0,12560804.0
2024-06-20 16:10:00,122480.100702508,122347.04215463487,122290.0,122415.0,122420.0,122280.0,13358987.0
2024-06-20 16:15:00,122488.8557273512,122298.28712979167,122175.0,122305.0,122305.0,122140.0,13589472.5
2024-06-20 16:20:00,122475.60792358105,122217.24921927608,122095.0,122170.0,122180.0,122060.0,13653253.0
2024-06-20 16:25:00,122421.84656319332,122172.43915109239,122165.0,122165.0,122165.0,122060.0,14177078.5
2024-06-20 16:30:00,122361.08446300258,122138.91553699742,122155.0,122180.0,122190.0,122090.0,12579874.5
2024-06-20 16:35:00,122288.01083716018,122117.70344855411,122135.0,122160.0,122165.0,122075.0,12468188.0
2024-06-20 16:40:00,122218.31517375934,122123.11339766924,122180.0,122205.0,122205.0,122130.0,12656821.5
2024-06-20 16:45:00,122182.19597476404,122130.6611680931,122190.0,122230.0,122235.0,122160.0,12230943.0
2024-06-20 16:50:00,122181.14541916514,122130.28315226344,122170.0,122300.0,122300.0,122130.0,13321158.5
2024-06-20 16:55:00,122195.00986125146,122152.13299589141,122220.0,122235.0,122240.0,122085.0,12804133.5
2024-06-20 17:00:00,122193.66489445651,122144.90653411491,122135.0,122235.0,122235.0,122090.0,13497185.5
2024-06-20 17:05:00,122192.65886109664,122137.34113890336,122125.0,122165.0,122170.0,122090.0,12652540.5
2024-06-20 17:10:00,122196.35063048382,122145.07794094476,122175.0,122255.0,122255.0,122110.0,13831747.0
2024-06-20 17:15:00,122207.5845757734,122146.7011385123,122225.0,122225.0,122225.0,122155.0,12890957.5
2024-06-20 17:20:00,122203.82816441679,122143.31469272608,122165.0,122220.0,122220.0,122145.0,13268672.0
2024-06-20 17:25:00,122201.20387871237,122137.36754985905,122140.0,122180.0,122185.0,122100.0,13790225.5
2024-06-20 17:30:00,122184.34392688895,122127.08464453963,122125.0,122195.0,122195.0,122125.0,13805002.0
2024-06-20 17:35:00,122187.75342158087,122132.24657841913,122165.0,122190.0,122190.0,122115.0,13901805.0
2024-06-20 17:40:00,122188.92886979751,122138.21398734536,122150.0,122195.0,122195.0,122140.0,11801436.0
2024-06-20 17:45:00,122185.28353421656,122134.71646578344,122150.0,122170.0,122170.0,122130.0,10664089.0
2024-06-20 17:50:00,122161.21407593972,122138.78592406028,122155.0,122180.0,122180.0,122100.0,12141266.0
2024-06-20 17:55:00,122156.31059149424,122135.11797993434,122135.0,122170.0,122170.0,122105.0,13411492.0
2024-06-21 10:00:00,122205.44821101052,121981.69464613235,121775.0,121900.0,121900.0,121720.0,12450029.5
2024-06-21 10:05:00,122192.84583424783,121877.15416575217,121715.0,121850.0,121850.0,121700.0,12895300.5
2024-06-21 10:10:00,122152.46398318134,121843.25030253295,121905.0,121965.0,121970.0,121710.0,12918812.5
2024-06-21 10:15:00,122115.2608827269,121824.7391172731,121955.0,122060.0,122065.0,121890.0,12746947.5
2024-06-21 10:20:00,122087.54941102354,121819.59344611932,122035.0,122085.0,122085.0,121945.0,13066284.5
2024-06-21 10:25:00,122121.4547353459,121815.68812179696,122260.0,122100.0,122330.0,122010.0,13356316.0
2024-06-21 10:30:00,122221.59573610412,121805.54712103875,122450.0,122230.0,122520.0,122230.0,12906382.0
2024-06-21 10:35:00,122319.90645443623,121885.80783127806,122400.0,122400.0,122535.0,122400.0,13165440.0
2024-06-21 10:40:00,122363.70670198678,122013.43615515609,122315.0,122300.0,122565.0,122300.0,13594114.5
2024-06-21 10:45:00,122497.39109429807,122102.60890570193,122685.0,122235.0,122710.0,122235.0,13255527.0
2024-06-21 10:50:00,122651.58026116155,122211.27688169558,122875.0,122710.0,122955.0,122685.0,13761184.0
2024-06-21 10:55:00,122785.38400551671,122343.18742305471,122965.0,122900.0,123040.0,122885.0,14424207.0
2024-06-21 11:00:00,122861.03615075439,122443.24956353132,122875.0,122845.0,123125.0,122845.0,13827277.0
2024-06-21 11:05:00,122920.87579150025,122509.12420849975,122890.0,122890.0,122985.0,122855.0,14086360.5
2024-06-21 11:10:00,122947.15482801358,122598.55945770071,122805.0,122705.0,122945.0,122705.0,13939419.5
2024-06-21 11:15:00,122927.00876972645,122785.84837313068,122900.0,122790.0,122915.0,122775.0,13942072.5
2024-06-21 11:20:00,122919.04694901673,122842.38162241185,122855.0,122845.0,122970.0,122840.0,13358901.5
2024-06-21 11:25:00,122976.7730137303,122840.36984341257,123070.0,122835.0,123080.0,122835.0,14309021.5
2024-06-21 11:30:00,122971.4223000399,122838.5776999601,122940.0,122905.0,123070.0,122890.0,13709711.5
2024-06-21 11:35:00,122985.48559529107,122850.22869042322,122965.0,122890.0,123020.0,122880.0,14692715.0
2024-06-21 11:40:00,122983.06682291992,122844.07603422295,122860.0,122850.0,122985.0,122840.0,14284370.0
2024-06-21 11:45:00,122983.18234637902,122842.53193933527,122800.0,122760.0,122945.0,122755.0,13181494.5
2024-06-21 11:50:00,122989.15162686903,122847.99123027384,122940.0,122755.0,122970.0,122750.0,13625986.5
2024-06-21 11:55:00,122988.72349606053,122845.56221822518,122845.0,122840.0,122990.0,122840.0,14308724.0
2024-06-21 12:00:00,122945.07934803813,122847.777794819,122925.0,122855.0,122950.0,122840.0,14343624.0
2024-06-21 12:05:00,122939.70511831107,122846.00916740322,122915.0,122850.0,122980.0,122850.0,13876466.5
2024-06-21 12:10:00,122932.56225089973,122846.00917767169,122940.0,122920.0,123010.0,122910.0,14742288.5
2024-06-21 12:15:00,122949.82064181664,122754.46507246907,122600.0,122600.0,122960.0,122595.0,14361493.5
2024-06-21 12:20:00,122945.4461078431,122734.5538921569,122715.0,122590.0,122775.0,122590.0,13583019.5
2024-06-21 12:25:00,122910.78874895704,122683.49696532867,122640.0,122625.0,122740.0,122615.0,12734864.5
2024-06-21 12:30:00,122888.22172772225,122640.34970084917,122615.0,122600.0,122685.0,122600.0,12117398.5
2024-06-21 12:35:00,122838.53386371258,122611.46613628742,122650.0,122620.0,122745.0,122610.0,12759342.0
2024-06-21 12:40:00,122779.15824161378,122592.2703298148,122640.0,122625.0,122685.0,122615.0,12375157.0
2024-06-21 12:45:00,122694.45485811165,122616.97371331693,122730.0,122620.0,122745.0,122620.0,12513599.5
2024-06-21 12:50:00,122696.64368657324,122629.07059914105,122650.0,122610.0,122735.0,122610.0,13813021.5
2024-06-21 12:55:00,122680.90293015336,122623.38278413235,122640.0,122630.0,122695.0,122630.0,13234839.5
2024-06-21 13:00:00,122680.90293015336,122623.38278413235,122640.0,122560.0,122680.0,122560.0,13832967.5
2024-06-21 13:05:00,122685.02405116077,122633.54737741065,122665.0,122595.0,122700.0,122595.0,13663201.0
2024-06-21 13:10:00,122691.98766219735,122638.01233780265,122690.0,122635.0,122715.0,122635.0,12439487.0
2024-06-21 13:15:00,122703.31415340025,122646.68584659975,122710.0,122675.0,122730.0,122675.0,14074023.0
2024-06-21 13:20:00,122718.21782326268,122643.2107481659,122770.0,122695.0,122790.0,122695.0,13844892.0
2024-06-21 13:25:00,122751.76103153959,122652.52468274612,122800.0,122765.0,122840.0,122760.0,14085090.0
2024-06-21 13:30:00,122775.28760178156,122673.28382678986,122795.0,122775.0,122830.0,122770.0,12782894.5
2024-06-21 13:35:00,122790.12616537155,122701.30240605703,122790.0,122720.0,122805.0,122720.0,13528541.0
2024-06-21 13:40:00,122822.74220716803,122727.25779283197,122870.0,122795.0,122875.0,122780.0,14285295.0
2024-06-21 13:45:00,122835.52218626229,122755.9063851663,122835.0,122825.0,122900.0,122815.0,13746991.5
2024-06-21 13:50:00,122879.46708338031,122780.53291661969,122950.0,122825.0,122960.0,122825.0,14181092.0
2024-06-21 13:55:00,122895.59150993807,122800.12277577622,122895.0,122865.0,123020.0,122860.0,14976187.5
2024-06-21 14:00:00,122911.13298677928,122816.00987036359,122910.0,122845.0,122950.0,122840.0,14280599.0
2024-06-21 14:05:00,122915.38881868866,122833.18260988276,122870.0,122875.0,122970.0,122865.0,13078504.0
2024-06-21 14:10:00,122923.03956813854,122862.67471757575,122920.0,122785.0,122950.0,122785.0,14511415.0
2024-06-21 14:15:00,122925.53789130914,122867.31925154799,122895.0,122885.0,122965.0,122885.0,12918894.0
2024-06-21 14:20:00,122924.06740724356,122881.64687847072,122880.0,122830.0,122950.0,122830.0,14133319.5
2024-06-21 14:25:00,122907.22656674123,122871.34486183019,122855.0,122855.0,122910.0,122850.0,14500022.0
2024-06-21 14:30:00,122906.6226857999,122847.66302848581,122810.0,122765.0,122895.0,122765.0,13917456.0
2024-06-21 14:35:00,122895.59495307149,122831.54790407138,122815.0,122780.0,122830.0,122780.0,13140357.5
2024-06-21 14:40:00,122890.92498865638,122811.93215420075,122785.0,122755.0,122840.0,122755.0,14096538.5
2024-06-21 14:45:00,122868.06784579945,122789.07501134342,122760.0,122750.0,122810.0,122740.0,12559391.5
2024-06-21 14:50:00,122848.45209592914,122784.40504692799,122810.0,122710.0,122830.0,122710.0,14499424.5
2024-06-21 14:55:00,122826.77177290567,122766.08536995146,122740.0,122740.0,122865.0,122735.0,14673570.0
2024-06-21 15:00:00,122809.95449836,122734.3312159257,122685.0,122670.0,122765.0,122670.0,13878012.0
2024-06-21 15:05:00,122801.134065111,122730.29450631759,122765.0,122665.0,122770.0,122665.0,14629047.0
2024-06-21 15:10:00,122788.81093271346,122726.90335300083,122760.0,122735.0,122805.0,122735.0,13467434.5
2024-06-21 15:15:00,122795.43594457679,122727.42119828034,122810.0,122720.0,122820.0,122720.0,13211218.5
2024-06-21 15:20:00,122815.76193804441,122731.38091909846,122845.0,122790.0,122860.0,122790.0,13694082.5
2024-06-21 15:25:00,122846.52406817723,122729.19021753706,122910.0,122835.0,122985.0,122835.0,14873169.5
2024-06-21 15:30:00,122899.1797533125,122743.67738954462,122975.0,122870.0,123000.0,122870.0,13781683.5
2024-06-21 15:35:00,122948.51562094777,122788.6272361951,123015.0,122935.0,123045.0,122935.0,13699740.5
2024-06-21 15:40:00,122977.21985740117,122822.78014259883,122985.0,122900.0,123080.0,122900.0,14317969.5
2024-06-21 15:45:00,122988.32730434061,122867.38698137368,122955.0,122935.0,123095.0,122935.0,13037722.5
2024-06-21 15:50:00,123016.01406895112,122908.2716453346,123050.0,122935.0,123080.0,122935.0,13652050.5
2024-06-21 15:55:00,123027.75482787481,122950.8166006966,123035.0,122980.0,123065.0,122980.0,13224967.5
2024-06-21 16:00:00,123061.56162104642,122975.58123609645,123115.0,123020.0,123140.0,123020.0,12886488.5
2024-06-21 16:05:00,123078.22313064421,122990.34829792721,123085.0,123075.0,123190.0,123070.0,13950181.5
2024-06-21 16:10:00,123093.71390485908,122999.14323799805,123100.0,123080.0,123185.0,123070.0,13569207.5
2024-06-21 16:15:00,123106.93913254264,123018.77515317165,123100.0,123090.0,123155.0,123090.0,12410528.5
2024-06-21 16:20:00,123123.28805191217,123059.56909094496,123155.0,123060.0,123170.0,123060.0,13690848.0
2024-06-21 16:25:00,123135.28783170803,123073.28359686339,123140.0,123115.0,123165.0,123110.0,14481095.5
2024-06-21 16:30:00,123157.756217904,123096.52949638171,123195.0,123140.0,123220.0,123130.0,14436506.5
2024-06-21 16:35:00,123167.69436814901,123102.30563185099,123170.0,123170.0,123215.0,123170.0,12368246.5
2024-06-21 16:40:00,123173.78949683449,123117.63907459409,123160.0,123090.0,123180.0,123090.0,14098187.0
2024-06-21 16:45:00,123175.06538136082,123109.22033292489,123075.0,123065.0,123170.0,123065.0,13359491.0
2024-06-21 16:50:00,123179.49252179901,123120.50747820099,123155.0,123045.0,123215.0,123045.0,14543114.0
2024-06-21 16:55:00,123181.24921867097,123121.60792418616,123165.0,123125.0,123210.0,123120.0,15259008.5
2024-06-21 17:00:00,123179.33595442836,123110.66404557164,123095.0,123060.0,123200.0,123055.0,15328698.0
2024-06-21 17:05:00,123162.65575400791,123094.48710313496,123080.0,123030.0,123135.0,123030.0,15335432.5
2024-06-21 17:10:00,123149.42248078798,123084.86323349773,123090.0,123050.0,123115.0,123050.0,14438052.0
2024-06-21 17:15:00,123152.34689291098,123084.79596423189,123170.0,123075.0,123175.0,123070.0,15587156.0
2024-06-21 17:20:00,123154.08682632739,123093.05603081548,123110.0,123100.0,123170.0,123100.0,15526611.0
2024-06-21 17:25:00,123143.99318978399,123084.57823878744,123090.0,123090.0,123140.0,123090.0,14182722.0
2024-06-21 17:30:00,123135.38694377257,123084.61305622743,123135.0,123075.0,123170.0,123075.0,14614794.5
2024-06-21 17:35:00,123139.40588767498,123089.16554089644,123125.0,123110.0,123160.0,123105.0,14480165.0
2024-06-21 17:40:00,123142.84002139878,123098.5885500298,123125.0,123120.0,123165.0,123120.0,12806634.5
2024-06-21 17:45:00,123145.06040443218,123106.3681669964,123125.0,123085.0,123150.0,123085.0,14270234.5
2024-06-21 17:50:00,123137.84258202997,123107.87170368432,123150.0,123115.0,123150.0,123115.0,14185032.5
2024-06-21 17:55:00,123146.17344654046,123112.39798203096,123155.0,123150.0,123205.0,123145.0,11935681.5
2024-06-24 10:00:00,123198.56495589763,123112.86361553095,123275.0,123200.0,123340.0,123200.0,12461814.0
2024-06-24 10:05:00,123356.57032894716,123084.85824248142,123590.0,123265.0,123595.0,123265.0,12709924.5
2024-06-24 10:10:00,123488.84173657495,123112.58683485363,123685.0,123500.0,123750.0,123500.0,12893630.5
2024-06-24 10:15:00,123651.03626453844,123166.10659260442,123880.0,123650.0,123950.0,123650.0,13792276.0
2024-06-24 10:20:00,123758.74023275194,123261.25976724806,123835.0,123795.0,123985.0,123795.0,13158858.0
2024-06-24 10:25:00,123858.80979218612,123381.19020781388,123920.0,123740.0,123945.0,123740.0,13162696.5
2024-06-24 10:30:00,123959.74234487071,123543.11479798642,124075.0,123920.0,124150.0,123920.0,13940793.5
2024-06-24 10:35:00,124091.57151459118,123708.42848540882,124315.0,124060.0,124325.0,124060.0,14297414.0
2024-06-24 10:40:00,124161.75591251938,123812.52980176633,124200.0,124160.0,124335.0,124150.0,14125526.5
2024-06-24 10:45:00,124254.46999117683,123914.1014373946,124365.0,124225.0,124430.0,124195.0,14544478.5
2024-06-24 10:50:00,124352.47019172918,123981.81552255653,124460.0,124345.0,124490.0,124340.0,14656831.0
2024-06-24 10:55:00,124390.10841589203,124091.32015553655,124350.0,124330.0,124460.0,124325.0,14030029.0
2024-06-24 11:00:00,124383.6888678391,124179.16827501803,124205.0,124210.0,124385.0,124205.0,14166718.0
2024-06-24 11:05:00,124382.5940369912,124234.54882015167,124265.0,124195.0,124285.0,124195.0,14474138.0
2024-06-24 11:10:00,124400.97853149388,124241.87861136325,124405.0,124235.0,124420.0,124220.0,13125439.0
2024-06-24 11:15:00,124401.3977064733,124257.17372209812,124255.0,124260.0,124445.0,124235.0,13266842.5
2024-06-24 11:20:00,124396.10850056013,124253.89149943987,124335.0,124235.0,124340.0,124210.0,12861430.5
2024-06-24 11:25:00,124351.92253576167,124243.79174995262,124270.0,124220.0,124340.0,124195.0,13320105.0
2024-06-24 11:30:00,124333.94061031073,124216.05938968927,124190.0,124160.0,124305.0,124150.0,13950774.0
2024-06-24 11:35:00,124337.06771513568,124228.64657057861,124260.0,124170.0,124260.0,124150.0,13227870.0
2024-06-24 11:40:00,124336.06551783539,124226.79162502174,124255.0,124230.0,124320.0,124230.0,13285520.0
2024-06-24 11:45:00,124290.25599537238,124212.60114748475,124195.0,124195.0,124280.0,124190.0,14672676.5
2024-06-24 11:50:00,124289.52242610895,124211.90614531963,124250.0,124160.0,124265.0,124160.0,12372421.5
2024-06-24 11:55:00,124269.88278979319,124214.40292449252,124275.0,124195.0,124280.0,124180.0,14336572.5
2024-06-24 12:00:00,124266.49782723992,124213.50217276008,124255.0,124235.0,124300.0,124210.0,13779439.0
2024-06-24 12:05:00,124266.73738931355,124226.11975354358,124235.0,124235.0,124305.0,124230.0,13358700.5
2024-06-24 12:10:00,124262.91535543615,124205.65607313527,124175.0,124135.0,124250.0,124135.0,13822448.0
2024-06-24 12:15:00,124255.43594456243,124187.4211982947,124165.0,124135.0,124200.0,124130.0,14216908.5
2024-06-24 12:20:00,124257.38349163653,124159.75936550634,124105.0,124120.0,124185.0,124100.0,13767369.5
2024-06-24 12:25:00,124242.6783410472,124134.46451609567,124110.0,124080.0,124160.0,124075.0,13603235.5
2024-06-24 12:30:00,124215.25935539184,124094.74064460816,124040.0,124030.0,124130.0,124030.0,14690277.5
2024-06-24 12:35:00,124181.90573443128,124076.66569414015,124075.0,124020.0,124100.0,124020.0,14440949.5
2024-06-24 12:40:00,124148.21782324999,124073.2107481786,124105.0,124055.0,124120.0,124045.0,14629108.0
2024-06-24 12:45:00,124126.62501804135,124053.37498195865,124030.0,123995.0,124120.0,123995.0,14984392.5
2024-06-24 12:50:00,124104.23695527739,124052.90590186548,124085.0,124020.0,124115.0,124015.0,13796938.0
2024-06-24 12:55:00,124112.95264057354,124052.76164514075,124135.0,124090.0,124185.0,124085.0,14959339.0
2024-06-24 13:00:00,124103.51698927402,124040.76872501169,124035.0,124030.0,124170.0,124030.0,14482734.0
2024-06-24 13:05:00,124114.2312749882,124051.4830107261,124115.0,124015.0,124135.0,124015.0,13710266.0
2024-06-24 13:10:00,124140.30413194271,124055.41015377158,124180.0,124135.0,124245.0,124115.0,14216832.0
2024-06-24 13:15:00,124159.24966410601,124059.3217644654,124185.0,124140.0,124205.0,124135.0,14738901.0
2024-06-24 13:20:00,124206.06620453816,124082.50522403326,124275.0,124170.0,124285.0,124165.0,14695325.5
2024-06-24 13:25:00,124225.02391075737,124102.1189463855,124220.0,124210.0,124310.0,124205.0,13755115.0
2024-06-24 13:30:00,124231.55467612794,124109.87389530064,124185.0,124160.0,124240.0,124155.0,15150580.5
2024-06-24 13:35:00,124230.94492908446,124154.76935662983,124190.0,124145.0,124220.0,124140.0,14118872.0
2024-06-24 13:40:00,124229.25659242776,124169.31483614366,124160.0,124120.0,124200.0,124120.0,13373126.5
2024-06-24 13:45:00,124229.66965564234,124170.33034435766,124185.0,124150.0,124230.0,124125.0,13846296.5
2024-06-24 13:50:00,124228.17168343092,124161.82831656908,124150.0,124105.0,124185.0,124100.0,14512766.0
2024-06-24 13:55:00,124198.16887934615,124161.83112065385,124170.0,124145.0,124225.0,124140.0,13995094.0
2024-06-24 14:00:00,124198.16887934615,124161.83112065385,124220.0,124145.0,124220.0,124130.0,13310806.0
2024-06-24 14:05:00,124195.73086970279,124147.12627315434,124125.0,124125.0,124245.0,124110.0,14529608.0
2024-06-24 14:10:00,124188.96537760379,124133.89176525334,124120.0,124060.0,124130.0,124060.0,12881725.5
2024-06-24 14:15:00,124185.87384449202,124122.6975840794,124110.0,124055.0,124125.0,124055.0,12198855.5
2024-06-24 14:20:00,124177.15117549754,124117.13453878817,124135.0,124125.0,124165.0,124110.0,12439018.0
2024-06-24 14:25:00,124195.9449290848,124119.76935662949,124225.0,124130.0,124240.0,124115.0,14951193.5
2024-06-24 14:30:00,124198.84669792141,124121.15330207859,124185.0,124185.0,124250.0,124175.0,13986481.0
2024-06-24 14:35:00,124228.94933408135,124115.33638020436,124305.0,124175.0,124335.0,124175.0,13656138.0
2024-06-24 14:40:00,124237.54886315939,124128.1654225549,124200.0,124205.0,124315.0,124190.0,13330966.5
2024-06-24 14:45:00,124240.56706828659,124139.43293171341,124170.0,124155.0,124215.0,124145.0,13585211.5
2024-06-24 14:50:00,124240.41141425302,124146.73144288985,124135.0,124065.0,124190.0,124065.0,13838546.0
2024-06-24 14:55:00,124245.69979521856,124161.4430619243,124205.0,124140.0,124210.0,124135.0,14230655.0
2024-06-24 15:00:00,124239.55689267677,124156.15739303752,124185.0,124135.0,124225.0,124135.0,13697115.5
2024-06-24 15:05:00,124248.86957502936,124162.55899639922,124240.0,124155.0,124250.0,124150.0,13612646.5
2024-06-24 15:10:00,124217.49921603379,124165.35792682334,124205.0,124195.0,124285.0,124195.0,13170061.0
2024-06-24 15:15:00,124219.43958285304,124166.27470286125,124210.0,124160.0,124220.0,124160.0,12791729.0
2024-06-24 15:20:00,124219.43958285304,124166.27470286125,124170.0,124175.0,124235.0,124165.0,12680481.5
2024-06-24 15:25:00,124219.03197916364,124168.11087797923,124140.0,124120.0,124215.0,124115.0,13298683.0
2024-06-24 15:30:00,124217.57528114006,124133.85329028852,124080.0,124040.0,124140.0,124040.0,13797869.5
2024-06-24 15:35:00,124211.9257308026,124125.21712634027,124135.0,124075.0,124145.0,124075.0,13056950.5
2024-06-24 15:40:00,124195.1465514936,124123.42487707782,124175.0,124105.0,124190.0,124105.0,13656492.0
2024-06-24 15:45:00,124199.50652981803,124123.3506130391,124220.0,124185.0,124230.0,124170.0,14593817.5
2024-06-24 15:50:00,124183.3572791158,124108.07129231279,124100.0,124095.0,124230.0,124095.0,14029412.0
2024-06-24 15:55:00,124175.39060741222,124100.32367830207,124115.0,124080.0,124145.0,124080.0,12858887.0
2024-06-24 16:00:00,124171.62668738021,124094.08759833408,124105.0,124060.0,124140.0,124060.0,13663547.0
2024-06-24 16:05:00,124173.73049926067,124104.84092931075,124125.0,124080.0,124135.0,124075.0,13205174.5
2024-06-24 16:10:00,124172.56172875932,124103.15255695497,124125.0,124070.0,124150.0,124070.0,13503374.0
2024-06-24 16:15:00,124163.61530386786,124099.24183898927,124130.0,124095.0,124165.0,124095.0,13653679.0
2024-06-24 16:20:00,124150.80530360086,124103.48041068485,124190.0,124135.0,124215.0,124125.0,14738123.5
2024-06-24 16:25:00,124150.72994677226,124100.69862465632,124090.0,124085.0,124195.0,124085.0,14760607.0
2024-06-24 16:30:00,124172.50167489007,124104.6411822528,124205.0,124090.0,124210.0,124090.0,15035301.5
2024-06-24 16:35:00,124195.71914019434,124115.70943123424,124225.0,124180.0,124240.0,124180.0,13265736.0
2024-06-24 16:40:00,124244.89587826292,124122.24697887995,124320.0,124150.0,124350.0,124150.0,13776850.0
2024-06-24 16:45:00,124273.20007258626,124142.51421312803,124295.0,124245.0,124345.0,124245.0,14167856.5
2024-06-24 16:50:00,124289.05940782919,124166.6548778851,124270.0,124260.0,124315.0,124260.0,14379836.0
2024-06-24 16:55:00,124294.03985890075,124174.53156967067,124235.0,124175.0,124270.0,124175.0,14981066.0
2024-06-24 17:00:00,124288.20194344649,124223.22662798209,124240.0,124170.0,124255.0,124170.0,14483288.5
2024-06-24 17:05:00,124288.09664698294,124226.18906730277,124215.0,124190.0,124260.0,124190.0,15204474.5
2024-06-24 17:10:00,124288.0862071154,124217.6280785989,124195.0,124160.0,124220.0,124160.0,15920769.0
2024-06-24 17:15:00,124270.1397851538,124217.00307198906,124255.0,124190.0,124260.0,124190.0,13937128.5
2024-06-24 17:20:00,124256.21464821948,124216.64249463765,124245.0,124200.0,124255.0,124200.0,13341924.5
2024-06-24 17:25:00,124245.54105958722,124213.0303689842,124220.0,124205.0,124245.0,124205.0,14037195.5
2024-06-24 17:30:00,124248.81856930214,124214.038573555,124250.0,124220.0,124275.0,124215.0,15183001.5
2024-06-24 17:35:00,124263.40690244964,124213.73595469323,124290.0,124240.0,124300.0,124240.0,14228818.5
2024-06-24 17:40:00,124273.84150820295,124221.87277751134,124280.0,124265.0,124300.0,124265.0,13446930.5
2024-06-24 17:45:00,124277.2682287397,124239.87462840317,124270.0,124260.0,124310.0,124260.0,13397501.5
2024-06-24 17:50:00,124287.31103246269,124242.68896753731,124300.0,124270.0,124300.0,124270.0,13335889.5
2024-06-24 17:55:00,124296.07248526606,124249.64180044823,124300.0,124275.0,124340.0,124275.0,11747660.0
2024-06-25 10:00:00,124339.3012900123,124120.6987099877,123920.0,123990.0,124000.0,123870.0,12765516.5
2024-06-25 10:05:00,124322.62553728328,124078.8030341453,124045.0,124035.0,124075.0,123895.0,12747081.5
2024-06-25 10:10:00,124292.13889902017,124046.43252955125,124070.0,124075.0,124175.0,124045.0,12422042.5
2024-06-25 10:15:00,124254.20977220689,123970.07594207882,123880.0,124035.0,124100.0,123765.0,13518295.0
2024-06-25 10:20:00,124208.81314373956,123944.04399911757,124020.0,124035.0,124070.0,123870.0,13191966.5
2024-06-25 10:25:00,124138.11687428484,123920.45455428658,123970.0,124000.0,124015.0,123920.0,13511753.5
2024-06-25 10:30:00,124061.6570726791,123936.91435589232,124090.0,124035.0,124105.0,123885.0,13004416.0
2024-06-25 10:35:00,124154.29797671523,123951.41630899906,124295.0,124080.0,124410.0,124040.0,13186965.0
2024-06-25 10:40:00,124151.2050626612,123947.36636591022,124020.0,124035.0,124330.0,123950.0,12848857.5
2024-06-25 10:45:00,124143.5093704859,123939.34777237123,124015.0,124035.0,124115.0,123935.0,12451652.0
2024-06-25 10:50:00,124148.18416238806,123976.10155189765,124025.0,124035.0,124170.0,123985.0,12421038.5
2024-06-25 10:55:00,124146.92415837379,123973.07584162621,124005.0,124015.0,124025.0,123845.0,12790844.5
2024-06-25 11:00:00,124152.239297866,123989.18927356257,124045.0,124035.0,124065.0,123890.0,12608453.5
2024-06-25 11:05:00,124139.00289367586,123958.13996346701,123935.0,124035.0,124060.0,123930.0,12027342.5
2024-06-25 11:10:00,124031.97931736027,123973.73496835402,123975.0,124035.0,124125.0,123910.0,13143235.5
2024-06-25 11:15:00,124025.20320887718,123963.36821969424,123960.0,124035.0,124035.0,123925.0,12236811.5
2024-06-25 11:20:00,124049.05131875581,123962.37725267277,124095.0,124035.0,124120.0,123910.0,12377260.5
2024-06-25 11:25:00,124059.49146972966,123964.79424455605,124070.0,124075.0,124145.0,124060.0,12881522.5
2024-06-25 11:30:00,124055.2362070705,123953.33522150092,123950.0,124035.0,124080.0,123940.0,12872135.5
2024-06-25 11:35:00,124042.08360200276,123912.20211228295,123855.0,123950.0,123955.0,123815.0,12982601.0
2024-06-25 11:40:00,124040.64850593911,123882.20863691802,123825.0,123910.0,123910.0,123780.0,13263027.5
2024-06-25 11:45:00,124028.69741915308,123847.01686656121,123810.0,123840.0,123840.0,123690.0,13441772.5
2024-06-25 11:50:00,124018.38269005185,123834.47445280528,123880.0,123895.0,123895.0,123775.0,12854856.5
2024-06-25 11:55:00,123967.7654650526,123826.52024923312,123890.0,123915.0,123925.0,123830.0,13043809.0
2024-06-25 12:00:00,123900.68004266231,123812.17710019482,123785.0,123905.0,123905.0,123785.0,12867470.5
2024-06-25 12:05:00,123869.256592432,123809.31483613943,123830.0,123840.0,123850.0,123740.0,12516473.5
2024-06-25 12:10:00,123864.16904951764,123804.40237905378,123820.0,123860.0,123865.0,123765.0,12604461.5
2024-06-25 12:15:00,123866.33680729434,123767.94890699137,123705.0,123815.0,123825.0,123690.0,12870326.5
2024-06-25 12:20:00,123862.19721253244,123739.23135889614,123695.0,123775.0,123780.0,123600.0,13554469.0
2024-06-25 12:25:00,123836.31047543717,123700.8323817057,123655.0,123695.0,123700.0,123605.0,13095525.0
2024-06-25 12:30:00,123795.01817744502,123667.83896541211,123630.0,123735.0,123735.0,123605.0,13431369.0
2024-06-25 12:35:00,123777.16195227699,123621.40947629443,123560.0,123640.0,123640.0,123540.0,13842521.0
2024-06-25 12:40:00,123733.16441744924,123595.40701112218,123585.0,123600.0,123600.0,123520.0,13679369.5
2024-06-25 12:45:00,123678.80496256644,123594.05218029069,123625.0,123655.0,123660.0,123560.0,13585428.5
2024-06-25 12:50:00,123659.94103983074,123590.05896016926,123625.0,123665.0,123675.0,123555.0,12695865.0
2024-06-25 12:55:00,123641.14541914647,123590.2831522821,123630.0,123680.0,123680.0,123575.0,12967807.0
2024-06-25 13:00:00,123660.60295205226,123586.53990509061,123710.0,123715.0,123715.0,123585.0,13464925.5
2024-06-25 13:05:00,123657.33349795626,123582.66650204374,123605.0,123720.0,123725.0,123600.0,12800279.5
2024-06-25 13:10:00,123657.22672135121,123584.20185007737,123565.0,123620.0,123625.0,123550.0,12877501.0
2024-06-25 13:15:00,123657.45601040793,123585.4011324492,123590.0,123660.0,123665.0,123560.0,12892397.5
2024-06-25 13:20:00,123672.26117340795,123589.16739802063,123690.0,123710.0,123710.0,123595.0,13392607.5
2024-06-25 13:25:00,123685.03118203368,123594.96881796632,123690.0,123715.0,123720.0,123650.0,13407064.0
2024-06-25 13:30:00,123686.32657407422,123596.53056878291,123640.0,123690.0,123695.0,123605.0,12698169.5
2024-06-25 13:35:00,123695.99186675841,123595.43670467017,123740.0,123765.0,123765.0,123610.0,13812996.0
2024-06-25 13:40:00,123713.15909422374,123609.69804863339,123715.0,123735.0,123745.0,123660.0,13298098.0
2024-06-25 13:45:00,123734.16428315284,123642.97857399003,123755.0,123770.0,123775.0,123665.0,14351683.0
2024-06-25 13:50:00,123749.92670485465,123678.64472371677,123770.0,123805.0,123810.0,123745.0,12859834.0
2024-06-25 13:55:00,123763.63465229537,123687.79391913321,123770.0,123790.0,123795.0,123715.0,13822900.5
2024-06-25 14:00:00,123772.51261726857,123698.91595416001,123760.0,123805.0,123815.0,123730.0,13663912.0
2024-06-25 14:05:00,123777.92495300899,123737.7893327053,123795.0,123830.0,123835.0,123745.0,12341586.5
2024-06-25 14:10:00,123812.29840478688,123739.1301666417,123865.0,123905.0,123915.0,123795.0,14020445.0
2024-06-25 14:15:00,123817.0637421308,123757.2219721549,123795.0,123915.0,123920.0,123730.0,15564857.5
2024-06-25 14:20:00,123820.5372010588,123730.89137036978,123675.0,123805.0,123805.0,123650.0,13845082.0
2024-06-25 14:25:00,123826.29071931324,123735.13785211534,123805.0,123810.0,123820.0,123670.0,13958165.0
2024-06-25 14:30:00,123847.4490366899,123742.5509633101,123870.0,123870.0,123875.0,123760.0,13284794.5
2024-06-25 14:35:00,123849.23921022733,123746.47507548696,123780.0,123955.0,123960.0,123765.0,14629734.0
2024-06-25 14:40:00,123868.27996122786,123753.14861020072,123885.0,123910.0,123915.0,123765.0,13212300.5
2024-06-25 14:45:00,123868.27996122786,123753.14861020072,123865.0,123900.0,123910.0,123815.0,13092472.5
2024-06-25 14:50:00,123944.0106015024,123754.56082706901,124065.0,124035.0,124065.0,123865.0,13345220.5
2024-06-25 14:55:00,123975.50868146983,123814.49131853017,123995.0,124035.0,124110.0,123960.0,13483102.5
2024-06-25 15:00:00,123992.74634022867,123841.53937405704,123960.0,124035.0,124035.0,123950.0,12535355.5
2024-06-25 15:05:00,124010.59873466044,123857.97269391098,123990.0,124005.0,124005.0,123935.0,11604831.5
2024-06-25 15:10:00,124031.82806308336,123912.45765120235,124045.0,124035.0,124080.0,123955.0,12948960.5
2024-06-25 15:15:00,124035.30195136461,123931.84090577826,123965.0,124035.0,124040.0,123950.0,12908039.0
2024-06-25 15:20:00,124030.97991927338,123953.30579501233,123925.0,123960.0,123970.0,123890.0,13732182.0
2024-06-25 15:25:00,124008.63830958553,123949.9331189859,123975.0,123990.0,123995.0,123910.0,13162944.5
2024-06-25 15:30:00,124003.12733432,123944.01552282287,123955.0,123990.0,124000.0,123945.0,13277685.5
2024-06-25 15:35:00,124002.32528241287,123941.96043187284,123950.0,123990.0,123990.0,123930.0,12730768.5
2024-06-25 15:40:00,123996.1190978036,123935.30947362498,123945.0,123980.0,123985.0,123930.0,12011615.0
2024-06-25 15:45:00,123972.97833781395,123941.30737647176,123985.0,124010.0,124010.0,123950.0,13315530.0
2024-06-25 15:50:00,123969.64977810573,123931.77879332285,123920.0,123990.0,123990.0,123875.0,13830686.5
2024-06-25 15:55:00,123969.70015865943,123933.1569841977,123930.0,123935.0,123940.0,123845.0,14063007.5
2024-06-25 16:00:00,123964.18141573304,123931.53286998125,123950.0,123955.0,123960.0,123875.0,12948641.5
2024-06-25 16:05:00,123966.01754148617,123899.69674422812,123850.0,123935.0,123955.0,123830.0,13766047.5
2024-06-25 16:10:00,123959.89232408338,123892.96481877375,123905.0,123910.0,123910.0,123810.0,13449552.0
2024-06-25 16:15:00,123955.06538135359,123889.22033293212,123915.0,123935.0,123935.0,123850.0,13628661.5
2024-06-25 16:20:00,123933.22389504102,123878.20467638756,123870.0,123920.0,123925.0,123840.0,13317733.5
2024-06-25 16:25:00,123931.41170470441,123877.15972386701,123910.0,123945.0,123950.0,123870.0,13321284.5
2024-06-25 16:30:00,123922.8402761331,123868.58829529549,123870.0,123930.0,123930.0,123845.0,14865249.5
2024-06-25 16:35:00,123904.6359729461,123851.0783127682,123825.0,123870.0,123870.0,123815.0,14081205.0
2024-06-25 16:40:00,123906.99186553832,123830.15099160455,123785.0,123840.0,123845.0,123770.0,14324232.5
2024-06-25 16:45:00,123894.65721043422,123816.77136099436,123815.0,123845.0,123845.0,123785.0,14065605.0
2024-06-25 16:50:00,123874.81566678447,123799.47004750124,123785.0,123830.0,123830.0,123765.0,14533917.5
2024-06-25 16:55:00,123864.61476827934,123791.09951743495,123805.0,123835.0,123835.0,123765.0,16006617.5
2024-06-25 17:00:00,123845.99876511209,123794.00123488791,123855.0,123875.0,123875.0,123805.0,15962801.5
2024-06-25 17:05:00,123855.1002605689,123792.04259657397,123895.0,123910.0,123910.0,123850.0,15770383.5
2024-06-25 17:10:00,123876.56163497755,123794.86693645103,123910.0,123940.0,123945.0,123895.0,13989877.0
2024-06-25 17:15:00,123893.9238083231,123811.79047739119,123905.0,123920.0,123920.0,123865.0,14024852.5
2024-06-25 17:20:00,123915.03118203203,123824.96881796797,123935.0,123940.0,123945.0,123905.0,16147263.0
2024-06-25 17:25:00,123923.6407713029,123853.50208583997,123915.0,123960.0,123960.0,123905.0,15603520.0
2024-06-25 17:30:00,123933.34033936764,123885.23108920378,123950.0,123985.0,123985.0,123905.0,15716131.0
2024-06-25 17:35:00,123938.94170596579,123905.34400831992,123945.0,123950.0,123950.0,123920.0,14166254.5
2024-06-25 17:40:00,123942.99694087636,123914.14591626651,123940.0,123960.0,123970.0,123920.0,13200981.0
2024-06-25 17:45:00,123945.97831902078,123919.73596669351,123940.0,123975.0,123975.0,123925.0,12828858.5
2024-06-25 17:50:00,123953.47920037094,123929.37794248619,123965.0,123980.0,123980.0,123940.0,10921074.5
2024-06-25 17:55:00,123960.85408373305,123932.00305912408,123970.0,123990.0,124000.0,123945.0,11627769.0
2024-06-26 10:00:00,124068.97759432334,123621.02240567666,123205.0,123290.0,123300.0,123090.0,12677008.5
2024-06-26 10:05:00,124024.50150621033,123474.06992236109,123280.0,123315.0,123325.0,123205.0,11883391.5
2024-06-26 10:10:00,123956.58630909913,123399.12797661516,123445.0,123450.0,123455.0,123285.0,11916984.0
2024-06-26 10:15:00,123870.48975589588,123318.08167267554,123355.0,123480.0,123490.0,123300.0,12340391.0
2024-06-26 10:20:00,123756.21503379592,123216.64210906121,123185.0,123400.0,123405.0,123180.0,12442011.0
2024-06-26 10:25:00,123595.58990321092,123147.26723964621,123160.0,123285.0,123295.0,123090.0,12689132.0
2024-06-26 10:30:00,123343.41248576313,123173.73037137974,123180.0,123310.0,123320.0,123110.0,12690937.0
2024-06-26 10:35:00,123342.99077479677,123122.72351091752,123025.0,123235.0,123245.0,122975.0,12555438.0
2024-06-26 10:40:00,123322.68282233366,123045.88860623776,122940.0,123120.0,123120.0,122920.0,12757511.0
2024-06-26 10:45:00,123232.39048357464,122993.32380213965,122945.0,123050.0,123050.0,122860.0,13610052.0
2024-06-26 10:50:00,123151.76228095766,122981.09486189947,123030.0,123115.0,123120.0,122940.0,13177436.0
2024-06-26 10:55:00,123136.04993273244,122979.66435298185,123125.0,123175.0,123175.0,123035.0,12557210.5
2024-06-26 11:00:00,123151.07609752948,122978.92390247052,123210.0,123260.0,123260.0,123085.0,12379300.5
2024-06-26 11:05:00,123129.39179011079,122974.89392417492,123090.0,123275.0,123285.0,123080.0,13206755.5
2024-06-26 11:10:00,123144.69290465214,122986.73566677644,123120.0,123175.0,123190.0,123085.0,12030751.5
2024-06-26 11:15:00,123253.80966129733,123014.76176727409,123420.0,123420.0,123425.0,123120.0,12534544.5
2024-06-26 11:20:00,123305.9500072345,123078.33570705121,123350.0,123510.0,123515.0,123345.0,14035267.0
2024-06-26 11:25:00,123317.25939106209,123119.88346608078,123215.0,123410.0,123410.0,123215.0,13378792.0
2024-06-26 11:30:00,123320.07195266976,123129.92804733024,123170.0,123265.0,123265.0,123115.0,13229465.0
2024-06-26 11:35:00,123328.44733102056,123137.26695469372,123265.0,123315.0,123320.0,123160.0,13001388.0
2024-06-26 11:40:00,123329.8253166848,123158.74611188662,123170.0,123265.0,123265.0,123135.0,12923924.0
2024-06-26 11:45:00,123331.60672134908,123178.39327865092,123195.0,123230.0,123240.0,123135.0,13156637.5
2024-06-26 11:50:00,123281.56183325607,123179.86673817251,123250.0,123295.0,123295.0,123195.0,13039971.0
2024-06-26 11:55:00,123240.53789130638,123182.31925155075,123215.0,123235.0,123260.0,123185.0,13159891.0
2024-06-26 12:00:00,123254.86597843842,123185.13402156158,123275.0,123295.0,123295.0,123195.0,13421628.5
2024-06-26 12:05:00,123282.23008143975,123200.62706141738,123320.0,123365.0,123365.0,123265.0,13193804.5
2024-06-26 12:10:00,123274.2657765485,123165.7342234515,123115.0,123350.0,123355.0,123110.0,13714621.5
2024-06-26 12:15:00,123274.05265925283,123164.51876931859,123165.0,123220.0,123220.0,123095.0,13251544.0
2024-06-26 12:20:00,123282.78785677656,123172.92642893773,123255.0,123270.0,123270.0,123165.0,12803908.0
2024-06-26 12:25:00,123287.90466010578,123174.95248275135,123275.0,123295.0,123300.0,123220.0,12339037.0
2024-06-26 12:30:00,123292.81180446567,123180.04533839146,123250.0,123320.0,123325.0,123230.0,13092228.0
2024-06-26 12:35:00,123314.19486797067,123181.51941774362,123355.0,123390.0,123390.0,123250.0,13011881.0
2024-06-26 12:40:00,123314.19486797067,123181.51941774362,123320.0,123385.0,123385.0,123280.0,13108988.5
2024-06-26 12:45:00,123334.50890602115,123228.34823683598,123350.0,123360.0,123360.0,123275.0,12565881.0
2024-06-26 12:50:00,123393.99710590362,123261.71717981067,123490.0,123520.0,123520.0,123350.0,13727933.5
2024-06-26 12:55:00,123461.27874469412,123281.57839816301,123560.0,123585.0,123585.0,123455.0,12996318.5
2024-06-26 13:00:00,123544.84296387066,123309.44275041505,123665.0,123725.0,123730.0,123540.0,13450324.0
2024-06-26 13:05:00,123612.09531496461,123367.90468503539,123690.0,123735.0,123740.0,123655.0,13569321.0
2024-06-26 13:10:00,123655.80952528004,123412.76190329138,123665.0,123685.0,123695.0,123595.0,14540637.5
2024-06-26 13:15:00,123694.47262311213,123485.52737688787,123710.0,123770.0,123775.0,123665.0,13435962.5
2024-06-26 13:20:00,123720.49144896306,123575.22283675123,123755.0,123785.0,123785.0,123715.0,13191054.0
2024-06-26 13:25:00,123741.64262797603,123632.64308630968,123765.0,123800.0,123805.0,123720.0,13415624.0
2024-06-26 13:30:00,123759.91118810787,123680.08881189213,123790.0,123875.0,123890.0,123725.0,14348824.0
2024-06-26 13:35:00,123769.74401465406,123697.39884248881,123760.0,123785.0,123800.0,123710.0,13587811.5
2024-06-26 13:40:00,123789.52242611368,123711.9061453149,123810.0,123840.0,123855.0,123755.0,13790455.0
2024-06-26 13:45:00,123812.59432263726,123741.69139164845,123850.0,123880.0,123880.0,123755.0,13323481.5
2024-06-26 13:50:00,123837.86689351696,123763.56167791162,123875.0,123955.0,123960.0,123845.0,14546048.5
2024-06-26 13:55:00,123848.86417905237,123778.2786780905,123845.0,123915.0,123920.0,123805.0,13873047.0
2024-06-26 14:00:00,123868.53077545289,123794.32636740424,123890.0,123905.0,123905.0,123790.0,13587101.5
2024-06-26 14:05:00,123868.53077545289,123794.32636740424,123790.0,123875.0,123905.0,123720.0,14176783.5
2024-06-26 14:10:00,123870.80683689984,123783.47887738587,123730.0,123820.0,123825.0,123725.0,14505250.5
2024-06-26 14:15:00,123868.14976931862,123773.27880210995,123765.0,123835.0,123845.0,123725.0,13221518.0
2024-06-26 14:20:00,123870.31430406145,123773.97141022426,123860.0,123945.0,123945.0,123760.0,13402430.5
2024-06-26 14:25:00,123865.49014301985,123773.08128555157,123855.0,123890.0,123890.0,123810.0,13203118.5
2024-06-26 14:30:00,123885.17545593184,123774.82454406816,123920.0,123925.0,123930.0,123820.0,13019901.5
2024-06-26 14:35:00,123879.21193098831,123773.64521186882,123865.0,123990.0,123995.0,123840.0,13555418.5
2024-06-26 14:40:00,123886.4912130017,123783.5087869983,123850.0,123895.0,123900.0,123830.0,13798050.5
2024-06-26 14:45:00,123890.58225019701,123817.98917837441,123865.0,123905.0,123905.0,123810.0,13153351.0
2024-06-26 14:50:00,123885.4429749993,123843.12845357212,123835.0,123855.0,123865.0,123800.0,16061384.0
2024-06-26 14:55:00,123898.02619986425,123846.25951442146,123915.0,123965.0,123965.0,123840.0,13827845.0
2024-06-26 15:00:00,123930.30312406924,123849.69687593076,123980.0,124000.0,124000.0,123915.0,13400194.0
2024-06-26 15:05:00,123988.99732315772,123841.00267684228,124095.0,124100.0,124100.0,123945.0,13717862.5
2024-06-26 15:10:00,124039.47681303484,123859.09461553658,124105.0,124150.0,124200.0,124085.0,13604913.0
2024-06-26 15:15:00,124063.70025438376,123890.58545990195,124045.0,124125.0,124125.0,124025.0,13487279.5
2024-06-26 15:20:00,124085.6163319489,123925.81223947968,124065.0,124075.0,124080.0,124025.0,13856400.5
2024-06-26 15:25:00,124086.0431380919,123979.67114762239,124025.0,124080.0,124080.0,123990.0,13221240.0
2024-06-26 15:30:00,124082.22672134741,124009.20185008117,124005.0,124055.0,124055.0,123960.0,13975705.0
2024-06-26 15:35:00,124081.85799283859,124020.99915001854,124020.0,124060.0,124060.0,123970.0,13927046.5
2024-06-26 15:40:00,124067.61413644154,124002.38586355846,123980.0,124035.0,124035.0,123965.0,14384246.0
2024-06-26 15:45:00,124045.31395369535,123974.68604630465,123930.0,124000.0,124000.0,123900.0,15433406.5
2024-06-26 15:50:00,124044.58151010689,123905.41848989311,123800.0,123935.0,123935.0,123755.0,15271276.0
2024-06-26 15:55:00,124022.02017477762,123825.12268236525,123705.0,123865.0,123865.0,123685.0,14680124.5
2024-06-26 16:00:00,123987.9472257222,123789.19563142068,123780.0,123785.0,123785.0,123670.0,13584166.0
2024-06-26 16:05:00,123949.75396975088,123755.96031596341,123755.0,123810.0,123815.0,123740.0,14110916.5
2024-06-26 16:10:00,123892.95219642876,123718.47637499982,123690.0,123775.0,123775.0,123650.0,13213284.5
2024-06-26 16:15:00,123842.81384122356,123717.18615877644,123800.0,123815.0,123815.0,123695.0,12424756.5
2024-06-26 16:20:00,123815.03427422447,123723.53715434695,123855.0,123890.0,123890.0,123800.0,13834531.0
2024-06-26 16:25:00,123850.91821294915,123721.93892990798,123920.0,123960.0,123960.0,123840.0,13604488.5
2024-06-26 16:30:00,123886.79016248872,123748.92412322557,123925.0,123960.0,123960.0,123890.0,14053582.5
2024-06-26 16:35:00,123914.0028188467,123764.56860972472,123930.0,124005.0,124005.0,123915.0,14044756.5
2024-06-26 16:40:00,123948.45583956082,123792.97273186776,123975.0,123980.0,123980.0,123910.0,14416171.0
2024-06-26 16:45:00,123961.8770766745,123860.98006618263,123975.0,124045.0,124045.0,123965.0,15475591.0
2024-06-26 16:50:00,124109.07441916096,123863.78272369617,124325.0,124150.0,124330.0,123960.0,15293488.5
2024-06-26 16:55:00,124182.28657898518,123907.71342101482,124265.0,124230.0,124350.0,124230.0,15334784.0
2024-06-26 17:00:00,124229.67040171965,123950.32959828035,124235.0,124150.0,124265.0,124150.0,14729331.0
2024-06-26 17:05:00,124278.17429507783,124004.6828477793,124285.0,124230.0,124305.0,124225.0,13744846.0
2024-06-26 17:10:00,124288.79376680484,124058.34909033803,124155.0,124150.0,124295.0,124150.0,14361776.0
2024-06-26 17:15:00,124291.24139171919,124103.04432256652,124140.0,124150.0,124195.0,124110.0,14352148.0
2024-06-26 17:20:00,124280.88760103712,124161.96954182001,124145.0,124150.0,124185.0,124110.0,13495457.0
2024-06-26 17:25:00,124246.0959766332,124145.33259479539,124145.0,124150.0,124205.0,124130.0,14974957.0
2024-06-26 17:30:00,124223.02337745184,124124.11947969103,124110.0,124150.0,124165.0,124100.0,13493130.0
2024-06-26 17:35:00,124204.63162976044,124113.93979881098,124135.0,124150.0,124160.0,124105.0,14399571.5
2024-06-26 17:40:00,124155.84996116304,124128.43575312267,124165.0,124150.0,124195.0,124135.0,14403371.0
2024-06-26 17:45:00,124160.05013035888,124128.52129821254,124170.0,124150.0,124195.0,124150.0,13224624.0
2024-06-26 17:50:00,124195.16526270259,124124.83473729741,124250.0,124170.0,124270.0,124170.0,13938034.0
2024-06-26 17:55:00,124225.26105541814,124130.45323029615,124270.0,124220.0,124295.0,124215.0,14090352.5
2024-06-27 10:00:00,124422.98156955818,124094.16128758469,124710.0,124670.0,124760.0,124665.0,12794994.5
2024-06-27 10:05:00,124509.67360834984,124146.04067736445,124595.0,124570.0,124755.0,124570.0,13016546.5
2024-06-27 10:10:00,124594.1529881133,124211.56129760099,124660.0,124590.0,124780.0,124585.0,12517562.5
2024-06-27 10:15:00,124690.4857950712,124290.94277635738,124780.0,124610.0,124825.0,124610.0,13021945.0
2024-06-27 10:20:00,124805.79355518683,124397.0635876703,124945.0,124795.0,124980.0,124780.0,12650839.0
2024-06-27 10:25:00,124977.75390225736,124505.10324059977,125230.0,124955.0,125255.0,124940.0,13683073.5
2024-06-27 10:30:00,125018.86004524598,124666.85424046831,124980.0,124910.0,125290.0,124910.0,14528747.5
2024-06-27 10:35:00,125070.0153577634,124712.84178509373,125050.0,124915.0,125140.0,124905.0,13731180.5
2024-06-27 10:40:00,125112.00786016301,124809.42071126557,125080.0,124965.0,125160.0,124960.0,14022315.0
2024-06-27 10:45:00,125145.97671370495,124914.02328629505,125145.0,125045.0,125220.0,125040.0,14251660.0
2024-06-27 10:50:00,125167.4318877309,125003.99668369768,125170.0,124985.0,125280.0,124980.0,14438976.5
2024-06-27 10:55:00,125203.97864992358,125051.73563579071,125240.0,125125.0,125315.0,125125.0,13335260.5
2024-06-27 11:00:00,125202.57287499048,125051.71283929523,125225.0,125150.0,125345.0,125145.0,14265478.5
2024-06-27 11:05:00,125208.07328364995,125097.64100206434,125160.0,125100.0,125240.0,125090.0,14782454.0
2024-06-27 11:10:00,125225.49014300981,125133.08128556161,125235.0,125155.0,125275.0,125145.0,13823028.5
2024-06-27 11:15:00,125223.73197098834,125141.98231472594,125105.0,125085.0,125275.0,125075.0,14373967.5
2024-06-27 11:20:00,125240.81555224219,125059.18444775781,124915.0,124870.0,125135.0,124870.0,14437079.0
2024-06-27 11:25:00,125226.9861806616,125005.87096219553,124935.0,124900.0,124985.0,124870.0,14729176.0
2024-06-27 11:30:00,125185.3344470475,124950.37983866679,124900.0,124845.0,124990.0,124845.0,14652847.0
2024-06-27 11:35:00,125137.88315627497,124926.40255801074,124975.0,124915.0,125040.0,124895.0,14833272.5
2024-06-27 11:40:00,125096.20506265818,124892.36636591324,124895.0,124865.0,125020.0,124850.0,14917172.0
2024-06-27 11:45:00,125005.38393012594,124883.18749844548,124885.0,124870.0,124960.0,124855.0,14239573.0
2024-06-27 11:50:00,124957.27788627562,124812.72211372438,124690.0,124680.0,124920.0,124675.0,14294266.0
2024-06-27 11:55:00,124952.9587876893,124718.46978373927,124570.0,124555.0,124765.0,124550.0,14933924.5
2024-06-27 12:00:00,124919.26440530502,124637.87845183785,124535.0,124460.0,124615.0,124460.0,15331306.0
2024-06-27 12:05:00,124877.99443355271,124593.43413787587,124600.0,124490.0,124640.0,124490.0,14187077.0
2024-06-27 12:10:00,124799.77731847759,124560.22268152241,124585.0,124535.0,124655.0,124535.0,13905776.0
2024-06-27 12:15:00,124730.63258186226,124540.79598956632,124585.0,124535.0,124635.0,124535.0,15498254.5
2024-06-27 12:20:00,124633.42681366223,124558.00175776635,124605.0,124530.0,124645.0,124530.0,13443448.0
2024-06-27 12:25:00,124639.55689267382,124556.15739304047,124705.0,124605.0,124750.0,124600.0,13439537.0
2024-06-27 12:30:00,124700.51653604134,124559.48346395866,124795.0,124690.0,124825.0,124685.0,14298668.5
2024-06-27 12:35:00,124786.15363832621,124582.4177902452,124915.0,124780.0,124940.0,124770.0,14659270.0
2024-06-27 12:40:00,124854.32550431299,124611.3887814013,124940.0,124895.0,124975.0,124885.0,14505254.5
2024-06-27 12:45:00,124923.91534801056,124660.37036627515,125000.0,124915.0,125005.0,124910.0,14582011.5
2024-06-27 12:50:00,124974.5137480867,124729.77196619901,125005.0,124970.0,125080.0,124955.0,14565067.0
2024-06-27 12:55:00,125024.66975000074,124816.75882142784,125085.0,124985.0,125120.0,124985.0,13141714.0
2024-06-27 13:00:00,125031.87805582624,124888.12194417376,124980.0,124970.0,125120.0,124970.0,13864572.0
2024-06-27 13:05:00,125025.20540673079,124929.08030755492,124915.0,124915.0,125025.0,124910.0,13759745.5
2024-06-27 13:10:00,125026.151174258,124936.70596859913,124945.0,124900.0,124970.0,124895.0,13568187.5
2024-06-27 13:15:00,125025.62577205572,124925.80279937286,124900.0,124880.0,125005.0,124880.0,13394612.0
2024-06-27 13:20:00,125020.6149128877,124922.24222996943,124970.0,124875.0,125005.0,124875.0,14269497.0
2024-06-27 13:25:00,125007.82340930954,124899.31944783333,124880.0,124855.0,125015.0,124855.0,13694651.0
2024-06-27 13:30:00,124957.49839072555,124896.78732356016,124900.0,124845.0,124920.0,124845.0,14024541.0
2024-06-27 13:35:00,124939.50240052181,124884.7833137639,124875.0,124850.0,124910.0,124850.0,12712863.0
2024-06-27 13:40:00,124941.20321291717,124885.9396442257,124925.0,124860.0,124940.0,124855.0,13226146.0
2024-06-27 13:45:00,124957.01082161561,124884.41774981297,124995.0,124940.0,125000.0,124925.0,15131877.0
2024-06-27 13:50:00,124965.31887040517,124891.8239867377,124955.0,124915.0,125015.0,124915.0,14495719.0
2024-06-27 13:55:00,124958.5015552754,124890.06987329602,124940.0,124925.0,125000.0,124920.0,13695317.5
2024-06-27 14:00:00,124966.3024743233,124903.6975256767,124955.0,124925.0,124985.0,124920.0,14919200.0
2024-06-27 14:05:00,124966.50199076055,124894.92658066803,124870.0,124835.0,124950.0,124835.0,14074883.0
2024-06-27 14:10:00,124976.02378327932,124852.5476452921,124760.0,124715.0,124900.0,124715.0,14190028.5
2024-06-27 14:15:00,124968.27429940924,124840.29712916218,124855.0,124715.0,124890.0,124715.0,13939693.0
2024-06-27 14:20:00,125003.43577088055,124835.13565769087,125100.0,124860.0,125115.0,124855.0,13583055.5
2024-06-27 14:25:00,125044.9943639309,124839.2913503548,125115.0,125065.0,125160.0,125065.0,13911902.5
2024-06-27 14:30:00,125067.9964420211,124850.57498655032,125060.0,125010.0,125130.0,125010.0,13681628.5
2024-06-27 14:35:00,125114.14838751251,124864.42304105891,125165.0,125055.0,125215.0,125055.0,14228775.0
2024-06-27 14:40:00,125160.61185590476,124905.10242980953,125175.0,125135.0,125250.0,125135.0,14246098.0
2024-06-27 14:45:00,125208.27426270129,125003.15430872729,125270.0,125150.0,125285.0,125150.0,13696451.0
2024-06-27 14:50:00,125255.32068420835,125096.10788722023,125345.0,125210.0,125360.0,125210.0,13679978.5
2024-06-27 14:55:00,125290.55638669607,125122.30075616106,125315.0,125295.0,125375.0,125290.0,13561236.0
2024-06-27 15:00:00,125318.92508823634,125152.50348319224,125320.0,125230.0,125365.0,125230.0,14220782.5
2024-06-27 15:05:00,125314.73730478999,125193.83412378143,125190.0,125165.0,125325.0,125165.0,14602101.0
2024-06-27 15:10:00,125319.69607761451,125216.01820809978,125260.0,125135.0,125305.0,125135.0,15012796.0
2024-06-27 15:15:00,125324.74639973728,125243.82502883414,125290.0,125220.0,125305.0,125220.0,13114812.0
2024-06-27 15:20:00,125325.30312405783,125244.69687594217,125275.0,125250.0,125325.0,125250.0,13268197.5
2024-06-27 15:25:00,125310.15907067886,125241.26950074972,125280.0,125250.0,125335.0,125250.0,13042795.5
2024-06-27 15:30:00,125332.65005878027,125238.7785126483,125385.0,125280.0,125400.0,125275.0,13098020.5
2024-06-27 15:35:00,125355.04563182719,125239.24008245852,125400.0,125365.0,125450.0,125365.0,13343097.0
2024-06-27 15:40:00,125373.88102291763,125276.11897708237,125385.0,125355.0,125430.0,125355.0,12914940.5
2024-06-27 15:45:00,125439.9471731627,125290.0528268373,125540.0,125375.0,125565.0,125375.0,13162459.0
2024-06-27 15:50:00,125543.03586495355,125304.10699218932,125700.0,125530.0,125750.0,125530.0,14109588.0
2024-06-27 15:55:00,125637.03043157756,125350.11242556531,125765.0,125660.0,125805.0,125660.0,14119740.0
2024-06-27 16:00:00,125702.81987173305,125421.46584255266,125760.0,125675.0,125805.0,125675.0,15881580.0
2024-06-27 16:05:00,125743.19212143475,125478.23644999383,125725.0,125700.0,125805.0,125695.0,15290430.0
2024-06-27 16:10:00,125783.4493659283,125547.97920550028,125785.0,125705.0,125785.0,125700.0,14976537.0
2024-06-27 16:15:00,125774.1088147067,125643.03404243616,125685.0,125660.0,125800.0,125660.0,14206285.0
2024-06-27 16:20:00,125762.95860059423,125685.6128279772,125650.0,125640.0,125725.0,125640.0,13497033.5
2024-06-27 16:25:00,125762.04466650385,125682.24104778186,125685.0,125625.0,125725.0,125620.0,14151616.0
2024-06-27 16:30:00,125747.91595370667,125656.36976057904,125625.0,125595.0,125700.0,125595.0,14398360.0
2024-06-27 16:35:00,125729.7131109124,125644.57260337331,125655.0,125590.0,125665.0,125590.0,14698427.5
2024-06-27 16:40:00,125727.44992171698,125643.9786497116,125715.0,125650.0,125735.0,125650.0,15435665.0
2024-06-27 16:45:00,125729.41876388386,125643.43837897327,125790.0,125720.0,125825.0,125715.0,15482249.0
2024-06-27 16:50:00,125740.14866621609,125648.42276235533,125740.0,125720.0,125800.0,125715.0,14072595.0
2024-06-27 16:55:00,125767.9846198742,125663.44395155438,125800.0,125730.0,125815.0,125730.0,16576806.0
2024-06-27 17:00:00,125791.28644847235,125675.85640867052,125810.0,125695.0,125820.0,125695.0,16273711.0
2024-06-27 17:05:00,125816.69433493393,125713.30566506607,125845.0,125800.0,125875.0,125800.0,15793596.5
2024-06-27 17:10:00,125821.5725411913,125751.28460166583,125805.0,125775.0,125850.0,125770.0,15913653.0
2024-06-27 17:15:00,125820.07104159964,125764.21467268607,125755.0,125745.0,125800.0,125745.0,15143406.0
2024-06-27 17:20:00,125819.43704790837,125763.42009494876,125785.0,125740.0,125830.0,125740.0,15043717.5
2024-06-27 17:25:00,125823.11003858365,125779.74710427348,125810.0,125780.0,125815.0,125775.0,15397334.5
2024-06-27 17:30:00,125825.61242344079,125781.53043370208,125815.0,125770.0,125820.0,125770.0,14277607.0
2024-06-27 17:35:00,125822.22534950165,125776.34607906977,125780.0,125770.0,125825.0,125770.0,15146178.5
2024-06-27 17:40:00,125811.63261417771,125776.93881439371,125810.0,125780.0,125815.0,125780.0,14341320.0
2024-06-27 17:45:00,125821.41144993201,125777.1599786394,125840.0,125795.0,125845.0,125795.0,16419672.0
2024-06-27 17:50:00,125844.21360106557,125790.07211322014,125880.0,125835.0,125915.0,125835.0,15294083.5
2024-06-27 17:55:00,125870.97545878708,125799.02454121292,125910.0,125885.0,125935.0,125880.0,12679666.5
2024-06-28 10:00:00,125872.83403625368,125768.5945351749,125710.0,125835.0,125885.0,125650.0,13367810.5
2024-06-28 10:05:00,125879.45952565836,125773.39761719877,125855.0,125835.0,125920.0,125710.0,13259689.5
2024-06-28 10:10:00,125881.20958822516,125740.21898320342,125670.0,125835.0,125950.0,125640.0,13195260.5
2024-06-28 10:15:00,125874.63260734153,125728.2245355156,125745.0,125835.0,125855.0,125610.0,13556194.0
2024-06-28 10:20:00,125859.40758465348,125677.73527248939,125610.0,125815.0,125815.0,125535.0,14439906.0
2024-06-28 10:25:00,125826.27010446126,125659.44418125303,125700.0,125720.0,125720.0,125575.0,14499630.5
2024-06-28 10:30:00,125769.2303983184,125646.4838873959,125665.0,125830.0,125830.0,125625.0,14281024.5
2024-06-28 10:35:00,125762.85747808413,125604.28537905874,125540.0,125760.0,125765.0,125465.0,14132201.0
2024-06-28 10:40:00,125712.56145743803,125520.2956854191,125385.0,125570.0,125580.0,125380.0,14894383.5
2024-06-28 10:45:00,125708.03266765559,125377.6816180587,125155.0,125410.0,125420.0,125150.0,15080580.0
2024-06-28 10:50:00,125654.13091105556,125203.01194608731,124945.0,125175.0,125190.0,124930.0,15971186.5
2024-06-28 10:55:00,125589.99098210646,125065.72330360783,124905.0,125075.0,125075.0,124880.0,15086258.5
2024-06-28 11:00:00,125467.00402413541,124920.13883300746,124760.0,125025.0,125025.0,124700.0,16337923.5
2024-06-28 11:05:00,125307.29669369078,124826.98902059493,124780.0,124820.0,124820.0,124710.0,15458629.0
2024-06-28 11:10:00,125143.2038449475,124771.08186933822,124770.0,124855.0,124855.0,124705.0,15073658.5
2024-06-28 11:15:00,124994.95498252053,124773.61644605089,124875.0,124900.0,124900.0,124745.0,14404455.0
2024-06-28 11:20:00,124985.04709809463,124776.38147333395,125130.0,125165.0,125170.0,124855.0,15030697.5
2024-06-28 11:25:00,125029.00142492163,124779.57000364979,125110.0,125320.0,125320.0,125100.0,14902922.5
2024-06-28 11:30:00,125115.73529859119,124791.40755855168,125250.0,125290.0,125300.0,125105.0,15266731.5
2024-06-28 11:35:00,125192.2853409789,124856.28608759253,125255.0,125335.0,125335.0,125220.0,15333246.0
2024-06-28 11:40:00,125285.82929731777,124937.02784553936,125390.0,125390.0,125395.0,125160.0,15557519.0
2024-06-28 11:45:00,125343.44595783993,125056.55404216007,125390.0,125470.0,125475.0,125350.0,15188226.0
2024-06-28 11:50:00,125437.38432623717,125168.32995947712,125595.0,125610.0,125615.0,125335.0,15422360.5
2024-06-28 11:55:00,125513.06785877998,125225.50356979144,125595.0,125640.0,125645.0,125515.0,16375961.5
2024-06-28 12:00:00,125569.89757018951,125314.3881440962,125620.0,125675.0,125675.0,125540.0,15953419.5
2024-06-28 12:05:00,125601.35780685174,125375.78505029113,125575.0,125660.0,125665.0,125495.0,15797292.5
2024-06-28 12:10:00,125611.45097298508,125454.2633127292,125565.0,125615.0,125615.0,125505.0,16083807.0
2024-06-28 12:15:00,125639.5532849466,125503.30385791053,125660.0,125675.0,125675.0,125565.0,16028953.5
2024-06-28 12:20:00,125641.96889689274,125579.45967453584,125665.0,125715.0,125715.0,125575.0,15819039.5
2024-06-28 12:25:00,125642.58811365017,125553.12617206412,125505.0,125645.0,125670.0,125495.0,14915956.5
2024-06-28 12:30:00,125641.93235993499,125552.35335435072,125590.0,125600.0,125600.0,125485.0,15430388.0
2024-06-28 12:35:00,125667.91470964585,125553.51386178273,125715.0,125750.0,125750.0,125565.0,15279338.0
2024-06-28 12:40:00,125682.34985925691,125566.22156931451,125670.0,125730.0,125730.0,125635.0,15850336.5
2024-06-28 12:45:00,125685.43337239501,125575.99519903357,125610.0,125675.0,125675.0,125555.0,14820483.0
2024-06-28 12:50:00,125674.4411970611,125562.70166008177,125575.0,125730.0,125730.0,125565.0,15928534.0
2024-06-28 12:55:00,125657.93884400673,125532.06115599327,125500.0,125615.0,125620.0,125460.0,17099321.0
2024-06-28 13:00:00,125659.74108446247,125514.54462982324,125450.0,125550.0,125550.0,125445.0,13890780.0
2024-06-28 13:05:00,125652.83360187477,125460.02354098237,125375.0,125500.0,125515.0,125360.0,15001867.0
2024-06-28 13:10:00,125599.51537189956,125413.34177095757,125365.0,125420.0,125425.0,125360.0,16125161.0
2024-06-28 13:15:00,125543.73093114932,125376.26906885068,125345.0,125385.0,125410.0,125295.0,15317904.0
2024-06-28 13:20:00,125493.31639585164,125355.25503271978,125360.0,125360.0,125375.0,125260.0,14890395.0
2024-06-28 13:25:00,125438.87561723623,125328.26723990664,125290.0,125410.0,125410.0,125260.0,14701829.0
2024-06-28 13:30:00,125397.13486334594,125314.29370808264,125305.0,125400.0,125400.0,125280.0,14502307.0
2024-06-28 13:35:00,125366.70075771789,125279.0135279964,125220.0,125345.0,125350.0,125155.0,14379711.5
2024-06-28 13:40:00,125356.5828376404,125276.27430521674,125330.0,125330.0,125335.0,125205.0,15005930.5
2024-06-28 13:45:00,125341.01365306538,125264.7006326489,125270.0,125325.0,125335.0,125220.0,14357444.0
2024-06-28 13:50:00,125326.78116111022,125247.50455317549,125235.0,125275.0,125280.0,125175.0,15326946.5
2024-06-28 13:55:00,125323.49622023402,125247.93235119455,125350.0,125355.0,125370.0,125215.0,14331795.0
2024-06-28 14:00:00,125329.18245781046,125250.81754218954,125320.0,125380.0,125385.0,125305.0,14377017.0
2024-06-28 14:05:00,125342.35321570784,125253.36107000645,125360.0,125395.0,125395.0,125285.0,14776872.0
2024-06-28 14:10:00,125348.30860833712,125277.40567737717,125325.0,125385.0,125400.0,125245.0,15188865.5
2024-06-28 14:15:00,125350.36505853351,125278.20637003791,125340.0,125350.0,125380.0,125295.0,14076136.0
2024-06-28 14:20:00,125384.92828105934,125290.78600465495,125435.0,125465.0,125465.0,125315.0,14181994.5
2024-06-28 14:25:00,125411.95256906672,125326.6188595047,125455.0,125490.0,125490.0,125415.0,14439514.5
2024-06-28 14:30:00,125423.75654590888,125334.81488266254,125420.0,125440.0,125455.0,125390.0,14862126.5
2024-06-28 14:35:00,125470.6435527468,125350.78501868178,125540.0,125545.0,125545.0,125395.0,14467901.0
2024-06-28 14:40:00,125522.09463933924,125366.47678923218,125595.0,125625.0,125625.0,125520.0,14504572.0
2024-06-28 14:45:00,125570.2270910089,125405.48719470539,125630.0,125635.0,125635.0,125555.0,13211962.0
2024-06-28 14:50:00,125599.6205522492,125456.0937334651,125620.0,125655.0,125655.0,125580.0,13867492.0
2024-06-28 14:55:00,125601.34336678476,125468.65663321524,125485.0,125620.0,125620.0,125470.0,15138589.5
2024-06-28 15:00:00,125601.56497337673,125471.2921694804,125465.0,125490.0,125495.0,125405.0,14840506.5
2024-06-28 15:05:00,125600.69532180743,125489.30467819257,125480.0,125510.0,125510.0,125355.0,15028697.0
2024-06-28 15:10:00,125595.48970831768,125477.36743453945,125480.0,125495.0,125500.0,125420.0,14138230.5
2024-06-28 15:15:00,125577.5009935559,125463.92757787267,125485.0,125570.0,125570.0,125480.0,13431260.0
2024-06-28 15:20:00,125539.48088738005,125446.23339833424,125435.0,125515.0,125515.0,125385.0,13837564.5
2024-06-28 15:25:00,125484.09694612015,125450.18876816556,125440.0,125470.0,125470.0,125380.0,14674625.0
2024-06-28 15:30:00,125486.18177145685,125408.10394282886,125345.0,125450.0,125450.0,125320.0,15182241.0
2024-06-28 15:35:00,125483.68370832493,125356.31629167507,125275.0,125335.0,125350.0,125250.0,16201423.5
2024-06-28 15:40:00,125465.0682119142,125303.50321665722,125230.0,125290.0,125295.0,125215.0,14530708.0
2024-06-28 15:45:00,125433.59638349066,125253.54647365221,125195.0,125225.0,125235.0,125020.0,15454020.5
2024-06-28 15:50:00,125388.09700054894,125231.90299945106,125250.0,125265.0,125265.0,125135.0,14295893.0
2024-06-28 15:55:00,125358.948716161,125228.19414098187,125320.0,125330.0,125335.0,125245.0,14720845.5
2024-06-28 16:00:00,125305.38478634719,125218.90092793852,125220.0,125355.0,125360.0,125200.0,15145724.0
2024-06-28 16:05:00,125276.77186910772,125207.513845178,125205.0,125300.0,125310.0,125180.0,14451864.5
2024-06-28 16:10:00,125266.81521924767,125177.47049503804,125135.0,125230.0,125230.0,125095.0,14509045.5
2024-06-28 16:15:00,125260.43337239724,125150.99519903134,125115.0,125220.0,125220.0,125085.0,14153517.5
2024-06-28 16:20:00,125261.06551783007,125151.79162502706,125200.0,125215.0,125220.0,125085.0,14120058.0
2024-06-28 16:25:00,125264.62845561032,125152.51440153255,125265.0,125270.0,125275.0,125175.0,14576472.5
2024-06-28 16:30:00,125244.05014130942,125154.521287262,125255.0,125275.0,125280.0,125125.0,14871995.5
2024-06-28 16:35:00,125245.03118202224,125154.96881797776,125225.0,125285.0,125285.0,125155.0,14913402.0
2024-06-28 16:40:00,125257.70447624517,125159.4383808977,125265.0,125355.0,125355.0,125200.0,15324503.0
2024-06-28 16:45:00,125283.23484062176,125183.9080165211,125310.0,125375.0,125375.0,125270.0,14777904.0
2024-06-28 16:50:00,125318.21259055573,125224.6445523014,125380.0,125405.0,125410.0,125305.0,16697821.0
2024-06-28 16:55:00,125370.86181800811,125243.4238962776,125450.0,125460.0,125460.0,125335.0,17243026.5
2024-06-28 17:00:00,125389.81167778448,125258.75975078694,125385.0,125495.0,125495.0,125380.0,15929724.0
2024-06-28 17:05:00,125398.88793826321,125276.82634745107,125350.0,125395.0,125395.0,125315.0,16307661.5
2024-06-28 17:10:00,125412.32978875373,125314.81306838914,125405.0,125425.0,125425.0,125335.0,14619190.0
2024-06-28 17:15:00,125410.36796778384,125333.91774650187,125325.0,125415.0,125415.0,125285.0,14552145.5
2024-06-28 17:20:00,125411.50063582296,125325.64222131991,125285.0,125350.0,125350.0,125280.0,13257786.5
2024-06-28 17:25:00,125404.26475939264,125308.5923834645,125295.0,125315.0,125315.0,125260.0,15235261.5
2024-06-28 17:30:00,125373.308608337,125302.40567737729,125320.0,125360.0,125360.0,125265.0,15100368.5
2024-06-28 17:35:00,125358.36283129924,125293.06574012934,125300.0,125330.0,125330.0,125280.0,14397479.0
2024-06-28 17:40:00,125352.30241590893,125289.12615551965,125315.0,125330.0,125330.0,125295.0,13796172.5
2024-06-28 17:45:00,125337.84002136694,125293.58855006164,125370.0,125375.0,125375.0,125305.0,14863551.5
2024-06-28 17:50:00,125343.66489441428,125294.90653415714,125350.0,125375.0,125375.0,125330.0,12735759.0
2024-06-28 17:55:00,125346.9950162519,125304.43355517669,125330.0,125355.0,125355.0,125305.0,11580513.5
